T,T1,code,name,boards,theme,rank,fb,yizi,amt,amt_rank_layer,n_same_theme_tier,n_theme_ge2,first_seal_sec,seal_rank_theme,anchor_type,down_h,dead_h,is_anchor,cont,score,pts_rank,pts_seal_time,pts_seal_rank,pts_is_anchor,pts_yizi,pts_down_h,pts_anchor_type,pts_theme_compete,pts_amt_rank,score_rank,quintile
2026-04-15,2026-04-16,002297,博云新材,3,商业航天,3,3,1,1.43,2,1,1,-300,1,anchor_nat_yizi,3,6,1,1,97.5,7.5,0.0,14.71,8.82,23.53,5.88,10.59,17.65,8.82,1,1
2025-10-30,2025-10-31,002790,瑞尔特,3,福建,3,3,1,1.04,3,1,1,-300,1,anchor_nat_yizi,3,5,1,1,96.62,7.5,0.0,14.71,8.82,23.53,5.88,10.59,17.65,7.94,2,1
2026-05-14,2026-05-15,603007,花王股份,3,通信,3,4,1,2.68,3,1,1,-248,1,anchor_nat_yizi,3,6,1,0,96.62,7.5,0.0,14.71,8.82,23.53,5.88,10.59,17.65,7.94,3,1
2026-05-22,2026-05-25,600611,大众交通,3,芯片,3,11,1,3.58,3,1,3,-242,1,anchor_nat_yizi,3,4,1,0,96.62,7.5,0.0,14.71,8.82,23.53,5.88,10.59,17.65,7.94,4,1
2026-06-11,2026-06-12,600500,中化国际,3,通信,3,6,1,2.8,3,1,1,-266,1,anchor_nat_yizi,3,4,1,0,96.62,7.5,0.0,14.71,8.82,23.53,5.88,10.59,17.65,7.94,5,1
2026-06-24,2026-06-25,002674,兴业科技,4,芯片,1,28,1,0.55,3,1,3,-241,1,anchor_nat_yizi,4,5,1,1,96.47,8.82,0.0,14.71,8.82,23.53,4.41,10.59,17.65,7.94,6,1
2025-12-30,2025-12-31,002931,锋龙股份,5,机器人概念,1,12,1,0.04,2,1,7,-300,1,anchor_nat_yizi,5,8,1,1,96.18,8.82,0.0,14.71,8.82,23.53,3.24,10.59,17.65,8.82,7,1
2026-05-19,2026-05-20,603082,北自科技,4,机器人概念,1,13,1,2.64,1,1,1,1,1,anchor_nat_yizi,4,4,1,0,94.71,8.82,0.0,14.71,8.82,23.53,4.41,10.59,17.65,6.18,8,1
2025-12-04,2025-12-05,002300,太阳电缆,3,海峡两岸,6,1,1,1.42,2,1,1,-241,1,anchor_nat_yizi,3,6,1,1,93.97,3.97,0.0,14.71,8.82,23.53,5.88,10.59,17.65,8.82,9,1
2025-11-10,2025-11-11,002083,孚日股份,3,锂电池,1,7,1,1.56,4,1,2,-300,1,anchor_nat_yizi,3,9,1,1,93.53,8.82,0.0,14.71,8.82,23.53,5.88,10.59,17.65,3.53,10,1
2026-03-03,2026-03-04,603318,水发燃气,3,天然气,1,22,1,1.35,4,1,2,-252,1,anchor_nat_yizi,3,3,1,1,93.53,8.82,0.0,14.71,8.82,23.53,5.88,10.59,17.65,3.53,11,1
2026-05-12,2026-05-13,002918,蒙娜丽莎,3,芯片,1,9,1,0.56,4,1,2,-300,1,anchor_nat_yizi,3,5,1,1,93.53,8.82,0.0,14.71,8.82,23.53,5.88,10.59,17.65,3.53,12,1
2026-06-17,2026-06-18,601636,旗滨集团,3,芯片,1,17,1,5.64,8,1,3,-252,1,anchor_nat_yizi,3,4,1,0,93.53,8.82,0.0,14.71,8.82,23.53,5.88,10.59,17.65,3.53,13,1
2026-04-08,2026-04-09,000586,汇源通信,4,通信,2,18,1,0.87,1,1,3,-300,1,anchor_nat_yizi,4,7,1,1,93.38,7.5,0.0,14.71,8.82,23.53,4.41,10.59,17.65,6.18,14,1
2025-10-31,2025-11-03,002790,瑞尔特,4,福建,6,2,1,1.0,2,1,3,-300,1,anchor_nat_yizi,4,5,1,0,92.5,3.97,0.0,14.71,8.82,23.53,4.41,10.59,17.65,8.82,15,1
2025-11-14,2025-11-17,002083,孚日股份,7,锂电池,3,6,1,0.74,1,1,4,-300,1,anchor_nat_yizi,7,8,1,1,92.21,7.5,0.0,14.71,8.82,23.53,3.24,10.59,17.65,6.18,16,1
2026-01-19,2026-01-20,002931,锋龙股份,14,机器人概念,2,10,1,2.18,1,1,2,-241,1,anchor_nat_yizi,14,5,1,1,92.21,7.5,0.0,14.71,8.82,23.53,3.24,10.59,17.65,6.18,17,1
2026-04-20,2026-04-21,600961,株冶集团,3,一季报增长,3,4,1,1.24,4,1,1,-258,1,anchor_nat_yizi,3,7,1,1,92.21,7.5,0.0,14.71,8.82,23.53,5.88,10.59,17.65,3.53,18,1
2026-05-06,2026-05-07,603399,永杉锂业,4,锂电池,6,3,1,1.63,3,1,3,-266,1,anchor_nat_yizi,4,4,1,0,91.62,3.97,0.0,14.71,8.82,23.53,4.41,10.59,17.65,7.94,19,1
2026-02-10,2026-02-11,002455,百川股份,3,化工,4,2,1,1.23,1,1,1,-300,1,anchor_nat_yizi,3,4,1,1,91.32,3.97,0.0,14.71,8.82,23.53,5.88,10.59,17.65,6.18,20,1
2025-11-27,2025-11-28,600828,茂业商业,3,零售,18,0,1,0.41,2,1,2,-251,1,anchor_nat_yizi,3,5,1,1,90.88,0.88,0.0,14.71,8.82,23.53,5.88,10.59,17.65,8.82,21,1
2026-02-02,2026-02-03,603172,万丰股份,3,化工,14,0,1,1.49,2,1,1,-265,1,anchor_nat_yizi,3,5,1,1,90.88,0.88,0.0,14.71,8.82,23.53,5.88,10.59,17.65,8.82,22,1
2026-04-24,2026-04-27,603318,水发燃气,3,燃气轮机,19,0,1,1.84,2,1,1,-241,1,anchor_nat_yizi,3,5,1,1,90.88,0.88,0.0,14.71,8.82,23.53,5.88,10.59,17.65,8.82,23,1
2026-06-02,2026-06-03,603890,春秋电子,3,AI PC,16,0,1,1.15,2,1,2,-265,1,anchor_nat_yizi,3,4,1,0,90.88,0.88,0.0,14.71,8.82,23.53,5.88,10.59,17.65,8.82,24,1
2025-12-16,2025-12-17,000890,法尔胜,4,通信,10,0,1,1.58,2,1,1,-300,1,anchor_nat_yizi,4,6,1,0,90.74,2.21,0.0,14.71,8.82,23.53,4.41,10.59,17.65,8.82,25,1
2025-11-21,2025-11-24,000017,深中华A,3,黄金,12,0,1,0.94,3,1,1,-300,1,anchor_nat_yizi,3,7,1,0,90.0,0.88,0.0,14.71,8.82,23.53,5.88,10.59,17.65,7.94,26,1
2026-07-03,2026-07-06,600793,宜宾纸业,3,造纸,29,0,1,0.59,3,1,1,1,1,anchor_nat_yizi,3,4,1,1,90.0,0.88,0.0,14.71,8.82,23.53,5.88,10.59,17.65,7.94,27,1
2026-07-17,2026-07-20,002677,浙江美大,3,实控人变更,13,0,1,0.55,3,1,1,-300,1,anchor_nat_yizi,3,5,1,0,90.0,0.88,0.0,14.71,8.82,23.53,5.88,10.59,17.65,7.94,28,1
2025-11-28,2025-12-01,002792,通宇通讯,2,商业航天,1,11,1,1.74,4,1,1,-300,1,anchor_nat_yizi,2,4,1,1,89.71,8.82,0.0,14.71,8.82,23.53,2.06,10.59,17.65,3.53,29,1
2025-10-14,2025-10-15,600078,澄星股份,4,固态电池,21,0,1,0.73,2,1,1,-259,1,anchor_nat_yizi,4,4,1,0,89.41,0.88,0.0,14.71,8.82,23.53,4.41,10.59,17.65,8.82,30,1
2026-03-19,2026-03-20,000020,深华发Ａ,4,地产链,11,0,1,0.69,2,1,1,-300,1,anchor_nat_yizi,4,5,1,1,89.41,0.88,0.0,14.71,8.82,23.53,4.41,10.59,17.65,8.82,31,1
2026-04-22,2026-04-23,002081,金螳螂,4,商业航天,17,0,1,3.03,2,1,3,-300,1,anchor_nat_yizi,4,4,1,1,89.41,0.88,0.0,14.71,8.82,23.53,4.41,10.59,17.65,8.82,32,1
2026-03-26,2026-03-27,000720,新能泰山,3,智能电网,4,3,1,1.06,4,1,1,-300,1,anchor_nat_yizi,3,8,1,1,88.68,3.97,0.0,14.71,8.82,23.53,5.88,10.59,17.65,3.53,33,1
2026-07-29,2026-07-30,003032,传智教育,3,AI应用,6,4,1,0.77,4,1,2,-300,1,anchor_nat_yizi,3,4,1,1,88.68,3.97,0.0,14.71,8.82,23.53,5.88,10.59,17.65,3.53,34,1
2025-12-16,2025-12-17,600865,百大集团,4,零售,2,6,1,1.23,3,1,3,-260,1,anchor_nat_yizi,4,6,0,1,88.53,7.5,0.0,14.71,2.21,23.53,4.41,10.59,17.65,7.94,35,1
2026-04-21,2026-04-22,600961,株冶集团,4,一季报增长,10,1,1,3.17,1,1,1,-263,1,anchor_nat_yizi,4,6,1,0,88.09,2.21,0.0,14.71,8.82,23.53,4.41,10.59,17.65,6.18,36,1
2026-02-24,2026-02-25,605033,美邦股份,4,农业,25,0,1,0.94,1,1,1,-267,1,anchor_nat_yizi,4,5,1,0,86.76,0.88,0.0,14.71,8.82,23.53,4.41,10.59,17.65,6.18,37,1
2025-12-10,2025-12-11,600693,东百集团,4,零售,5,3,1,0.6,2,1,5,-264,2,anchor_nat_yizi,4,6,1,1,85.88,3.97,0.0,8.09,8.82,23.53,4.41,10.59,17.65,8.82,38,1
2025-10-24,2025-10-27,000620,盈新发展,5,并购重组,18,0,1,0.36,1,1,1,-300,1,anchor_nat_yizi,5,8,1,1,85.59,0.88,0.0,14.71,8.82,23.53,3.24,10.59,17.65,6.18,39,1
2025-10-29,2025-10-30,000592,平潭发展,5,福建,18,0,1,1.29,1,1,2,-300,1,anchor_nat_yizi,5,7,1,0,85.59,0.88,0.0,14.71,8.82,23.53,3.24,10.59,17.65,6.18,40,1
2025-11-26,2025-11-27,600734,实达集团,5,人工智能,2,5,1,2.71,1,1,4,-244,2,anchor_nat_yizi,5,5,1,0,85.59,7.5,0.0,8.09,8.82,23.53,3.24,10.59,17.65,6.18,41,1
2025-12-19,2025-12-22,002788,鹭燕医药,3,医药,14,1,1,0.49,4,1,1,-300,1,anchor_nat_yizi,3,6,1,1,85.59,0.88,0.0,14.71,8.82,23.53,5.88,10.59,17.65,3.53,42,1
2026-06-03,2026-06-04,603330,天洋新材,3,通信,3,5,1,1.01,5,1,3,-253,2,anchor_nat_yizi,3,3,1,1,85.59,7.5,0.0,8.09,8.82,23.53,5.88,10.59,17.65,3.53,43,1
2026-06-23,2026-06-24,002674,兴业科技,3,芯片,2,9,1,0.19,5,1,2,-300,1,anchor_nat_yizi,3,5,0,1,85.59,7.5,0.0,14.71,2.21,23.53,5.88,10.59,17.65,3.53,44,1
2026-02-12,2026-02-13,600589,大位科技,4,算力,1,11,1,3.45,4,1,1,-247,1,anchor_nat_yizi,4,4,0,0,85.44,8.82,0.0,14.71,2.21,23.53,4.41,10.59,17.65,3.53,45,1
2026-01-30,2026-02-02,603172,万丰股份,2,化工,5,3,1,0.38,5,1,2,-264,1,anchor_nat_yizi,2,8,1,1,84.85,3.97,0.0,14.71,8.82,23.53,2.06,10.59,17.65,3.53,46,1
2026-06-01,2026-06-02,603890,春秋电子,2,AI PC,5,7,1,1.18,8,1,1,-244,1,anchor_nat_yizi,2,5,1,1,84.85,3.97,0.0,14.71,8.82,23.53,2.06,10.59,17.65,3.53,47,1
2026-05-08,2026-05-11,603045,福达合金,4,算力,3,6,1,1.04,1,1,4,-245,3,anchor_nat_yizi,4,5,1,1,83.82,7.5,0.0,5.15,8.82,23.53,4.41,10.59,17.65,6.18,48,1
2026-02-02,2026-02-03,603103,横店影视,3,文化传媒,14,0,1,0.75,3,1,1,-255,1,anchor_nat_yizi,3,5,0,1,83.38,0.88,0.0,14.71,2.21,23.53,5.88,10.59,17.65,7.94,49,1
2025-10-10,2025-10-13,603011,合锻智能,3,核电,7,2,1,1.3,1,1,3,-250,2,anchor_nat_yizi,3,4,1,1,82.94,2.21,0.0,8.09,8.82,23.53,5.88,10.59,17.65,6.18,50,1
2026-05-26,2026-05-27,002388,新亚制程,2,华为概念,17,0,1,0.79,7,1,1,-300,1,anchor_nat_yizi,2,4,1,0,81.76,0.88,0.0,14.71,8.82,23.53,2.06,10.59,17.65,3.53,51,1
2026-07-08,2026-07-09,001229,魅视科技,2,物理AI,20,0,1,0.48,6,1,2,-300,1,anchor_nat_yizi,2,5,1,0,81.76,0.88,0.0,14.71,8.82,23.53,2.06,10.59,17.65,3.53,52,1
2025-11-18,2025-11-19,601566,九牧王,5,海峡两岸,17,0,1,3.03,1,1,3,-266,2,anchor_nat_yizi,5,8,1,1,78.97,0.88,0.0,8.09,8.82,23.53,3.24,10.59,17.65,6.18,53,1
2026-06-23,2026-06-24,002167,东方锆业,3,非金属材料,9,2,1,19.13,1,2,2,-300,1,anchor_nat_yizi,3,5,1,1,78.09,2.21,0.0,14.71,8.82,23.53,5.88,10.59,6.18,6.18,54,1
2025-12-01,2025-12-02,002792,通宇通讯,3,商业航天,6,1,1,0.81,4,1,5,-300,4,anchor_nat_yizi,3,4,1,1,76.18,3.97,0.0,2.21,8.82,23.53,5.88,10.59,17.65,3.53,55,1
2025-11-21,2025-11-24,603216,梦天家居,3,地产链,3,2,0,5.64,2,1,2,-249,1,anchor_nat_yizi,3,7,0,1,75.59,7.5,0.0,14.71,2.21,8.24,5.88,10.59,17.65,8.82,56,1
2025-11-28,2025-12-01,002632,道明光学,2,消费电子,25,0,1,1.34,5,1,1,-300,1,anchor_nat_yizi,2,4,0,1,75.15,0.88,0.0,14.71,2.21,23.53,2.06,10.59,17.65,3.53,57,1
2026-03-05,2026-03-06,605268,王力安防,2,地产链,26,0,1,0.47,7,1,1,-265,1,anchor_nat_yizi,2,4,0,1,75.15,0.88,0.0,14.71,2.21,23.53,2.06,10.59,17.65,3.53,58,1
2026-05-26,2026-05-27,600162,香江控股,2,地产链,17,0,1,0.62,8,1,1,-249,1,anchor_nat_yizi,2,4,0,1,75.15,0.88,0.0,14.71,2.21,23.53,2.06,10.59,17.65,3.53,59,1
2025-12-11,2025-12-12,603601,再升科技,4,商业航天,1,7,0,6.78,2,1,3,2,1,anchor_reorg,4,6,0,1,74.85,8.82,0.0,14.71,2.21,8.24,4.41,10.0,17.65,8.82,60,2
2025-12-19,2025-12-22,002188,中天服务,3,地产链,2,4,0,3.02,3,1,2,9,1,anchor_nat_yizi,3,6,0,0,74.71,7.5,0.0,14.71,2.21,8.24,5.88,10.59,17.65,7.94,61,2
2026-03-26,2026-03-27,603538,美诺华,3,医药,2,4,0,10.14,3,1,1,222,1,anchor_nat_yizi,3,8,0,1,74.71,7.5,0.0,14.71,2.21,8.24,5.88,10.59,17.65,7.94,62,2
2026-07-29,2026-07-30,605068,明新旭腾,3,机器人概念,3,5,0,1.05,3,1,2,-263,1,anchor_nat_yizi,3,4,0,1,74.71,7.5,0.0,14.71,2.21,8.24,5.88,10.59,17.65,7.94,63,2
2026-03-26,2026-03-27,002192,融捷股份,3,锂电池,2,4,0,28.4,1,1,1,1113,1,anchor_nat_yizi,3,8,0,1,72.94,7.5,0.0,14.71,2.21,8.24,5.88,10.59,17.65,6.18,64,2
2026-04-10,2026-04-13,000889,中嘉博创,3,算力,3,4,0,7.76,1,1,3,-300,1,anchor_reorg,3,5,0,0,72.35,7.5,0.0,14.71,2.21,8.24,5.88,10.0,17.65,6.18,65,2
2025-11-25,2025-11-26,688227,品高股份,3,芯片,4,6,0,6.94,2,1,1,-268,1,anchor_nat_yizi,3,7,0,0,72.06,3.97,0.0,14.71,2.21,8.24,5.88,10.59,17.65,8.82,66,2
2025-11-28,2025-12-01,603933,睿能科技,2,海峡两岸,2,6,0,7.58,2,1,1,12615,1,anchor_nat_yizi,2,4,0,1,71.76,7.5,0.0,14.71,2.21,8.24,2.06,10.59,17.65,8.82,67,2
2026-07-08,2026-07-09,002841,视源股份,2,中报增长,2,3,0,13.48,2,1,1,264,1,anchor_nat_yizi,2,5,0,1,71.76,7.5,0.0,14.71,2.21,8.24,2.06,10.59,17.65,8.82,68,2
2026-06-23,2026-06-24,600851,海欣股份,3,医药,1,13,0,4.35,4,1,1,183,1,anchor_nat_yizi,3,5,0,0,71.62,8.82,0.0,14.71,2.21,8.24,5.88,10.59,17.65,3.53,69,2
2025-10-31,2025-11-03,603122,合富中国,4,医药,2,7,0,4.79,1,1,1,77,1,anchor_nat_yizi,4,5,0,1,71.47,7.5,0.0,14.71,2.21,8.24,4.41,10.59,17.65,6.18,70,2
2025-12-01,2025-12-02,603933,睿能科技,3,存储,6,1,0,3.09,3,1,1,74,1,anchor_nat_yizi,3,4,0,1,71.18,3.97,0.0,14.71,2.21,8.24,5.88,10.59,17.65,7.94,71,2
2026-05-21,2026-05-22,600611,大众交通,2,芯片,2,3,0,8.32,2,1,2,522,1,anchor_reorg,2,4,0,1,71.18,7.5,0.0,14.71,2.21,8.24,2.06,10.0,17.65,8.82,72,2
2026-04-29,2026-04-30,603399,永杉锂业,2,锂电池,2,16,0,10.38,3,1,1,1619,1,anchor_nat_yizi,2,5,0,1,70.88,7.5,0.0,14.71,2.21,8.24,2.06,10.59,17.65,7.94,73,2
2026-05-26,2026-05-27,600726,华电能源,2,电力,3,3,0,15.19,3,1,1,594,1,anchor_nat_yizi,2,4,0,1,70.88,7.5,0.0,14.71,2.21,8.24,2.06,10.59,17.65,7.94,74,2
2025-12-19,2025-12-22,002910,庄园牧场,3,食品饮料,7,2,0,5.47,2,1,1,3255,1,anchor_nat_yizi,3,6,0,1,70.29,2.21,0.0,14.71,2.21,8.24,5.88,10.59,17.65,8.82,75,2
2026-03-26,2026-03-27,000722,湖南发展,3,电力,1,5,0,20.21,2,1,3,18,2,anchor_nat_yizi,3,8,0,0,70.29,8.82,0.0,8.09,2.21,8.24,5.88,10.59,17.65,8.82,76,2
2026-07-14,2026-07-15,002379,宏桥控股,2,中报增长,1,24,0,18.28,1,1,1,15891,1,anchor_reorg,2,3,0,0,69.85,8.82,0.0,14.71,2.21,8.24,2.06,10.0,17.65,6.18,77,2
2025-11-21,2025-11-24,000859,国风新材,3,芯片,5,1,0,26.05,1,1,1,5523,1,anchor_nat_yizi,3,7,0,1,69.41,3.97,0.0,14.71,2.21,8.24,5.88,10.59,17.65,6.18,78,2
2025-12-01,2025-12-02,603778,国晟科技,3,锂电池,4,2,0,21.52,1,1,1,381,1,anchor_nat_yizi,3,4,0,0,69.41,3.97,0.0,14.71,2.21,8.24,5.88,10.59,17.65,6.18,79,2
2026-02-02,2026-02-03,000995,皇台酒业,3,酿酒,4,1,0,10.5,1,1,1,1110,1,anchor_nat_yizi,3,5,0,1,69.41,3.97,0.0,14.71,2.21,8.24,5.88,10.59,17.65,6.18,80,2
2026-05-22,2026-05-25,002442,龙星科技,3,化工,6,4,0,7.17,1,1,1,885,1,anchor_nat_yizi,3,4,0,0,69.41,3.97,0.0,14.71,2.21,8.24,5.88,10.59,17.65,6.18,81,2
2025-11-28,2025-12-01,603778,国晟科技,2,锂电池,3,4,0,12.8,1,1,1,499,1,anchor_nat_yizi,2,4,0,1,69.12,7.5,0.0,14.71,2.21,8.24,2.06,10.59,17.65,6.18,82,2
2025-12-01,2025-12-02,002632,道明光学,3,消费电子,24,0,0,11.17,2,1,1,630,1,anchor_nat_yizi,3,4,0,1,68.97,0.88,0.0,14.71,2.21,8.24,5.88,10.59,17.65,8.82,83,2
2026-04-20,2026-04-21,603052,可川科技,3,通信,2,6,0,17.26,2,1,2,3761,2,anchor_nat_yizi,3,7,0,0,68.97,7.5,0.0,8.09,2.21,8.24,5.88,10.59,17.65,8.82,84,2
2026-05-12,2026-05-13,600530,交大昂立,3,保健品,17,0,0,4.39,2,1,1,-247,1,anchor_nat_yizi,3,5,0,1,68.97,0.88,0.0,14.71,2.21,8.24,5.88,10.59,17.65,8.82,85,2
2026-05-22,2026-05-25,000518,四环生物,3,ST摘帽,25,0,0,7.05,2,1,1,3,1,anchor_nat_yizi,3,4,0,1,68.97,0.88,0.0,14.71,2.21,8.24,5.88,10.59,17.65,8.82,86,2
2026-06-23,2026-06-24,002068,黑猫股份,3,元器件,15,1,0,14.44,2,1,1,675,1,anchor_nat_yizi,3,5,0,0,68.97,0.88,0.0,14.71,2.21,8.24,5.88,10.59,17.65,8.82,87,2
2026-07-17,2026-07-20,600162,香江控股,3,算力,13,0,0,11.16,2,1,1,17841,1,anchor_nat_yizi,3,5,0,0,68.97,0.88,0.0,14.71,2.21,8.24,5.88,10.59,17.65,8.82,88,2
2026-07-29,2026-07-30,000428,华天酒店,3,旅游,29,0,0,1.75,2,1,1,-300,1,anchor_nat_yizi,3,4,0,0,68.97,0.88,0.0,14.71,2.21,8.24,5.88,10.59,17.65,8.82,89,2
2025-10-16,2025-10-17,002942,新农股份,3,化工,7,1,0,4.8,3,1,1,255,1,anchor_reorg,3,3,0,0,68.82,2.21,0.0,14.71,2.21,8.24,5.88,10.0,17.65,7.94,90,2
2025-10-16,2025-10-17,600403,大有能源,3,煤炭,5,2,0,8.7,1,1,1,380,1,anchor_reorg,3,3,0,1,68.82,3.97,0.0,14.71,2.21,8.24,5.88,10.0,17.65,6.18,91,2
2026-02-04,2026-02-05,000533,顺钠股份,3,智能电网,5,3,0,10.43,1,1,1,93,1,anchor_reorg,3,4,0,0,68.82,3.97,0.0,14.71,2.21,8.24,5.88,10.0,17.65,6.18,92,2
2026-02-06,2026-02-09,002506,协鑫集成,3,光伏,6,3,0,74.98,1,1,1,15756,1,anchor_reorg,3,3,0,1,68.82,3.97,0.0,14.71,2.21,8.24,5.88,10.0,17.65,6.18,93,2
2025-10-16,2025-10-17,000626,远大控股,3,食品饮料,17,0,0,5.37,2,1,1,825,1,anchor_reorg,3,3,0,1,68.38,0.88,0.0,14.71,2.21,8.24,5.88,10.0,17.65,8.82,94,2
2026-02-06,2026-02-09,600814,杭州解百,3,零售,20,0,0,7.46,2,1,1,-245,1,anchor_reorg,3,3,0,0,68.38,0.88,0.0,14.71,2.21,8.24,5.88,10.0,17.65,8.82,95,2
2025-12-12,2025-12-15,002639,雪人集团,2,核电,4,6,0,32.23,2,1,1,1491,1,anchor_nat_yizi,2,5,0,1,68.24,3.97,0.0,14.71,2.21,8.24,2.06,10.59,17.65,8.82,96,2
2025-11-10,2025-11-11,600939,重庆建工,3,重庆市,25,0,0,4.5,3,1,1,653,1,anchor_nat_yizi,3,9,0,0,68.09,0.88,0.0,14.71,2.21,8.24,5.88,10.59,17.65,7.94,97,2
2026-07-09,2026-07-10,000977,浪潮信息,2,中报增长,2,7,0,185.34,1,1,2,513,1,anchor_two,2,3,1,0,68.09,7.5,0.0,14.71,8.82,8.24,2.06,2.94,17.65,6.18,98,2
2026-03-19,2026-03-20,600396,华电辽能,4,风电,4,2,0,10.29,1,1,1,66,1,anchor_nat_yizi,4,5,0,1,67.94,3.97,0.0,14.71,2.21,8.24,4.41,10.59,17.65,6.18,99,2
2026-04-22,2026-04-23,003018,金富科技,4,算力,4,4,0,10.36,1,1,1,63,1,anchor_nat_yizi,4,4,0,0,67.94,3.97,0.0,14.71,2.21,8.24,4.41,10.59,17.65,6.18,100,2
2026-03-02,2026-03-03,603353,和顺石油,2,石油石化,1,24,0,9.38,11,1,1,31,1,anchor_nat_yizi,2,4,0,1,67.79,8.82,0.0,14.71,2.21,8.24,2.06,10.59,17.65,3.53,101,2
2026-07-08,2026-07-09,600094,大名城,2,算力,1,14,0,0.74,5,1,1,55,1,anchor_nat_yizi,2,5,0,0,67.79,8.82,0.0,14.71,2.21,8.24,2.06,10.59,17.65,3.53,102,2
2025-11-25,2025-11-26,000070,特发信息,3,算力,10,1,0,8.6,1,1,1,39,1,anchor_nat_yizi,3,7,0,1,67.65,2.21,0.0,14.71,2.21,8.24,5.88,10.59,17.65,6.18,103,2
2025-12-19,2025-12-22,603585,苏利股份,3,农业,7,2,0,6.05,1,1,1,2959,1,anchor_nat_yizi,3,6,0,0,67.65,2.21,0.0,14.71,2.21,8.24,5.88,10.59,17.65,6.18,104,2
2026-06-09,2026-06-10,002747,埃斯顿,2,机器人概念,5,6,0,27.77,2,1,1,669,1,anchor_reorg,2,6,0,0,67.65,3.97,0.0,14.71,2.21,8.24,2.06,10.0,17.65,8.82,105,2
2026-07-03,2026-07-06,605189,富春染织,3,机器人概念,1,41,0,3.56,1,1,2,13704,2,anchor_nat_yizi,3,4,0,0,67.65,8.82,0.0,8.09,2.21,8.24,5.88,10.59,17.65,6.18,106,2
2026-07-14,2026-07-15,603065,宿迁联盛,2,芯片,6,3,0,12.28,2,1,1,1597,1,anchor_reorg,2,3,0,0,67.65,3.97,0.0,14.71,2.21,8.24,2.06,10.0,17.65,8.82,107,2
2026-07-29,2026-07-30,001358,兴欣新材,3,芯片,9,2,0,3.18,1,1,1,111,1,anchor_nat_yizi,3,4,0,0,67.65,2.21,0.0,14.71,2.21,8.24,5.88,10.59,17.65,6.18,108,2
2026-02-12,2026-02-13,002323,雅博股份,4,光伏,19,0,0,8.37,2,1,1,432,1,anchor_nat_yizi,4,4,0,0,67.5,0.88,0.0,14.71,2.21,8.24,4.41,10.59,17.65,8.82,109,2
2026-05-06,2026-05-07,600379,宝光股份,4,芯片,2,17,0,4.92,2,1,4,33,2,anchor_nat_yizi,4,4,0,0,67.5,7.5,0.0,8.09,2.21,8.24,4.41,10.59,17.65,8.82,110,2
2026-05-18,2026-05-19,600578,京能电力,4,电力,6,4,0,18.38,1,1,1,95,1,anchor_reorg,4,6,0,0,67.35,3.97,0.0,14.71,2.21,8.24,4.41,10.0,17.65,6.18,111,2
2026-07-08,2026-07-09,001365,天海电子,2,机器人概念,4,2,0,9.73,3,1,1,13044,1,anchor_nat_yizi,2,5,0,0,67.35,3.97,0.0,14.71,2.21,8.24,2.06,10.59,17.65,7.94,112,2
2026-07-28,2026-07-29,001358,兴欣新材,2,芯片,1,10,0,0.71,13,1,1,342,1,anchor_reorg,2,5,0,1,67.21,8.82,0.0,14.71,2.21,8.24,2.06,10.0,17.65,3.53,113,2
2025-12-22,2025-12-23,002910,庄园牧场,4,食品饮料,11,1,0,5.05,2,1,2,216,1,anchor_reorg,4,4,0,0,66.91,0.88,0.0,14.71,2.21,8.24,4.41,10.0,17.65,8.82,114,2
2026-06-17,2026-06-18,000777,中核科技,3,中字头,6,2,0,17.02,4,1,1,-300,1,anchor_nat_yizi,3,4,0,0,66.76,3.97,0.0,14.71,2.21,8.24,5.88,10.59,17.65,3.53,115,2
2026-06-17,2026-06-18,603115,海星股份,3,电阻电容,6,2,0,5.31,9,1,2,410,1,anchor_nat_yizi,3,4,0,0,66.76,3.97,0.0,14.71,2.21,8.24,5.88,10.59,17.65,3.53,116,2
2025-12-12,2025-12-15,002471,中超控股,2,燃气轮机,2,9,0,10.06,4,1,1,60,1,anchor_nat_yizi,2,5,0,1,66.47,7.5,0.0,14.71,2.21,8.24,2.06,10.59,17.65,3.53,117,2
2026-01-26,2026-01-27,600986,浙文互联,2,人工智能,7,2,0,63.67,2,1,1,-244,1,anchor_nat_yizi,2,18,0,0,66.47,2.21,0.0,14.71,2.21,8.24,2.06,10.59,17.65,8.82,118,2
2026-02-25,2026-02-26,600397,江钨装备,2,有色金属,2,8,0,30.36,5,1,1,15921,1,anchor_nat_yizi,2,4,0,0,66.47,7.5,0.0,14.71,2.21,8.24,2.06,10.59,17.65,3.53,119,3
2026-06-01,2026-06-02,002081,金螳螂,2,地产链,10,2,0,41.36,2,1,1,948,1,anchor_nat_yizi,2,5,0,0,66.47,2.21,0.0,14.71,2.21,8.24,2.06,10.59,17.65,8.82,120,3
2025-10-30,2025-10-31,603122,合富中国,3,医药零售,13,0,0,7.01,1,1,1,557,1,anchor_nat_yizi,3,5,0,1,66.32,0.88,0.0,14.71,2.21,8.24,5.88,10.59,17.65,6.18,121,3
2025-11-27,2025-11-28,000510,新金路,3,有色金属,18,0,0,8.19,1,1,1,-300,1,anchor_nat_yizi,3,5,0,0,66.32,0.88,0.0,14.71,2.21,8.24,5.88,10.59,17.65,6.18,122,3
2025-12-04,2025-12-05,603696,安记食品,3,食品饮料,12,0,0,8.17,1,1,1,24,1,anchor_nat_yizi,3,6,0,1,66.32,0.88,0.0,14.71,2.21,8.24,5.88,10.59,17.65,6.18,123,3
2026-03-03,2026-03-04,600108,亚盛集团,3,有色金属,11,0,0,22.49,1,1,1,115,1,anchor_nat_yizi,3,3,0,1,66.32,0.88,0.0,14.71,2.21,8.24,5.88,10.59,17.65,6.18,124,3
2026-04-15,2026-04-16,002124,天邦食品,3,农业,22,0,0,12.11,1,1,1,138,1,anchor_nat_yizi,3,6,0,0,66.32,0.88,0.0,14.71,2.21,8.24,5.88,10.59,17.65,6.18,125,3
2026-04-20,2026-04-21,603268,松发股份,3,ST摘帽,14,1,0,17.45,1,1,1,279,1,anchor_nat_yizi,3,7,0,0,66.32,0.88,0.0,14.71,2.21,8.24,5.88,10.59,17.65,6.18,126,3
2026-04-24,2026-04-27,001234,泰慕士,3,服装家纺,19,0,0,4.51,1,1,1,1005,1,anchor_nat_yizi,3,5,0,0,66.32,0.88,0.0,14.71,2.21,8.24,5.88,10.59,17.65,6.18,127,3
2026-06-02,2026-06-03,600280,中央商场,3,零售,16,0,0,5.52,1,1,1,1557,1,anchor_nat_yizi,3,4,0,0,66.32,0.88,0.0,14.71,2.21,8.24,5.88,10.59,17.65,6.18,128,3
2026-04-01,2026-04-02,002560,通达股份,2,年报增长,7,2,0,9.81,2,1,1,192,1,anchor_reorg,2,4,0,1,65.88,2.21,0.0,14.71,2.21,8.24,2.06,10.0,17.65,8.82,129,3
2026-06-09,2026-06-10,603929,亚翔集成,2,芯片,2,26,0,6.72,6,1,1,150,1,anchor_reorg,2,6,0,0,65.88,7.5,0.0,14.71,2.21,8.24,2.06,10.0,17.65,3.53,130,3
2026-07-14,2026-07-15,001388,信通电子,2,机器人概念,2,7,0,1.02,4,1,1,162,1,anchor_reorg,2,3,0,1,65.88,7.5,0.0,14.71,2.21,8.24,2.06,10.0,17.65,3.53,131,3
2026-07-28,2026-07-29,003032,传智教育,2,AI应用,2,9,0,2.26,8,1,1,1074,1,anchor_reorg,2,5,0,1,65.88,7.5,0.0,14.71,2.21,8.24,2.06,10.0,17.65,3.53,132,3
2026-02-05,2026-02-06,600683,京投发展,3,地产链,22,0,0,4.46,1,1,1,132,1,anchor_reorg,3,4,0,0,65.74,0.88,0.0,14.71,2.21,8.24,5.88,10.0,17.65,6.18,133,3
2026-01-30,2026-02-02,002995,天地在线,2,人工智能,4,4,0,19.15,1,1,1,579,1,anchor_nat_yizi,2,8,0,0,65.59,3.97,0.0,14.71,2.21,8.24,2.06,10.59,17.65,6.18,134,3
2026-03-02,2026-03-03,002155,湖南黄金,2,黄金,4,5,0,107.3,1,1,1,17391,1,anchor_nat_yizi,2,4,0,0,65.59,3.97,0.0,14.71,2.21,8.24,2.06,10.59,17.65,6.18,135,3
2026-03-16,2026-03-17,603929,亚翔集成,2,芯片,1,7,0,14.1,2,1,1,1148,1,anchor_two,2,4,0,1,65.44,8.82,0.0,14.71,2.21,8.24,2.06,2.94,17.65,8.82,136,3
2026-07-09,2026-07-10,603928,兴业股份,2,芯片,1,34,0,11.72,2,1,1,147,1,anchor_two,2,3,0,0,65.44,8.82,0.0,14.71,2.21,8.24,2.06,2.94,17.65,8.82,137,3
2026-02-25,2026-02-26,600759,洲际油气,2,石油石化,21,0,0,54.8,2,1,1,1564,1,anchor_nat_yizi,2,4,0,0,65.15,0.88,0.0,14.71,2.21,8.24,2.06,10.59,17.65,8.82,138,3
2026-04-20,2026-04-21,600156,华升股份,3,算力,3,4,0,3.57,3,1,4,76,3,anchor_nat_yizi,3,7,0,0,65.15,7.5,0.0,5.15,2.21,8.24,5.88,10.59,17.65,7.94,139,3
2026-05-21,2026-05-22,000518,四环生物,2,ST摘帽,8,1,0,6.65,3,1,1,177,1,anchor_reorg,2,4,0,1,65.0,2.21,0.0,14.71,2.21,8.24,2.06,10.0,17.65,7.94,140,3
2026-06-03,2026-06-04,600367,红星发展,3,元器件,10,1,0,5.52,4,1,1,78,1,anchor_nat_yizi,3,3,0,1,65.0,2.21,0.0,14.71,2.21,8.24,5.88,10.59,17.65,3.53,141,3
2026-07-28,2026-07-29,002310,东方新能,2,电力,5,2,0,10.64,1,1,1,1845,1,anchor_reorg,2,5,0,0,65.0,3.97,0.0,14.71,2.21,8.24,2.06,10.0,17.65,6.18,142,3
2025-10-14,2025-10-15,000969,安泰科技,4,稀土永磁,21,0,0,13.1,1,1,2,-300,1,anchor_nat_yizi,4,4,0,0,64.85,0.88,0.0,14.71,2.21,8.24,4.41,10.59,17.65,6.18,143,3
2025-12-16,2025-12-17,001208,华菱线缆,4,商业航天,3,5,0,14.05,1,1,3,15,2,anchor_nat_yizi,4,6,0,0,64.85,7.5,0.0,8.09,2.21,8.24,4.41,10.59,17.65,6.18,144,3
2026-05-14,2026-05-15,002208,合肥城建,3,芯片,1,10,0,18.88,1,1,3,861,3,anchor_nat_yizi,3,6,0,0,64.71,8.82,0.0,5.15,2.21,8.24,5.88,10.59,17.65,6.18,145,3
2025-10-15,2025-10-16,002942,新农股份,2,化工,23,0,0,3.09,2,1,1,1095,1,anchor_reorg,2,4,0,1,64.56,0.88,0.0,14.71,2.21,8.24,2.06,10.0,17.65,8.82,146,3
2026-03-12,2026-03-13,600722,金牛化工,2,化工,1,9,0,24.41,3,1,1,3563,1,anchor_two,2,4,0,1,64.56,8.82,0.0,14.71,2.21,8.24,2.06,2.94,17.65,7.94,147,3
2026-03-12,2026-03-13,601868,中国能建,2,智能电网,4,3,0,174.58,1,1,1,14602,1,anchor_two,2,4,1,0,64.56,3.97,0.0,14.71,8.82,8.24,2.06,2.94,17.65,6.18,148,3
2026-05-27,2026-05-28,002579,中京电子,2,通信,6,2,0,16.91,1,1,1,-241,1,anchor_two,2,3,1,1,64.56,3.97,0.0,14.71,8.82,8.24,2.06,2.94,17.65,6.18,149,3
2026-06-15,2026-06-16,601696,中银证券,2,证券,33,0,0,16.55,2,1,1,488,1,anchor_reorg,2,4,0,0,64.56,0.88,0.0,14.71,2.21,8.24,2.06,10.0,17.65,8.82,150,3
2025-12-22,2025-12-23,002788,鹭燕医药,4,医药,22,0,0,17.02,1,1,1,180,1,anchor_reorg,4,4,0,1,64.26,0.88,0.0,14.71,2.21,8.24,4.41,10.0,17.65,6.18,151,3
2026-01-30,2026-02-02,603103,横店影视,2,文化传媒,16,0,0,3.1,3,1,1,465,1,anchor_nat_yizi,2,8,0,1,64.26,0.88,0.0,14.71,2.21,8.24,2.06,10.59,17.65,7.94,152,3
2026-02-25,2026-02-26,000636,风华高科,2,元器件,21,0,0,44.42,3,1,1,72,1,anchor_nat_yizi,2,4,0,0,64.26,0.88,0.0,14.71,2.21,8.24,2.06,10.59,17.65,7.94,153,3
2026-07-01,2026-07-02,002167,东方锆业,2,非金属材料,43,0,0,39.66,3,1,1,135,1,anchor_nat_yizi,2,3,0,0,64.26,0.88,0.0,14.71,2.21,8.24,2.06,10.59,17.65,7.94,154,3
2025-10-15,2025-10-16,000626,远大控股,2,食品饮料,23,0,0,3.03,3,1,1,-300,1,anchor_reorg,2,4,0,1,63.68,0.88,0.0,14.71,2.21,8.24,2.06,10.0,17.65,7.94,155,3
2025-11-25,2025-11-26,001296,长江材料,3,3D打印,25,0,0,2.58,4,1,1,15,1,anchor_nat_yizi,3,7,0,0,63.68,0.88,0.0,14.71,2.21,8.24,5.88,10.59,17.65,3.53,156,3
2025-12-30,2025-12-31,603278,大业股份,5,商业航天,2,6,0,4.06,1,1,2,-269,2,anchor_nat_yizi,5,8,0,1,63.68,7.5,0.0,8.09,2.21,8.24,3.24,10.59,17.65,6.18,157,3
2026-04-01,2026-04-02,605162,新中港,2,电力,24,0,0,6.64,3,1,1,3175,1,anchor_reorg,2,4,0,1,63.68,0.88,0.0,14.71,2.21,8.24,2.06,10.0,17.65,7.94,158,3
2026-06-09,2026-06-10,001696,宗申动力,2,低空经济,15,1,0,11.9,3,1,1,462,1,anchor_reorg,2,6,0,0,63.68,0.88,0.0,14.71,2.21,8.24,2.06,10.0,17.65,7.94,159,3
2026-06-15,2026-06-16,000506,招金黄金,2,黄金,33,0,0,9.1,3,1,1,960,1,anchor_reorg,2,4,0,0,63.68,0.88,0.0,14.71,2.21,8.24,2.06,10.0,17.65,7.94,160,3
2026-04-01,2026-04-02,002821,凯莱英,2,医药,1,10,0,22.37,1,1,2,3726,2,anchor_reorg,2,4,0,0,63.24,8.82,0.0,8.09,2.21,8.24,2.06,10.0,17.65,6.18,161,3
2026-05-20,2026-05-21,605288,凯迪股份,2,机器人概念,2,4,0,4.81,3,1,1,17617,1,anchor_two,2,4,0,0,63.24,7.5,0.0,14.71,2.21,8.24,2.06,2.94,17.65,7.94,162,3
2026-06-30,2026-07-01,603459,红板科技,2,通信,3,9,0,33.37,3,1,1,16353,1,anchor_two,2,3,0,0,63.24,7.5,0.0,14.71,2.21,8.24,2.06,2.94,17.65,7.94,163,3
2025-12-12,2025-12-15,603929,亚翔集成,2,芯片,4,6,0,7.07,5,1,1,12947,1,anchor_nat_yizi,2,5,0,0,62.94,3.97,0.0,14.71,2.21,8.24,2.06,10.59,17.65,3.53,164,3
2026-03-02,2026-03-03,600498,烽火通信,2,通信,4,5,0,19.84,6,1,1,149,1,anchor_nat_yizi,2,4,0,0,62.94,3.97,0.0,14.71,2.21,8.24,2.06,10.59,17.65,3.53,165,3
2026-07-01,2026-07-02,002929,润建股份,2,算力,6,5,0,29.19,5,1,1,12621,1,anchor_nat_yizi,2,3,0,0,62.94,3.97,0.0,14.71,2.21,8.24,2.06,10.59,17.65,3.53,166,3
2026-06-11,2026-06-12,002971,和远气体,3,芯片,1,19,0,12.49,1,2,5,-300,1,anchor_nat_yizi,3,4,0,1,62.79,8.82,0.0,14.71,2.21,8.24,5.88,10.59,6.18,6.18,167,3
2026-07-03,2026-07-06,603559,中通国脉,3,ST摘帽,4,3,0,1.41,2,1,4,232,3,anchor_nat_yizi,3,4,0,0,62.5,3.97,0.0,5.15,2.21,8.24,5.88,10.59,17.65,8.82,168,3
2026-07-08,2026-07-09,301251,威尔高,2,电源,20,0,0,13.54,1,1,1,33,1,anchor_nat_yizi,2,5,0,0,62.5,0.88,0.0,14.71,2.21,8.24,2.06,10.59,17.65,6.18,169,3
2026-03-03,2026-03-04,603353,和顺石油,3,石油石化,3,4,0,9.82,3,1,23,128,8,anchor_nat_yizi,3,3,0,0,62.21,7.5,0.0,2.21,2.21,8.24,5.88,10.59,17.65,7.94,170,3
2025-10-15,2025-10-16,600403,大有能源,2,煤炭,23,0,0,4.22,1,1,1,315,1,anchor_reorg,2,4,0,1,61.91,0.88,0.0,14.71,2.21,8.24,2.06,10.0,17.65,6.18,171,3
2026-05-21,2026-05-22,002442,龙星科技,2,化工,15,0,0,9.88,1,1,1,534,1,anchor_reorg,2,4,0,1,61.91,0.88,0.0,14.71,2.21,8.24,2.06,10.0,17.65,6.18,172,3
2026-03-11,2026-03-12,600172,黄河旋风,2,金刚石概念,20,0,0,28.66,1,1,1,150,1,anchor_two,2,5,1,0,61.47,0.88,0.0,14.71,8.82,8.24,2.06,2.94,17.65,6.18,173,3
2026-05-20,2026-05-21,002782,可立克,2,智能电网,19,0,0,12.76,1,1,1,429,1,anchor_two,2,4,1,0,61.47,0.88,0.0,14.71,8.82,8.24,2.06,2.94,17.65,6.18,174,3
2026-01-26,2026-01-27,688323,瑞华泰,2,商业航天,7,2,0,8.31,7,1,1,636,1,anchor_nat_yizi,2,18,0,0,61.18,2.21,0.0,14.71,2.21,8.24,2.06,10.59,17.65,3.53,175,3
2026-03-02,2026-03-03,600452,涪陵电力,2,电力,10,1,0,12.15,9,1,1,34,1,anchor_nat_yizi,2,4,0,0,61.18,2.21,0.0,14.71,2.21,8.24,2.06,10.59,17.65,3.53,176,3
2026-03-02,2026-03-03,603318,水发燃气,2,天然气,7,2,0,6.88,15,1,1,129,1,anchor_nat_yizi,2,4,0,1,61.18,2.21,0.0,14.71,2.21,8.24,2.06,10.59,17.65,3.53,177,4
2026-03-02,2026-03-03,603629,利通电子,2,算力,10,1,0,27.9,5,1,1,2333,1,anchor_nat_yizi,2,4,0,0,61.18,2.21,0.0,14.71,2.21,8.24,2.06,10.59,17.65,3.53,178,4
2026-03-02,2026-03-03,603738,泰晶科技,2,元器件,10,1,0,17.07,7,1,1,12966,1,anchor_nat_yizi,2,4,0,0,61.18,2.21,0.0,14.71,2.21,8.24,2.06,10.59,17.65,3.53,179,4
2026-03-02,2026-03-03,603897,长城科技,2,智能电网,7,2,0,6.23,16,1,1,651,1,anchor_nat_yizi,2,4,0,0,61.18,2.21,0.0,14.71,2.21,8.24,2.06,10.59,17.65,3.53,180,4
2026-07-01,2026-07-02,000603,盛达资源,2,中报增长,7,4,0,12.67,9,1,1,2295,1,anchor_nat_yizi,2,3,0,0,61.18,2.21,0.0,14.71,2.21,8.24,2.06,10.59,17.65,3.53,181,4
2026-07-01,2026-07-02,002396,星网锐捷,2,通信,7,4,0,8.74,11,1,1,177,1,anchor_nat_yizi,2,3,0,0,61.18,2.21,0.0,14.71,2.21,8.24,2.06,10.59,17.65,3.53,182,4
2025-12-24,2025-12-25,600179,安通控股,3,海南,9,1,0,15.5,1,1,2,1164,2,anchor_nat_yizi,3,5,0,1,61.03,2.21,0.0,8.09,2.21,8.24,5.88,10.59,17.65,6.18,183,4
2025-10-15,2025-10-16,600819,耀皮玻璃,2,光伏,7,2,0,2.7,4,1,1,185,1,anchor_reorg,2,4,0,0,60.59,2.21,0.0,14.71,2.21,8.24,2.06,10.0,17.65,3.53,184,4
2026-03-31,2026-04-01,301008,宏昌科技,2,两轮车,5,3,0,11.59,2,1,1,13341,1,anchor_two,2,5,0,0,60.59,3.97,0.0,14.71,2.21,8.24,2.06,2.94,17.65,8.82,185,4
2026-06-15,2026-06-16,001359,平安电工,2,化工,7,4,0,6.53,4,1,1,15321,1,anchor_reorg,2,4,0,0,60.59,2.21,0.0,14.71,2.21,8.24,2.06,10.0,17.65,3.53,186,4
2026-07-10,2026-07-13,000887,中鼎股份,2,机器人概念,4,7,0,22.34,2,1,1,123,1,anchor_two,2,3,0,0,60.59,3.97,0.0,14.71,2.21,8.24,2.06,2.94,17.65,8.82,187,4
2026-07-28,2026-07-29,603389,亚振家居,2,ST摘帽,9,1,0,1.33,10,1,1,870,1,anchor_reorg,2,5,0,0,60.59,2.21,0.0,14.71,2.21,8.24,2.06,10.0,17.65,3.53,188,4
2026-03-31,2026-04-01,000008,神州高铁,2,轨道交通,1,4,0,5.24,4,1,1,78,1,anchor_two,2,5,0,0,60.15,8.82,0.0,14.71,2.21,8.24,2.06,2.94,17.65,3.53,189,4
2026-07-10,2026-07-13,600992,贵绳股份,2,商业航天,1,23,0,1.78,7,1,1,2008,1,anchor_two,2,3,0,1,60.15,8.82,0.0,14.71,2.21,8.24,2.06,2.94,17.65,3.53,190,4
2025-12-12,2025-12-15,000890,法尔胜,2,通信,11,1,0,3.18,8,1,1,87,1,anchor_nat_yizi,2,5,0,1,59.85,0.88,0.0,14.71,2.21,8.24,2.06,10.59,17.65,3.53,191,4
2025-12-12,2025-12-15,600865,百大集团,2,零售,20,0,0,6.69,6,1,1,14561,1,anchor_nat_yizi,2,5,0,1,59.85,0.88,0.0,14.71,2.21,8.24,2.06,10.59,17.65,3.53,192,4
2025-12-12,2025-12-15,600936,广西广电,2,机器人概念,11,1,0,6.57,7,1,1,1151,1,anchor_nat_yizi,2,5,0,1,59.85,0.88,0.0,14.71,2.21,8.24,2.06,10.59,17.65,3.53,193,4
2026-01-15,2026-01-16,605287,德才股份,2,基础建设,23,0,0,4.57,7,1,1,61,1,anchor_nat_yizi,2,5,0,0,59.85,0.88,0.0,14.71,2.21,8.24,2.06,10.59,17.65,3.53,194,4
2026-01-26,2026-01-27,002667,威领股份,2,锂电池,19,0,0,2.43,11,1,1,177,1,anchor_nat_yizi,2,18,0,0,59.85,0.88,0.0,14.71,2.21,8.24,2.06,10.59,17.65,3.53,195,4
2026-01-26,2026-01-27,003042,中农联合,2,农业,19,0,0,5.65,10,1,1,858,1,anchor_nat_yizi,2,18,0,1,59.85,0.88,0.0,14.71,2.21,8.24,2.06,10.59,17.65,3.53,196,4
2026-02-25,2026-02-26,601872,招商轮船,2,航运,21,0,0,30.87,4,1,1,202,1,anchor_nat_yizi,2,4,0,0,59.85,0.88,0.0,14.71,2.21,8.24,2.06,10.59,17.65,3.53,197,4
2026-05-26,2026-05-27,000509,华塑控股,2,新型工业化,17,0,0,3.73,5,1,1,54,1,anchor_nat_yizi,2,4,0,1,59.85,0.88,0.0,14.71,2.21,8.24,2.06,10.59,17.65,3.53,198,4
2026-05-26,2026-05-27,003036,泰坦股份,2,通信,3,3,0,11.04,4,1,2,13311,2,anchor_nat_yizi,2,4,0,0,59.85,7.5,0.0,8.09,2.21,8.24,2.06,10.59,17.65,3.53,199,4
2026-06-01,2026-06-02,600280,中央商场,2,零售,38,0,0,2.93,7,1,1,128,1,anchor_nat_yizi,2,5,0,1,59.85,0.88,0.0,14.71,2.21,8.24,2.06,10.59,17.65,3.53,200,4
2026-07-01,2026-07-02,002053,云南能投,2,电力,23,1,0,2.38,17,1,1,315,1,anchor_nat_yizi,2,3,0,0,59.85,0.88,0.0,14.71,2.21,8.24,2.06,10.59,17.65,3.53,201,4
2026-07-01,2026-07-02,600783,鲁信创投,2,商业航天,23,1,0,10.46,10,1,1,977,1,anchor_nat_yizi,2,3,0,0,59.85,0.88,0.0,14.71,2.21,8.24,2.06,10.59,17.65,3.53,202,4
2026-07-01,2026-07-02,603212,赛伍技术,2,光伏,23,1,0,4.92,15,1,1,12722,1,anchor_nat_yizi,2,3,0,0,59.85,0.88,0.0,14.71,2.21,8.24,2.06,10.59,17.65,3.53,203,4
2026-07-08,2026-07-09,002951,金时科技,2,元器件,20,0,0,4.07,4,1,1,15543,1,anchor_nat_yizi,2,5,0,0,59.85,0.88,0.0,14.71,2.21,8.24,2.06,10.59,17.65,3.53,204,4
2026-03-31,2026-04-01,600502,安徽建工,2,基础建设,5,3,0,9.49,3,1,1,2396,1,anchor_two,2,5,0,0,59.71,3.97,0.0,14.71,2.21,8.24,2.06,2.94,17.65,7.94,205,4
2026-07-17,2026-07-20,000676,智度股份,3,端侧AI,13,0,0,17.23,1,1,2,63,2,anchor_nat_yizi,3,5,0,0,59.71,0.88,0.0,8.09,2.21,8.24,5.88,10.59,17.65,6.18,206,4
2026-05-06,2026-05-07,002081,金螳螂,4,商业航天,8,2,0,17.21,1,1,2,672,2,anchor_nat_yizi,4,4,0,1,59.56,2.21,0.0,8.09,2.21,8.24,4.41,10.59,17.65,6.18,207,4
2025-10-15,2025-10-16,600617,国新能源,2,天然气,23,0,0,2.4,5,1,1,81,1,anchor_reorg,2,4,0,0,59.26,0.88,0.0,14.71,2.21,8.24,2.06,10.0,17.65,3.53,208,4
2026-06-15,2026-06-16,605198,安德利,2,食品饮料,33,0,0,4.71,5,1,1,194,1,anchor_reorg,2,4,0,1,59.26,0.88,0.0,14.71,2.21,8.24,2.06,10.0,17.65,3.53,209,4
2026-07-28,2026-07-29,000428,华天酒店,2,旅游,21,0,0,1.13,11,1,1,195,1,anchor_reorg,2,5,0,1,59.26,0.88,0.0,14.71,2.21,8.24,2.06,10.0,17.65,3.53,210,4
2026-03-11,2026-03-12,600108,亚盛集团,2,农业,8,1,0,23.83,2,1,1,1726,1,anchor_two,2,5,0,0,58.82,2.21,0.0,14.71,2.21,8.24,2.06,2.94,17.65,8.82,211,4
2026-03-11,2026-03-12,603421,鼎信通讯,2,智能电网,3,4,0,9.69,6,1,1,74,1,anchor_two,2,5,0,0,58.82,7.5,0.0,14.71,2.21,8.24,2.06,2.94,17.65,3.53,212,4
2026-06-30,2026-07-01,002628,成都路桥,2,机器人概念,2,26,0,3.14,13,1,1,3756,1,anchor_two,2,3,0,0,58.82,7.5,0.0,14.71,2.21,8.24,2.06,2.94,17.65,3.53,213,4
2026-07-10,2026-07-13,003020,立方制药,2,医药,3,8,0,3.24,4,1,1,1092,1,anchor_two,2,3,0,1,58.82,7.5,0.0,14.71,2.21,8.24,2.06,2.94,17.65,3.53,214,4
2026-06-15,2026-06-16,603738,泰晶科技,2,通信,1,37,0,47.5,1,2,2,-263,1,anchor_reorg,2,4,0,0,58.38,8.82,0.0,14.71,2.21,8.24,2.06,10.0,6.18,6.18,215,4
2026-03-11,2026-03-12,000839,国安股份,2,AI应用,8,1,0,23.19,3,1,1,0,1,anchor_two,2,5,0,0,57.94,2.21,0.0,14.71,2.21,8.24,2.06,2.94,17.65,7.94,216,4
2026-03-16,2026-03-17,600227,赤天化,2,化工,4,2,0,20.9,1,1,2,90,2,anchor_two,2,4,1,1,57.94,3.97,0.0,8.09,8.82,8.24,2.06,2.94,17.65,6.18,217,4
2026-03-16,2026-03-17,603248,锡华科技,2,风电,10,1,0,11.8,3,1,1,18981,1,anchor_two,2,4,0,1,57.94,2.21,0.0,14.71,2.21,8.24,2.06,2.94,17.65,7.94,218,4
2026-07-24,2026-07-27,002879,长缆科技,4,智能电网,11,0,0,3.69,1,1,5,-300,2,anchor_reorg,4,6,0,1,57.65,0.88,0.0,8.09,2.21,8.24,4.41,10.0,17.65,6.18,219,4
2025-12-24,2025-12-25,603696,安记食品,3,海峡两岸,2,8,0,6.1,2,2,2,97,2,anchor_nat_yizi,3,5,0,0,57.5,7.5,0.0,8.09,2.21,8.24,5.88,10.59,6.18,8.82,220,4
2026-05-20,2026-05-21,600563,法拉电子,2,元器件,19,0,0,12.4,2,1,1,224,1,anchor_two,2,4,0,0,57.5,0.88,0.0,14.71,2.21,8.24,2.06,2.94,17.65,8.82,221,4
2026-06-29,2026-06-30,688432,有研硅,2,光伏,34,0,0,32.94,2,1,1,14480,1,anchor_two,2,6,0,0,57.5,0.88,0.0,14.71,2.21,8.24,2.06,2.94,17.65,8.82,222,4
2026-07-28,2026-07-29,002173,创新医疗,2,脑机接口,3,3,0,8.44,2,4,4,0,1,anchor_reorg,2,5,0,0,57.06,7.5,0.0,14.71,2.21,8.24,2.06,10.0,3.53,8.82,223,4
2026-05-27,2026-05-28,001257,盛龙股份,2,有色金属,21,0,0,11.15,3,1,1,519,1,anchor_two,2,3,0,0,56.62,0.88,0.0,14.71,2.21,8.24,2.06,2.94,17.65,7.94,224,4
2026-07-09,2026-07-10,002490,山东墨龙,2,石油石化,18,0,0,6.8,3,1,1,5643,1,anchor_two,2,3,0,0,56.62,0.88,0.0,14.71,2.21,8.24,2.06,2.94,17.65,7.94,225,4
2026-07-01,2026-07-02,002747,埃斯顿,2,机器人概念,1,19,0,21.97,6,2,2,108,1,anchor_nat_yizi,2,3,0,0,56.32,8.82,0.0,14.71,2.21,8.24,2.06,10.59,6.18,3.53,226,4
2026-05-12,2026-05-13,600683,京投发展,3,并购重组,9,1,0,16.64,1,2,1,14751,1,anchor_nat_yizi,3,5,0,0,56.18,2.21,0.0,14.71,2.21,8.24,5.88,10.59,6.18,6.18,227,4
2025-12-10,2025-12-11,000905,厦门港务,4,海峡两岸,15,0,0,22.89,1,1,5,117,3,anchor_nat_yizi,4,6,0,0,55.29,0.88,0.0,5.15,2.21,8.24,4.41,10.59,17.65,6.18,228,4
2026-03-11,2026-03-12,603803,瑞斯康达,2,通信,4,3,0,5.49,8,1,1,-249,1,anchor_two,2,5,0,0,55.29,3.97,0.0,14.71,2.21,8.24,2.06,2.94,17.65,3.53,229,4
2026-05-27,2026-05-28,002771,真视通,2,算力,6,2,0,5.69,5,1,1,234,1,anchor_two,2,3,0,0,55.29,3.97,0.0,14.71,2.21,8.24,2.06,2.94,17.65,3.53,230,4
2026-03-02,2026-03-03,000035,中国天楹,2,化工,2,9,0,9.63,10,2,2,-300,1,anchor_nat_yizi,2,4,0,0,55.0,7.5,0.0,14.71,2.21,8.24,2.06,10.59,6.18,3.53,231,4
2026-07-01,2026-07-02,603379,三美股份,2,化工,3,8,0,35.91,4,2,2,89,1,anchor_nat_yizi,2,3,0,0,55.0,7.5,0.0,14.71,2.21,8.24,2.06,10.59,6.18,3.53,232,4
2026-06-29,2026-06-30,603650,彤程新材,2,芯片,2,22,0,56.57,1,6,6,85,1,anchor_two,2,6,1,0,53.97,7.5,0.0,14.71,8.82,8.24,2.06,2.94,3.53,6.18,233,4
2026-07-10,2026-07-13,002414,高德红外,2,中报增长,2,9,0,29.79,1,3,3,-300,1,anchor_two,2,3,1,0,53.97,7.5,0.0,14.71,8.82,8.24,2.06,2.94,3.53,6.18,234,4
2025-11-25,2025-11-26,000892,欢瑞世纪,3,人工智能,3,7,0,6.82,3,2,3,180,3,anchor_nat_yizi,3,7,0,1,53.68,7.5,0.0,5.15,2.21,8.24,5.88,10.59,6.18,7.94,235,4
2026-05-20,2026-05-21,003004,声迅股份,2,ST摘帽,9,1,0,2.1,4,1,1,3270,1,anchor_two,2,4,0,0,53.53,2.21,0.0,14.71,2.21,8.24,2.06,2.94,17.65,3.53,236,5
2026-06-30,2026-07-01,603033,三维股份,2,化工,7,4,0,1.29,15,1,1,481,1,anchor_two,2,3,0,0,53.53,2.21,0.0,14.71,2.21,8.24,2.06,2.94,17.65,3.53,237,5
2026-07-10,2026-07-13,002346,柘中股份,2,智能电网,9,2,0,2.06,6,1,1,36,1,anchor_two,2,3,0,0,53.53,2.21,0.0,14.71,2.21,8.24,2.06,2.94,17.65,3.53,238,5
2026-07-20,2026-07-21,600722,金牛化工,2,化工,8,1,0,4.52,6,1,1,346,1,anchor_two,2,3,0,0,53.53,2.21,0.0,14.71,2.21,8.24,2.06,2.94,17.65,3.53,239,5
2026-06-01,2026-06-02,301439,泓淋电力,2,通信,19,1,0,12.44,6,1,2,1992,2,anchor_nat_yizi,2,5,0,0,53.24,0.88,0.0,8.09,2.21,8.24,2.06,10.59,17.65,3.53,240,5
2026-07-28,2026-07-29,002309,中利集团,2,智能电网,21,0,0,5.39,4,1,2,72,2,anchor_reorg,2,5,0,0,52.65,0.88,0.0,8.09,2.21,8.24,2.06,10.0,17.65,3.53,241,5
2026-03-11,2026-03-12,600769,祥龙电业,2,水务,20,0,0,5.91,7,1,1,5922,1,anchor_two,2,5,0,0,52.21,0.88,0.0,14.71,2.21,8.24,2.06,2.94,17.65,3.53,242,5
2026-03-12,2026-03-13,601330,绿色动力,2,垃圾发电,21,0,0,9.95,4,1,1,215,1,anchor_two,2,4,0,0,52.21,0.88,0.0,14.71,2.21,8.24,2.06,2.94,17.65,3.53,243,5
2026-03-16,2026-03-17,600683,京投发展,2,地产链,21,0,0,2.31,4,1,1,294,1,anchor_two,2,4,0,1,52.21,0.88,0.0,14.71,2.21,8.24,2.06,2.94,17.65,3.53,244,5
2026-03-31,2026-04-01,002634,棒杰股份,2,光伏,14,1,0,3.12,6,1,1,96,1,anchor_two,2,5,0,0,52.21,0.88,0.0,14.71,2.21,8.24,2.06,2.94,17.65,3.53,245,5
2026-06-29,2026-06-30,002568,百润股份,2,酿酒,34,0,0,6.85,7,1,1,4617,1,anchor_two,2,6,0,0,52.21,0.88,0.0,14.71,2.21,8.24,2.06,2.94,17.65,3.53,246,5
2026-06-30,2026-07-01,000017,深中华A,2,黄金,31,0,0,1.8,14,1,1,15243,1,anchor_two,2,3,0,0,52.21,0.88,0.0,14.71,2.21,8.24,2.06,2.94,17.65,3.53,247,5
2026-06-30,2026-07-01,001229,魅视科技,2,物理AI,15,1,0,1.23,16,1,1,282,1,anchor_two,2,3,0,0,52.21,0.88,0.0,14.71,2.21,8.24,2.06,2.94,17.65,3.53,248,5
2026-06-30,2026-07-01,001237,惠康科技,2,家电,15,1,0,7.41,8,1,1,5994,1,anchor_two,2,3,0,0,52.21,0.88,0.0,14.71,2.21,8.24,2.06,2.94,17.65,3.53,249,5
2026-06-30,2026-07-01,002638,勤上股份,2,LED,31,0,0,0.95,17,1,1,36,1,anchor_two,2,3,0,0,52.21,0.88,0.0,14.71,2.21,8.24,2.06,2.94,17.65,3.53,250,5
2026-06-30,2026-07-01,600113,浙江东日,2,零售,31,0,0,3.58,12,1,1,211,1,anchor_two,2,3,0,1,52.21,0.88,0.0,14.71,2.21,8.24,2.06,2.94,17.65,3.53,251,5
2026-06-30,2026-07-01,600363,联创光电,2,核电,31,0,0,13.71,6,1,1,6344,1,anchor_two,2,3,0,0,52.21,0.88,0.0,14.71,2.21,8.24,2.06,2.94,17.65,3.53,252,5
2026-06-30,2026-07-01,603950,长源东谷,2,发电机,31,0,0,3.94,11,1,1,107,1,anchor_two,2,3,0,0,52.21,0.88,0.0,14.71,2.21,8.24,2.06,2.94,17.65,3.53,253,5
2026-06-30,2026-07-01,603983,丸美生物,2,美容护理,31,0,0,4.19,10,1,1,2783,1,anchor_two,2,3,0,0,52.21,0.88,0.0,14.71,2.21,8.24,2.06,2.94,17.65,3.53,254,5
2026-07-09,2026-07-10,002677,浙江美大,2,家电,18,0,0,1.08,4,1,1,678,1,anchor_two,2,3,0,0,52.21,0.88,0.0,14.71,2.21,8.24,2.06,2.94,17.65,3.53,255,5
2026-06-09,2026-06-10,603186,华正新材,2,通信,1,27,0,28.11,1,2,3,5771,2,anchor_reorg,2,6,0,0,51.76,8.82,0.0,8.09,2.21,8.24,2.06,10.0,6.18,6.18,256,5
2026-03-05,2026-03-06,002877,智能自控,2,人工智能,6,2,0,4.0,4,2,2,-300,1,anchor_nat_yizi,2,4,0,0,51.47,3.97,0.0,14.71,2.21,8.24,2.06,10.59,6.18,3.53,257,5
2026-04-29,2026-04-30,603629,利通电子,2,算力,4,4,0,18.83,1,3,3,97,1,anchor_nat_yizi,2,5,0,0,51.47,3.97,0.0,14.71,2.21,8.24,2.06,10.59,3.53,6.18,258,5
2026-07-28,2026-07-29,603358,华达科技,2,机器人概念,9,1,0,1.54,9,2,2,64,1,anchor_reorg,2,5,0,0,49.12,2.21,0.0,14.71,2.21,8.24,2.06,10.0,6.18,3.53,259,5
2026-06-30,2026-07-01,002407,多氟多,2,芯片,1,29,0,93.93,1,5,6,108,2,anchor_two,2,3,1,1,48.68,8.82,0.0,8.09,8.82,8.24,2.06,2.94,3.53,6.18,260,5
2025-11-10,2025-11-11,300437,清水源,3,化工,6,3,0,13.46,1,2,3,19596,3,anchor_nat_yizi,3,9,0,0,48.38,3.97,0.0,5.15,2.21,8.24,5.88,10.59,6.18,6.18,261,5
2026-02-25,2026-02-26,002811,郑中设计,2,AI应用,3,5,0,3.38,10,2,2,2385,2,anchor_nat_yizi,2,4,0,0,48.38,7.5,0.0,8.09,2.21,8.24,2.06,10.59,6.18,3.53,262,5
2026-07-01,2026-07-02,002738,中矿资源,2,锂电池,23,1,0,12.73,8,2,2,54,1,anchor_nat_yizi,2,3,0,0,48.38,0.88,0.0,14.71,2.21,8.24,2.06,10.59,6.18,3.53,263,5
2026-02-26,2026-02-27,600078,澄星股份,3,化工,14,1,0,6.58,1,2,2,-254,2,anchor_nat_yizi,3,4,0,0,48.24,0.88,0.0,8.09,2.21,8.24,5.88,10.59,6.18,6.18,264,5
2026-06-03,2026-06-04,600121,郑州煤电,3,煤炭,24,0,0,15.42,1,2,2,17371,2,anchor_nat_yizi,3,3,0,0,48.24,0.88,0.0,8.09,2.21,8.24,5.88,10.59,6.18,6.18,265,5
2026-01-30,2026-02-02,000995,皇台酒业,2,酿酒,16,0,0,6.73,2,2,2,6,2,anchor_nat_yizi,2,8,0,1,47.06,0.88,0.0,8.09,2.21,8.24,2.06,10.59,6.18,8.82,266,5
2025-12-24,2025-12-25,603163,圣晖集成,3,洁净室,9,1,0,2.9,4,2,2,-250,2,anchor_nat_yizi,3,5,0,1,46.91,2.21,0.0,8.09,2.21,8.24,5.88,10.59,6.18,3.53,267,5
2026-02-12,2026-02-13,605287,德才股份,4,AI应用,11,1,0,18.01,1,2,2,16950,2,anchor_nat_yizi,4,4,0,0,46.76,0.88,0.0,8.09,2.21,8.24,4.41,10.59,6.18,6.18,268,5
2026-04-29,2026-04-30,603317,天味食品,2,一季报增长,1,34,0,8.68,6,2,3,622,3,anchor_nat_yizi,2,5,0,0,46.76,8.82,0.0,5.15,2.21,8.24,2.06,10.59,6.18,3.53,269,5
2026-06-17,2026-06-18,002080,中材科技,3,通信,2,14,0,66.99,1,7,8,906,7,anchor_nat_yizi,3,4,0,0,46.32,7.5,0.0,2.21,2.21,8.24,5.88,10.59,3.53,6.18,270,5
2026-01-14,2026-01-15,002131,利欧股份,4,人工智能,1,25,0,59.45,1,4,10,48,4,anchor_nat_yizi,4,13,0,0,46.18,8.82,0.0,2.21,2.21,8.24,4.41,10.59,3.53,6.18,271,5
2026-05-27,2026-05-28,002251,步步高,2,零售,21,0,0,12.27,2,2,2,6522,1,anchor_two,2,3,0,0,46.03,0.88,0.0,14.71,2.21,8.24,2.06,2.94,6.18,8.82,272,5
2026-01-15,2026-01-16,002446,盛路通信,2,商业航天,8,1,0,39.45,1,2,2,3690,2,anchor_nat_yizi,2,5,0,0,45.74,2.21,0.0,8.09,2.21,8.24,2.06,10.59,6.18,6.18,273,5
2026-07-20,2026-07-21,600744,华银电力,2,电力,1,12,0,11.26,1,5,6,300,3,anchor_two,2,3,1,1,45.74,8.82,0.0,5.15,8.82,8.24,2.06,2.94,3.53,6.18,274,5
2026-06-24,2026-06-25,002167,东方锆业,4,非金属材料,10,1,0,61.79,1,2,3,12939,3,anchor_nat_yizi,4,5,0,0,45.15,2.21,0.0,5.15,2.21,8.24,4.41,10.59,6.18,6.18,275,5
2026-03-31,2026-04-01,000592,平潭发展,2,海峡两岸,9,2,0,55.7,1,2,2,408,2,anchor_two,2,5,1,0,44.71,2.21,0.0,8.09,8.82,8.24,2.06,2.94,6.18,6.18,276,5
2025-12-12,2025-12-15,600343,航天动力,2,商业航天,1,13,0,59.53,1,4,5,5109,4,anchor_nat_yizi,2,5,0,0,43.82,8.82,0.0,2.21,2.21,8.24,2.06,10.59,3.53,6.18,277,5
2026-01-26,2026-01-27,000630,铜陵有色,2,黄金,1,9,0,82.57,1,5,6,2952,6,anchor_nat_yizi,2,18,0,0,43.82,8.82,0.0,2.21,2.21,8.24,2.06,10.59,3.53,6.18,278,5
2026-02-25,2026-02-26,600096,云天化,2,化工,1,12,0,73.78,1,7,7,2170,6,anchor_nat_yizi,2,4,0,0,43.82,8.82,0.0,2.21,2.21,8.24,2.06,10.59,3.53,6.18,279,5
2026-04-29,2026-04-30,002081,金螳螂,2,芯片,9,2,0,16.27,2,3,3,1089,3,anchor_nat_yizi,2,5,0,1,42.79,2.21,0.0,5.15,2.21,8.24,2.06,10.59,3.53,8.82,280,5
2026-03-05,2026-03-06,300265,通光线缆,2,智能电网,2,5,0,32.8,1,4,4,246,4,anchor_nat_yizi,2,4,0,0,42.5,7.5,0.0,2.21,2.21,8.24,2.06,10.59,3.53,6.18,281,5
2026-03-12,2026-03-13,601016,节能风电,2,储能,4,3,0,34.7,2,2,2,509,2,anchor_two,2,4,0,0,42.5,3.97,0.0,8.09,2.21,8.24,2.06,2.94,6.18,8.82,282,5
2026-07-01,2026-07-02,600641,先导基电,2,芯片,2,16,0,54.71,1,5,6,1855,5,anchor_nat_yizi,2,3,0,1,42.5,7.5,0.0,2.21,2.21,8.24,2.06,10.59,3.53,6.18,283,5
2026-03-02,2026-03-03,600259,中稀有色,2,稀土永磁,19,0,0,30.76,4,2,2,19046,2,anchor_nat_yizi,2,4,0,0,41.76,0.88,0.0,8.09,2.21,8.24,2.06,10.59,6.18,3.53,284,5
2026-07-10,2026-07-13,000892,欢瑞世纪,2,AI应用,6,4,0,5.75,3,2,2,2010,2,anchor_two,2,3,0,0,41.62,3.97,0.0,8.09,2.21,8.24,2.06,2.94,6.18,7.94,285,5
2026-05-26,2026-05-27,600584,长电科技,2,芯片,7,2,0,287.85,1,3,3,18856,3,anchor_nat_yizi,2,4,0,0,40.15,2.21,0.0,5.15,2.21,8.24,2.06,10.59,3.53,6.18,286,5
2026-01-15,2026-01-16,002264,新华都,2,人工智能,8,1,0,18.95,2,5,7,2958,7,anchor_nat_yizi,2,5,0,0,39.85,2.21,0.0,2.21,2.21,8.24,2.06,10.59,3.53,8.82,287,5
2026-03-02,2026-03-03,000960,锡业股份,2,有色金属,7,2,0,61.9,2,5,5,15387,5,anchor_nat_yizi,2,4,0,0,39.85,2.21,0.0,2.21,2.21,8.24,2.06,10.59,3.53,8.82,288,5
2026-01-26,2026-01-27,002506,协鑫集成,2,光伏,11,1,0,13.58,5,3,3,-300,2,anchor_nat_yizi,2,18,0,0,39.12,0.88,0.0,8.09,2.21,8.24,2.06,10.59,3.53,3.53,289,5
2026-06-09,2026-06-10,688207,格灵深瞳,2,物理AI,15,1,0,9.35,5,2,3,3582,3,anchor_reorg,2,6,0,0,38.24,0.88,0.0,5.15,2.21,8.24,2.06,10.0,6.18,3.53,290,5
2026-06-01,2026-06-02,600011,华能国际,2,电力,19,1,0,66.15,1,4,5,19575,5,anchor_nat_yizi,2,5,0,0,35.88,0.88,0.0,2.21,2.21,8.24,2.06,10.59,3.53,6.18,291,5
2026-03-11,2026-03-12,600726,华电能源,2,电力,8,1,0,13.02,4,2,2,16429,2,anchor_two,2,5,0,1,35.44,2.21,0.0,8.09,2.21,8.24,2.06,2.94,6.18,3.53,292,5
2026-06-30,2026-07-01,000566,海南海药,2,医药,15,1,0,8.94,7,2,2,18699,2,anchor_two,2,3,0,1,34.12,0.88,0.0,8.09,2.21,8.24,2.06,2.94,6.18,3.53,293,5
