F,water_f,cap_f,near_u,n_pass,n_touch,n_seal,n_zha,seal_r,zha_r,pass_rate,cont_r
5,0.5,99.0,3.0,203,102,82,20,0.803921568627451,0.19607843137254902,0.6077844311377245,0.39901477832512317
5,1.0,99.0,3.0,199,101,81,20,0.801980198019802,0.19801980198019803,0.5958083832335329,0.4020100502512563
1,0.5,99.0,8.0,226,144,115,29,0.7986111111111112,0.2013888888888889,0.6766467065868264,0.49557522123893805
1,1.0,99.0,8.0,219,142,113,29,0.795774647887324,0.20422535211267606,0.655688622754491,0.502283105022831
1,0.5,99.0,7.0,221,140,111,29,0.7928571428571428,0.20714285714285716,0.6616766467065869,0.48868778280542985
1,0.5,99.0,3.0,212,135,107,28,0.7925925925925926,0.2074074074074074,0.6347305389221557,0.49056603773584906
2,0.5,99.0,8.0,241,144,114,30,0.7916666666666666,0.20833333333333334,0.7215568862275449,0.4605809128630705
3,0.5,99.0,8.0,252,144,114,30,0.7916666666666666,0.20833333333333334,0.7544910179640718,0.44047619047619047
1,0.5,99.0,6.0,220,139,110,29,0.7913669064748201,0.20863309352517986,0.6586826347305389,0.4863636363636364
5,0.0,99.0,3.0,215,105,83,22,0.7904761904761904,0.20952380952380953,0.6437125748502994,0.3813953488372093
2,1.0,99.0,8.0,235,143,113,30,0.7902097902097902,0.2097902097902098,0.7035928143712575,0.46808510638297873
3,1.0,99.0,8.0,246,143,113,30,0.7902097902097902,0.2097902097902098,0.7365269461077845,0.44715447154471544
3,0.5,99.0,3.0,215,119,94,25,0.7899159663865546,0.21008403361344538,0.6437125748502994,0.42790697674418604
1,0.5,99.0,5.0,218,138,109,29,0.7898550724637681,0.21014492753623187,0.6526946107784432,0.48623853211009177
1,1.0,99.0,7.0,214,138,109,29,0.7898550724637681,0.21014492753623187,0.6407185628742516,0.4953271028037383
1,1.0,99.0,3.0,205,133,105,28,0.7894736842105263,0.21052631578947367,0.6137724550898204,0.4975609756097561
1,1.0,99.0,6.0,213,137,108,29,0.7883211678832117,0.2116788321167883,0.6377245508982036,0.49295774647887325
3,1.0,99.0,3.0,209,118,93,25,0.788135593220339,0.211864406779661,0.625748502994012,0.4354066985645933
1,0.0,99.0,8.0,249,151,119,32,0.7880794701986755,0.2119205298013245,0.7455089820359282,0.46586345381526106
1,1.0,99.0,5.0,211,136,107,29,0.7867647058823529,0.21323529411764705,0.6317365269461078,0.4928909952606635
5,0.5,99.0,8.0,253,136,107,29,0.7867647058823529,0.21323529411764705,0.7574850299401198,0.4150197628458498
2,0.5,99.0,3.0,215,126,99,27,0.7857142857142857,0.21428571428571427,0.6437125748502994,0.4511627906976744
5,1.0,99.0,8.0,249,135,106,29,0.7851851851851852,0.21481481481481482,0.7455089820359282,0.41767068273092367
2,0.5,99.0,7.0,235,139,109,30,0.7841726618705036,0.2158273381294964,0.7035928143712575,0.451063829787234
4,0.5,99.0,8.0,253,139,109,30,0.7841726618705036,0.2158273381294964,0.7574850299401198,0.4189723320158103
2,1.0,99.0,3.0,209,125,98,27,0.784,0.216,0.625748502994012,0.45933014354066987
5,-0.5,99.0,3.0,219,106,83,23,0.7830188679245284,0.2169811320754717,0.655688622754491,0.3744292237442922
1,-0.5,99.0,8.0,259,152,119,33,0.7828947368421053,0.21710526315789475,0.7754491017964071,0.44787644787644787
2,0.5,99.0,6.0,232,138,108,30,0.782608695652174,0.21739130434782608,0.6946107784431138,0.4525862068965517
2,1.0,99.0,7.0,229,138,108,30,0.782608695652174,0.21739130434782608,0.6856287425149701,0.4585152838427948
4,1.0,99.0,8.0,247,138,108,30,0.782608695652174,0.21739130434782608,0.7395209580838323,0.4251012145748988
5,0.5,99.0,5.0,225,115,90,25,0.782608695652174,0.21739130434782608,0.6736526946107785,0.39111111111111113
1,0.0,99.0,7.0,244,147,115,32,0.782312925170068,0.21768707482993196,0.7305389221556886,0.45901639344262296
1,0.0,99.0,3.0,235,142,111,31,0.7816901408450704,0.21830985915492956,0.7035928143712575,0.4595744680851064
2,1.0,99.0,6.0,226,137,107,30,0.781021897810219,0.21897810218978103,0.6766467065868264,0.46017699115044247
1,0.0,99.0,6.0,243,146,114,32,0.7808219178082192,0.2191780821917808,0.7275449101796407,0.4567901234567901
5,1.0,99.0,5.0,221,114,89,25,0.7807017543859649,0.21929824561403508,0.6616766467065869,0.3936651583710407
2,0.0,99.0,8.0,260,150,117,33,0.78,0.22,0.7784431137724551,0.43846153846153846
3,0.5,99.0,7.0,243,136,106,30,0.7794117647058824,0.22058823529411764,0.7275449101796407,0.42386831275720166
1,0.0,99.0,5.0,241,145,113,32,0.7793103448275862,0.2206896551724138,0.7215568862275449,0.45643153526970953
2,0.5,99.0,5.0,228,135,105,30,0.7777777777777778,0.2222222222222222,0.6826347305389222,0.4473684210526316
3,1.0,99.0,7.0,237,135,105,30,0.7777777777777778,0.2222222222222222,0.7095808383233533,0.43037974683544306
1,-0.5,99.0,7.0,254,148,115,33,0.777027027027027,0.22297297297297297,0.7604790419161677,0.4409448818897638
3,0.0,99.0,8.0,267,148,115,33,0.777027027027027,0.22297297297297297,0.7994011976047904,0.41947565543071164
5,0.0,99.0,8.0,265,139,108,31,0.7769784172661871,0.22302158273381295,0.7934131736526946,0.4
4,0.5,99.0,3.0,213,112,87,25,0.7767857142857143,0.22321428571428573,0.6377245508982036,0.39906103286384975
1,-0.5,99.0,3.0,245,143,111,32,0.7762237762237763,0.22377622377622378,0.7335329341317365,0.44081632653061226
2,1.0,99.0,5.0,222,134,104,30,0.7761194029850746,0.22388059701492538,0.6646706586826348,0.45495495495495497
3,0.5,99.0,6.0,238,134,104,30,0.7761194029850746,0.22388059701492538,0.7125748502994012,0.42436974789915966
1,-0.5,99.0,6.0,253,147,114,33,0.7755102040816326,0.22448979591836735,0.7574850299401198,0.43873517786561267
3,0.5,99.0,5.0,231,129,100,29,0.7751937984496124,0.2248062015503876,0.6916167664670658,0.4199134199134199
2,-0.5,99.0,8.0,267,151,117,34,0.7748344370860927,0.2251655629139073,0.7994011976047904,0.42696629213483145
4,1.0,99.0,3.0,207,111,86,25,0.7747747747747747,0.22522522522522523,0.6197604790419161,0.4057971014492754
3,1.0,99.0,6.0,232,133,103,30,0.7744360902255639,0.22556390977443608,0.6946107784431138,0.43103448275862066
1,-0.5,99.0,5.0,251,146,113,33,0.773972602739726,0.22602739726027396,0.7514970059880239,0.43824701195219123
3,1.0,99.0,5.0,225,128,99,29,0.7734375,0.2265625,0.6736526946107785,0.4266666666666667
2,0.0,99.0,3.0,234,132,102,30,0.7727272727272727,0.22727272727272727,0.7005988023952096,0.42735042735042733
2,0.0,99.0,7.0,254,145,112,33,0.7724137931034483,0.22758620689655173,0.7604790419161677,0.42913385826771655
3,0.0,99.0,3.0,230,123,95,28,0.7723577235772358,0.22764227642276422,0.688622754491018,0.4043478260869565
3,-0.5,99.0,8.0,272,149,115,34,0.7718120805369127,0.22818791946308725,0.8143712574850299,0.4117647058823529
5,0.5,99.0,7.0,243,127,98,29,0.7716535433070866,0.2283464566929134,0.7275449101796407,0.3950617283950617
5,-0.5,99.0,8.0,269,140,108,32,0.7714285714285715,0.22857142857142856,0.8053892215568862,0.3940520446096654
5,0.0,99.0,5.0,237,118,91,27,0.7711864406779662,0.2288135593220339,0.7095808383233533,0.3755274261603376
4,0.5,99.0,7.0,244,131,101,30,0.7709923664122137,0.22900763358778625,0.7305389221556886,0.4016393442622951
2,0.0,99.0,6.0,251,144,111,33,0.7708333333333334,0.22916666666666666,0.7514970059880239,0.4302788844621514
1,0.5,9.8,8.0,181,100,77,23,0.77,0.23,0.5419161676646707,0.4088397790055249
5,1.0,99.0,7.0,239,126,97,29,0.7698412698412699,0.23015873015873015,0.7155688622754491,0.39748953974895396
4,0.0,99.0,8.0,266,143,110,33,0.7692307692307693,0.23076923076923078,0.7964071856287425,0.40225563909774437
4,1.0,99.0,7.0,238,130,100,30,0.7692307692307693,0.23076923076923078,0.7125748502994012,0.40756302521008403
3,0.5,5.0,8.0,181,82,63,19,0.7682926829268293,0.23170731707317074,0.5419161676646707,0.3425414364640884
4,0.5,99.0,6.0,239,129,99,30,0.7674418604651163,0.23255813953488372,0.7155688622754491,0.401673640167364
2,-0.5,99.0,7.0,261,146,112,34,0.7671232876712328,0.2328767123287671,0.781437125748503,0.41762452107279696
2,-0.5,99.0,3.0,241,133,102,31,0.7669172932330827,0.23308270676691728,0.7215568862275449,0.4149377593360996
3,-0.5,99.0,3.0,235,124,95,29,0.7661290322580645,0.23387096774193547,0.7035928143712575,0.39574468085106385
5,0.5,99.0,6.0,237,124,95,29,0.7661290322580645,0.23387096774193547,0.7095808383233533,0.3924050632911392
2,0.0,99.0,5.0,247,141,108,33,0.7659574468085106,0.23404255319148937,0.7395209580838323,0.4251012145748988
4,1.0,99.0,6.0,233,128,98,30,0.765625,0.234375,0.6976047904191617,0.40772532188841204
2,-0.5,99.0,6.0,258,145,111,34,0.7655172413793103,0.23448275862068965,0.7724550898203593,0.4186046511627907
3,1.0,5.0,8.0,175,81,62,19,0.7654320987654321,0.2345679012345679,0.5239520958083832,0.3485714285714286
1,1.0,9.8,8.0,174,98,75,23,0.7653061224489796,0.23469387755102042,0.5209580838323353,0.41379310344827586
5,-0.5,99.0,5.0,241,119,91,28,0.7647058823529411,0.23529411764705882,0.7215568862275449,0.36929460580912865
4,0.5,5.0,8.0,191,85,65,20,0.7647058823529411,0.23529411764705882,0.5718562874251497,0.33507853403141363
3,0.0,99.0,7.0,258,140,107,33,0.7642857142857142,0.2357142857142857,0.7724550898203593,0.40310077519379844
4,0.5,99.0,5.0,231,123,94,29,0.7642276422764228,0.23577235772357724,0.6916167664670658,0.3939393939393939
5,1.0,99.0,6.0,233,123,94,29,0.7642276422764228,0.23577235772357724,0.6976047904191617,0.3948497854077253
3,0.5,9.8,8.0,213,106,81,25,0.7641509433962265,0.2358490566037736,0.6377245508982036,0.36619718309859156
4,-0.5,99.0,8.0,270,144,110,34,0.7638888888888888,0.2361111111111111,0.8083832335329342,0.3962962962962963
3,0.5,9.0,8.0,206,101,77,24,0.7623762376237624,0.2376237623762376,0.6167664670658682,0.3640776699029126
4,1.0,99.0,5.0,225,122,93,29,0.7622950819672131,0.23770491803278687,0.6736526946107785,0.4
3,1.0,9.8,8.0,207,105,80,25,0.7619047619047619,0.23809523809523808,0.6197604790419161,0.3719806763285024
4,0.5,9.8,8.0,219,105,80,25,0.7619047619047619,0.23809523809523808,0.655688622754491,0.3515981735159817
4,1.0,5.0,8.0,185,84,64,20,0.7619047619047619,0.23809523809523808,0.5538922155688623,0.34054054054054056
5,0.0,99.0,7.0,255,130,99,31,0.7615384615384615,0.23846153846153847,0.7634730538922155,0.3803921568627451
3,0.0,99.0,6.0,253,138,105,33,0.7608695652173914,0.2391304347826087,0.7574850299401198,0.4031620553359684
1,0.5,9.0,8.0,171,92,70,22,0.7608695652173914,0.2391304347826087,0.5119760479041916,0.39766081871345027
2,-0.5,99.0,5.0,254,142,108,34,0.7605633802816901,0.23943661971830985,0.7604790419161677,0.41338582677165353
1,0.5,9.8,7.0,176,96,73,23,0.7604166666666666,0.23958333333333334,0.5269461077844312,0.3977272727272727
3,1.0,9.0,8.0,200,100,76,24,0.76,0.24,0.5988023952095808,0.37
2,0.5,9.8,8.0,200,104,79,25,0.7596153846153846,0.2403846153846154,0.5988023952095808,0.38
4,1.0,9.8,8.0,213,104,79,25,0.7596153846153846,0.2403846153846154,0.6377245508982036,0.3568075117370892
3,0.0,99.0,5.0,246,133,101,32,0.7593984962406015,0.24060150375939848,0.7365269461077845,0.3983739837398374
3,-0.5,99.0,7.0,263,141,107,34,0.7588652482269503,0.24113475177304963,0.7874251497005988,0.39543726235741444
4,0.0,99.0,3.0,226,116,88,28,0.7586206896551724,0.2413793103448276,0.6766467065868264,0.3805309734513274
1,0.5,9.8,3.0,167,91,69,22,0.7582417582417582,0.24175824175824176,0.5,0.39520958083832336
1,0.5,9.8,6.0,175,95,72,23,0.7578947368421053,0.24210526315789474,0.5239520958083832,0.3942857142857143
2,1.0,9.8,8.0,194,103,78,25,0.7572815533980582,0.24271844660194175,0.5808383233532934,0.3865979381443299
1,0.0,9.8,8.0,204,107,81,26,0.7570093457943925,0.24299065420560748,0.6107784431137725,0.38235294117647056
5,0.0,99.0,6.0,249,127,96,31,0.7559055118110236,0.2440944881889764,0.7455089820359282,0.37751004016064255
5,-0.5,99.0,7.0,259,131,99,32,0.7557251908396947,0.24427480916030533,0.7754491017964071,0.3745173745173745
4,0.0,99.0,7.0,257,135,102,33,0.7555555555555555,0.24444444444444444,0.7694610778443114,0.3852140077821012
1,1.0,9.0,8.0,164,90,68,22,0.7555555555555555,0.24444444444444444,0.49101796407185627,0.4024390243902439
3,-0.5,99.0,6.0,258,139,105,34,0.7553956834532374,0.2446043165467626,0.7724550898203593,0.3953488372093023
1,0.5,9.8,5.0,173,94,71,23,0.7553191489361702,0.24468085106382978,0.5179640718562875,0.3930635838150289
1,1.0,9.8,7.0,169,94,71,23,0.7553191489361702,0.24468085106382978,0.5059880239520959,0.40236686390532544
2,0.5,9.0,8.0,192,98,74,24,0.7551020408163265,0.24489795918367346,0.5748502994011976,0.375
4,0.5,9.0,8.0,214,102,77,25,0.7549019607843137,0.24509803921568626,0.6407185628742516,0.35046728971962615
3,0.5,5.0,3.0,144,57,43,14,0.7543859649122807,0.24561403508771928,0.4311377245508982,0.2986111111111111
3,-0.5,99.0,5.0,251,134,101,33,0.753731343283582,0.2462686567164179,0.7514970059880239,0.3904382470119522
3,0.5,9.8,3.0,176,81,61,20,0.7530864197530864,0.24691358024691357,0.5269461077844312,0.3352272727272727
1,1.0,9.8,3.0,160,89,67,22,0.7528089887640449,0.24719101123595505,0.47904191616766467,0.4
1,1.0,9.8,6.0,168,93,70,23,0.7526881720430108,0.24731182795698925,0.5029940119760479,0.39880952380952384
2,1.0,9.0,8.0,186,97,73,24,0.7525773195876289,0.24742268041237114,0.5568862275449101,0.3817204301075269
4,1.0,9.0,8.0,208,101,76,25,0.7524752475247525,0.24752475247524752,0.6227544910179641,0.3557692307692308
4,-0.5,99.0,3.0,230,117,88,29,0.7521367521367521,0.24786324786324787,0.688622754491018,0.3739130434782609
4,0.0,99.0,6.0,252,133,100,33,0.7518796992481203,0.24812030075187969,0.7544910179640718,0.38492063492063494
4,-0.5,99.0,7.0,261,136,102,34,0.75,0.25,0.781437125748503,0.3793103448275862
5,-0.5,99.0,6.0,253,128,96,32,0.75,0.25,0.7574850299401198,0.3715415019762846
1,-0.5,9.8,8.0,214,108,81,27,0.75,0.25,0.6407185628742516,0.3644859813084112
1,1.0,9.8,5.0,166,92,69,23,0.75,0.25,0.49700598802395207,0.39759036144578314
3,0.5,7.0,8.0,195,92,69,23,0.75,0.25,0.5838323353293413,0.3487179487179487
1,0.5,9.0,7.0,166,88,66,22,0.75,0.25,0.49700598802395207,0.3855421686746988
3,1.0,9.8,3.0,170,80,60,20,0.75,0.25,0.5089820359281437,0.3411764705882353
3,0.5,9.0,3.0,169,76,57,19,0.75,0.25,0.5059880239520959,0.33136094674556216
5,0.5,9.8,3.0,173,72,54,18,0.75,0.25,0.5179640718562875,0.3063583815028902
3,1.0,5.0,3.0,138,56,42,14,0.75,0.25,0.41317365269461076,0.30434782608695654
4,0.0,99.0,5.0,244,127,95,32,0.7480314960629921,0.25196850393700787,0.7305389221556886,0.3770491803278688
1,0.0,9.8,7.0,199,103,77,26,0.7475728155339806,0.2524271844660194,0.5958083832335329,0.37185929648241206
1,0.0,9.0,8.0,194,99,74,25,0.7474747474747475,0.25252525252525254,0.5808383233532934,0.3711340206185567
2,0.5,9.8,7.0,194,99,74,25,0.7474747474747475,0.25252525252525254,0.5808383233532934,0.36597938144329895
3,1.0,7.0,8.0,189,91,68,23,0.7472527472527473,0.25274725274725274,0.5658682634730539,0.3544973544973545
1,0.5,9.0,6.0,165,87,65,22,0.7471264367816092,0.25287356321839083,0.4940119760479042,0.38181818181818183
1,0.5,9.0,3.0,157,83,62,21,0.7469879518072289,0.25301204819277107,0.47005988023952094,0.3821656050955414
3,1.0,9.0,3.0,163,75,56,19,0.7466666666666667,0.25333333333333335,0.4880239520958084,0.3374233128834356
2,0.5,5.0,8.0,156,71,53,18,0.7464788732394366,0.2535211267605634,0.46706586826347307,0.3333333333333333
5,1.0,9.8,3.0,169,71,53,18,0.7464788732394366,0.2535211267605634,0.5059880239520959,0.3076923076923077
4,-0.5,99.0,6.0,256,134,100,34,0.746268656716418,0.2537313432835821,0.7664670658682635,0.37890625
2,0.0,9.8,8.0,219,110,82,28,0.7454545454545455,0.2545454545454545,0.655688622754491,0.3607305936073059
3,0.0,9.8,8.0,228,110,82,28,0.7454545454545455,0.2545454545454545,0.6826347305389222,0.34649122807017546
5,0.5,9.8,8.0,223,106,79,27,0.7452830188679245,0.25471698113207547,0.6676646706586826,0.3452914798206278
1,0.0,9.8,6.0,198,102,76,26,0.7450980392156863,0.2549019607843137,0.592814371257485,0.3686868686868687
1,0.0,9.8,3.0,190,98,73,25,0.7448979591836735,0.25510204081632654,0.5688622754491018,0.3684210526315789
2,0.5,9.8,6.0,191,98,73,25,0.7448979591836735,0.25510204081632654,0.5718562874251497,0.36649214659685864
2,1.0,9.8,7.0,188,98,73,25,0.7448979591836735,0.25510204081632654,0.562874251497006,0.3723404255319149
3,0.5,9.8,7.0,204,98,73,25,0.7448979591836735,0.25510204081632654,0.6107784431137725,0.3431372549019608
4,0.5,7.0,8.0,204,94,70,24,0.7446808510638298,0.2553191489361702,0.6107784431137725,0.3382352941176471
1,0.5,9.0,5.0,163,86,64,22,0.7441860465116279,0.2558139534883721,0.4880239520958084,0.3803680981595092
1,1.0,9.0,7.0,159,86,64,22,0.7441860465116279,0.2558139534883721,0.47604790419161674,0.389937106918239
2,0.5,9.8,3.0,174,86,64,22,0.7441860465116279,0.2558139534883721,0.5209580838323353,0.3563218390804598
3,0.0,5.0,8.0,196,86,64,22,0.7441860465116279,0.2558139534883721,0.5868263473053892,0.32142857142857145
4,0.5,9.8,3.0,179,78,58,20,0.7435897435897436,0.2564102564102564,0.5359281437125748,0.3128491620111732
3,0.5,5.0,7.0,172,74,55,19,0.7432432432432432,0.25675675675675674,0.5149700598802395,0.313953488372093
4,0.0,9.8,8.0,232,109,81,28,0.7431192660550459,0.25688073394495414,0.6946107784431138,0.33620689655172414
3,0.0,9.0,8.0,221,105,78,27,0.7428571428571429,0.2571428571428571,0.6616766467065869,0.3438914027149321
5,1.0,9.8,8.0,219,105,78,27,0.7428571428571429,0.2571428571428571,0.655688622754491,0.3470319634703196
2,1.0,5.0,8.0,150,70,52,18,0.7428571428571429,0.2571428571428571,0.4491017964071856,0.34
1,0.0,9.8,5.0,196,101,75,26,0.7425742574257426,0.25742574257425743,0.5868263473053892,0.3673469387755102
2,1.0,9.8,6.0,185,97,72,25,0.7422680412371134,0.25773195876288657,0.5538922155688623,0.372972972972973
3,1.0,9.8,7.0,198,97,72,25,0.7422680412371134,0.25773195876288657,0.592814371257485,0.3484848484848485
4,0.5,9.8,7.0,210,97,72,25,0.7422680412371134,0.25773195876288657,0.6287425149700598,0.32857142857142857
4,-0.5,99.0,5.0,248,128,95,33,0.7421875,0.2578125,0.7425149700598802,0.3709677419354839
2,0.5,9.0,7.0,186,93,69,24,0.7419354838709677,0.25806451612903225,0.5568862275449101,0.3602150537634409
3,0.5,9.0,7.0,197,93,69,24,0.7419354838709677,0.25806451612903225,0.5898203592814372,0.3401015228426396
4,1.0,7.0,8.0,198,93,69,24,0.7419354838709677,0.25806451612903225,0.592814371257485,0.3434343434343434
4,0.0,5.0,8.0,204,89,66,23,0.7415730337078652,0.25842696629213485,0.6107784431137725,0.31862745098039214
4,0.5,5.0,3.0,151,58,43,15,0.7413793103448276,0.25862068965517243,0.45209580838323354,0.2847682119205298
1,1.0,9.0,6.0,158,85,63,22,0.7411764705882353,0.25882352941176473,0.47305389221556887,0.3860759493670886
2,1.0,9.8,3.0,168,85,63,22,0.7411764705882353,0.25882352941176473,0.5029940119760479,0.3630952380952381
1,1.0,9.0,3.0,150,81,60,21,0.7407407407407407,0.25925925925925924,0.4491017964071856,0.38666666666666666
1,-0.5,9.8,7.0,209,104,77,27,0.7403846153846154,0.25961538461538464,0.625748502994012,0.35406698564593303
2,0.0,9.0,8.0,211,104,77,27,0.7403846153846154,0.25961538461538464,0.6317365269461078,0.35545023696682465
4,0.5,5.0,7.0,182,77,57,20,0.7402597402597403,0.2597402597402597,0.5449101796407185,0.3076923076923077
4,1.0,9.8,3.0,173,77,57,20,0.7402597402597403,0.2597402597402597,0.5179640718562875,0.3179190751445087
1,-0.5,9.0,8.0,204,100,74,26,0.74,0.26,0.6107784431137725,0.35294117647058826
3,1.0,5.0,7.0,166,73,54,19,0.7397260273972602,0.2602739726027397,0.49700598802395207,0.3192771084337349
3,0.5,9.8,6.0,199,96,71,25,0.7395833333333334,0.2604166666666667,0.5958083832335329,0.3417085427135678
4,1.0,9.8,7.0,204,96,71,25,0.7395833333333334,0.2604166666666667,0.6107784431137725,0.3333333333333333
2,0.5,9.0,6.0,183,92,68,24,0.7391304347826086,0.2608695652173913,0.5479041916167665,0.36065573770491804
2,1.0,9.0,7.0,180,92,68,24,0.7391304347826086,0.2608695652173913,0.5389221556886228,0.36666666666666664
3,1.0,9.0,7.0,191,92,68,24,0.7391304347826086,0.2608695652173913,0.5718562874251497,0.34554973821989526
5,0.5,9.0,3.0,168,69,51,18,0.7391304347826086,0.2608695652173913,0.5029940119760479,0.30357142857142855
2,-0.5,9.8,8.0,226,111,82,29,0.7387387387387387,0.26126126126126126,0.6766467065868264,0.3495575221238938
3,-0.5,9.8,8.0,233,111,82,29,0.7387387387387387,0.26126126126126126,0.6976047904191617,0.33905579399141633
1,1.0,9.0,5.0,156,84,62,22,0.7380952380952381,0.2619047619047619,0.46706586826347307,0.38461538461538464
1,-0.5,9.8,6.0,208,103,76,27,0.7378640776699029,0.2621359223300971,0.6227544910179641,0.35096153846153844
5,0.5,9.0,8.0,218,103,76,27,0.7378640776699029,0.2621359223300971,0.6526946107784432,0.3440366972477064
1,0.5,5.0,8.0,129,61,45,16,0.7377049180327869,0.26229508196721313,0.38622754491017963,0.34108527131782945
2,0.5,9.0,3.0,166,80,59,21,0.7375,0.2625,0.49700598802395207,0.3493975903614458
1,-0.5,9.8,3.0,200,99,73,26,0.7373737373737373,0.26262626262626265,0.5988023952095808,0.35
1,0.0,9.0,7.0,189,95,70,25,0.7368421052631579,0.2631578947368421,0.5658682634730539,0.35978835978835977
2,0.5,9.8,5.0,187,95,70,25,0.7368421052631579,0.2631578947368421,0.5598802395209581,0.3582887700534759
3,1.0,9.8,6.0,193,95,70,25,0.7368421052631579,0.2631578947368421,0.5778443113772455,0.3471502590673575
4,0.5,9.8,6.0,205,95,70,25,0.7368421052631579,0.2631578947368421,0.6137724550898204,0.32682926829268294
4,1.0,5.0,7.0,176,76,56,20,0.7368421052631579,0.2631578947368421,0.5269461077844312,0.3125
4,1.0,5.0,3.0,145,57,42,15,0.7368421052631579,0.2631578947368421,0.4341317365269461,0.2896551724137931
4,-0.5,9.8,8.0,236,110,81,29,0.7363636363636363,0.2636363636363636,0.7065868263473054,0.3305084745762712
2,1.0,9.0,6.0,177,91,67,24,0.7362637362637363,0.26373626373626374,0.5299401197604791,0.3672316384180791
3,0.5,9.0,6.0,192,91,67,24,0.7362637362637363,0.26373626373626374,0.5748502994011976,0.3385416666666667
3,0.5,9.8,5.0,192,91,67,24,0.7362637362637363,0.26373626373626374,0.5748502994011976,0.3333333333333333
3,0.5,5.0,6.0,167,72,53,19,0.7361111111111112,0.2638888888888889,0.5,0.31137724550898205
3,-0.5,9.0,8.0,226,106,78,28,0.7358490566037735,0.2641509433962264,0.6766467065868264,0.336283185840708
4,0.0,9.0,8.0,227,106,78,28,0.7358490566037735,0.2641509433962264,0.6796407185628742,0.33480176211453744
3,-0.5,5.0,8.0,201,87,64,23,0.735632183908046,0.26436781609195403,0.6017964071856288,0.31343283582089554
1,-0.5,9.8,5.0,206,102,75,27,0.7352941176470589,0.2647058823529412,0.6167664670658682,0.34951456310679613
5,1.0,9.0,8.0,214,102,75,27,0.7352941176470589,0.2647058823529412,0.6407185628742516,0.34579439252336447
5,1.0,9.0,3.0,164,68,50,18,0.7352941176470589,0.2647058823529412,0.49101796407185627,0.3048780487804878
2,1.0,9.0,3.0,160,79,58,21,0.7341772151898734,0.26582278481012656,0.47904191616766467,0.35625
1,0.0,9.0,6.0,188,94,69,25,0.7340425531914894,0.26595744680851063,0.562874251497006,0.35638297872340424
2,1.0,9.8,5.0,181,94,69,25,0.7340425531914894,0.26595744680851063,0.5419161676646707,0.36464088397790057
4,0.5,9.0,7.0,205,94,69,25,0.7340425531914894,0.26595744680851063,0.6137724550898204,0.32682926829268294
4,1.0,9.8,6.0,199,94,69,25,0.7340425531914894,0.26595744680851063,0.5958083832335329,0.3316582914572864
5,0.0,9.8,8.0,235,109,80,29,0.7339449541284404,0.26605504587155965,0.7035928143712575,0.33191489361702126
2,-0.5,9.0,8.0,218,105,77,28,0.7333333333333333,0.26666666666666666,0.6526946107784432,0.3440366972477064
2,0.0,9.8,7.0,213,105,77,28,0.7333333333333333,0.26666666666666666,0.6377245508982036,0.3474178403755869
1,0.0,9.0,3.0,180,90,66,24,0.7333333333333333,0.26666666666666666,0.5389221556886228,0.35555555555555557
3,1.0,9.0,6.0,186,90,66,24,0.7333333333333333,0.26666666666666666,0.5568862275449101,0.34408602150537637
3,1.0,9.8,5.0,186,90,66,24,0.7333333333333333,0.26666666666666666,0.5568862275449101,0.3387096774193548
4,-0.5,5.0,8.0,208,90,66,24,0.7333333333333333,0.26666666666666666,0.6227544910179641,0.3125
4,0.5,5.0,6.0,177,75,55,20,0.7333333333333333,0.26666666666666666,0.5299401197604791,0.3050847457627119
4,0.5,9.0,3.0,174,75,55,20,0.7333333333333333,0.26666666666666666,0.5209580838323353,0.3103448275862069
5,0.0,9.8,3.0,185,75,55,20,0.7333333333333333,0.26666666666666666,0.5538922155688623,0.2918918918918919
3,0.5,9.0,5.0,185,86,63,23,0.7325581395348837,0.26744186046511625,0.5538922155688623,0.32972972972972975
3,1.0,5.0,6.0,161,71,52,19,0.7323943661971831,0.2676056338028169,0.4820359281437126,0.3167701863354037
5,0.5,7.0,8.0,210,97,71,26,0.7319587628865979,0.26804123711340205,0.6287425149700598,0.3333333333333333
3,0.5,5.0,5.0,160,67,49,18,0.7313432835820896,0.26865671641791045,0.47904191616766467,0.3
3,0.5,7.0,3.0,158,67,49,18,0.7313432835820896,0.26865671641791045,0.47305389221556887,0.310126582278481
1,0.0,9.0,5.0,186,93,68,25,0.7311827956989247,0.26881720430107525,0.5568862275449101,0.3548387096774194
4,1.0,9.0,7.0,199,93,68,25,0.7311827956989247,0.26881720430107525,0.5958083832335329,0.3316582914572864
2,0.0,9.8,6.0,210,104,76,28,0.7307692307692307,0.2692307692307692,0.6287425149700598,0.3476190476190476
2,0.5,9.0,5.0,179,89,65,24,0.7303370786516854,0.2696629213483146,0.5359281437125748,0.35195530726256985
4,0.5,9.8,5.0,197,89,65,24,0.7303370786516854,0.2696629213483146,0.5898203592814372,0.3147208121827411
5,0.5,7.0,3.0,160,63,46,17,0.7301587301587301,0.2698412698412698,0.47904191616766467,0.2875
4,1.0,5.0,6.0,171,74,54,20,0.7297297297297297,0.2702702702702703,0.5119760479041916,0.30994152046783624
4,1.0,9.0,3.0,168,74,54,20,0.7297297297297297,0.2702702702702703,0.5029940119760479,0.31547619047619047
3,0.0,9.8,3.0,191,85,62,23,0.7294117647058823,0.27058823529411763,0.5718562874251497,0.31413612565445026
3,1.0,9.0,5.0,179,85,62,23,0.7294117647058823,0.27058823529411763,0.5359281437125748,0.33519553072625696
5,0.5,9.8,5.0,195,85,62,23,0.7294117647058823,0.27058823529411763,0.5838323353293413,0.3076923076923077
1,-0.5,9.0,7.0,199,96,70,26,0.7291666666666666,0.2708333333333333,0.5958083832335329,0.3417085427135678
3,0.0,7.0,8.0,210,96,70,26,0.7291666666666666,0.2708333333333333,0.6287425149700598,0.32857142857142857
5,1.0,7.0,8.0,206,96,70,26,0.7291666666666666,0.2708333333333333,0.6167664670658682,0.33495145631067963
4,-0.5,9.0,8.0,231,107,78,29,0.7289719626168224,0.27102803738317754,0.6916167664670658,0.329004329004329
1,1.0,5.0,8.0,122,59,43,16,0.7288135593220338,0.2711864406779661,0.3652694610778443,0.3442622950819672
2,0.0,9.8,3.0,193,92,67,25,0.7282608695652174,0.2717391304347826,0.5778443113772455,0.33678756476683935
4,0.5,9.0,6.0,200,92,67,25,0.7282608695652174,0.2717391304347826,0.5988023952095808,0.325
5,0.5,5.0,8.0,202,92,67,25,0.7282608695652174,0.2717391304347826,0.6047904191616766,0.32673267326732675
5,-0.5,9.8,8.0,239,110,80,30,0.7272727272727273,0.2727272727272727,0.7155688622754491,0.3263598326359833
2,0.0,9.0,7.0,205,99,72,27,0.7272727272727273,0.2727272727272727,0.6137724550898204,0.34146341463414637
2,1.0,9.0,5.0,173,88,64,24,0.7272727272727273,0.2727272727272727,0.5179640718562875,0.3583815028901734
4,1.0,9.8,5.0,191,88,64,24,0.7272727272727273,0.2727272727272727,0.5718562874251497,0.3193717277486911
2,0.0,5.0,8.0,175,77,56,21,0.7272727272727273,0.2727272727272727,0.5239520958083832,0.3142857142857143
2,0.5,5.0,7.0,150,66,48,18,0.7272727272727273,0.2727272727272727,0.4491017964071856,0.31333333333333335
3,1.0,5.0,5.0,154,66,48,18,0.7272727272727273,0.2727272727272727,0.46107784431137727,0.3051948051948052
3,1.0,7.0,3.0,152,66,48,18,0.7272727272727273,0.2727272727272727,0.4550898203592814,0.3157894736842105
2,-0.5,9.8,7.0,220,106,77,29,0.7264150943396226,0.27358490566037735,0.6586826347305389,0.33636363636363636
5,0.0,9.0,8.0,230,106,77,29,0.7264150943396226,0.27358490566037735,0.688622754491018,0.33043478260869563
1,-0.5,9.0,6.0,198,95,69,26,0.7263157894736842,0.2736842105263158,0.592814371257485,0.3383838383838384
2,0.5,7.0,8.0,175,84,61,23,0.7261904761904762,0.27380952380952384,0.5239520958083832,0.34285714285714286
3,0.5,7.0,7.0,186,84,61,23,0.7261904761904762,0.27380952380952384,0.5568862275449101,0.3225806451612903
5,1.0,9.8,5.0,191,84,61,23,0.7261904761904762,0.27380952380952384,0.5718562874251497,0.3089005235602094
5,1.0,7.0,3.0,156,62,45,17,0.7258064516129032,0.27419354838709675,0.46706586826347307,0.28846153846153844
3,0.0,9.8,7.0,219,102,74,28,0.7254901960784313,0.27450980392156865,0.655688622754491,0.3242009132420091
1,-0.5,9.0,3.0,190,91,66,25,0.7252747252747253,0.27472527472527475,0.5688622754491018,0.3368421052631579
4,1.0,9.0,6.0,194,91,66,25,0.7252747252747253,0.27472527472527475,0.5808383233532934,0.32989690721649484
5,1.0,5.0,8.0,198,91,66,25,0.7252747252747253,0.27472527472527475,0.592814371257485,0.3282828282828283
3,0.0,9.0,3.0,184,80,58,22,0.725,0.275,0.5508982035928144,0.30978260869565216
4,0.5,5.0,5.0,169,69,50,19,0.7246376811594203,0.2753623188405797,0.5059880239520959,0.28994082840236685
2,0.0,9.0,6.0,202,98,71,27,0.7244897959183674,0.2755102040816326,0.6047904191616766,0.3415841584158416
4,0.0,7.0,8.0,217,98,71,27,0.7244897959183674,0.2755102040816326,0.6497005988023952,0.3225806451612903
5,0.5,5.0,3.0,152,58,42,16,0.7241379310344828,0.27586206896551724,0.4550898203592814,0.27631578947368424
2,-0.5,9.8,6.0,217,105,76,29,0.7238095238095238,0.2761904761904762,0.6497005988023952,0.33640552995391704
1,0.5,7.0,8.0,152,76,55,21,0.7236842105263158,0.27631578947368424,0.4550898203592814,0.35526315789473684
5,-0.5,9.8,3.0,189,76,55,21,0.7236842105263158,0.27631578947368424,0.5658682634730539,0.2857142857142857
1,-0.5,9.0,5.0,196,94,68,26,0.723404255319149,0.2765957446808511,0.5868263473053892,0.336734693877551
2,0.5,5.0,6.0,147,65,47,18,0.7230769230769231,0.27692307692307694,0.44011976047904194,0.3129251700680272
2,1.0,5.0,7.0,144,65,47,18,0.7230769230769231,0.27692307692307694,0.4311377245508982,0.3194444444444444
2,1.0,7.0,8.0,169,83,60,23,0.7228915662650602,0.27710843373493976,0.5059880239520959,0.34911242603550297
3,1.0,7.0,7.0,180,83,60,23,0.7228915662650602,0.27710843373493976,0.5389221556886228,0.3277777777777778
2,0.0,9.8,5.0,206,101,73,28,0.7227722772277227,0.27722772277227725,0.6167664670658682,0.33980582524271846
4,0.0,9.8,7.0,223,101,73,28,0.7227722772277227,0.27722772277227725,0.6676646706586826,0.31390134529147984
5,0.0,9.0,3.0,180,72,52,20,0.7222222222222222,0.2777777777777778,0.5389221556886228,0.28888888888888886
3,-0.5,7.0,8.0,215,97,70,27,0.7216494845360825,0.27835051546391754,0.6437125748502994,0.3209302325581395
3,0.0,9.0,7.0,212,97,70,27,0.7216494845360825,0.27835051546391754,0.6347305389221557,0.32075471698113206
5,0.5,9.8,7.0,213,97,70,27,0.7216494845360825,0.27835051546391754,0.6377245508982036,0.3192488262910798
3,0.0,5.0,3.0,159,61,44,17,0.7213114754098361,0.2786885245901639,0.47604790419161674,0.27672955974842767
2,0.0,9.0,3.0,185,86,62,24,0.7209302325581395,0.27906976744186046,0.5538922155688623,0.32972972972972975
3,-0.5,9.8,3.0,196,86,62,24,0.7209302325581395,0.27906976744186046,0.5868263473053892,0.30612244897959184
4,0.5,7.0,7.0,195,86,62,24,0.7209302325581395,0.27906976744186046,0.5838323353293413,0.3128205128205128
4,0.5,9.0,5.0,192,86,62,24,0.7209302325581395,0.27906976744186046,0.5748502994011976,0.3125
1,0.0,5.0,8.0,152,68,49,19,0.7205882352941176,0.27941176470588236,0.4550898203592814,0.3157894736842105
4,1.0,5.0,5.0,163,68,49,19,0.7205882352941176,0.27941176470588236,0.4880239520958084,0.294478527607362
2,-0.5,9.8,3.0,200,93,67,26,0.7204301075268817,0.27956989247311825,0.5988023952095808,0.325
2,-0.5,9.0,7.0,212,100,72,28,0.72,0.28,0.6347305389221557,0.330188679245283
3,0.0,9.8,6.0,214,100,72,28,0.72,0.28,0.6407185628742516,0.32242990654205606
5,0.0,7.0,8.0,222,100,72,28,0.72,0.28,0.6646706586826348,0.31981981981981983
5,-0.5,9.0,8.0,234,107,77,30,0.719626168224299,0.2803738317757009,0.7005988023952096,0.3247863247863248
3,0.5,7.0,6.0,181,82,59,23,0.7195121951219512,0.2804878048780488,0.5419161676646707,0.32044198895027626
4,0.0,9.8,3.0,192,82,59,23,0.7195121951219512,0.2804878048780488,0.5748502994011976,0.296875
5,0.5,9.0,5.0,190,82,59,23,0.7195121951219512,0.2804878048780488,0.5688622754491018,0.30526315789473685
1,0.5,5.0,7.0,124,57,41,16,0.7192982456140351,0.2807017543859649,0.3712574850299401,0.3225806451612903
5,1.0,5.0,3.0,148,57,41,16,0.7192982456140351,0.2807017543859649,0.4431137724550898,0.27702702702702703
5,1.0,9.8,7.0,209,96,69,27,0.71875,0.28125,0.625748502994012,0.32057416267942584
2,1.0,5.0,6.0,141,64,46,18,0.71875,0.28125,0.4221556886227545,0.3191489361702128
3,-0.5,9.8,7.0,224,103,74,29,0.7184466019417476,0.2815533980582524,0.6706586826347305,0.3169642857142857
2,-0.5,5.0,8.0,182,78,56,22,0.717948717948718,0.28205128205128205,0.5449101796407185,0.3021978021978022
3,0.0,5.0,7.0,187,78,56,22,0.717948717948718,0.28205128205128205,0.5598802395209581,0.29411764705882354
4,1.0,7.0,7.0,189,85,61,24,0.7176470588235294,0.2823529411764706,0.5658682634730539,0.31746031746031744
4,1.0,9.0,5.0,186,85,61,24,0.7176470588235294,0.2823529411764706,0.5568862275449101,0.3172043010752688
2,-0.5,9.0,6.0,209,99,71,28,0.7171717171717171,0.2828282828282828,0.625748502994012,0.33014354066985646
4,-0.5,7.0,8.0,221,99,71,28,0.7171717171717171,0.2828282828282828,0.6616766467065869,0.3167420814479638
4,0.0,9.8,6.0,218,99,71,28,0.7171717171717171,0.2828282828282828,0.6526946107784432,0.3119266055045872
2,0.5,5.0,3.0,130,53,38,15,0.7169811320754716,0.2830188679245283,0.38922155688622756,0.2923076923076923
4,0.5,7.0,3.0,164,67,48,19,0.7164179104477612,0.2835820895522388,0.49101796407185627,0.2926829268292683
1,1.0,7.0,8.0,145,74,53,21,0.7162162162162162,0.28378378378378377,0.4341317365269461,0.3586206896551724
3,-0.5,9.0,3.0,189,81,58,23,0.7160493827160493,0.2839506172839506,0.5658682634730539,0.30158730158730157
3,1.0,7.0,6.0,175,81,58,23,0.7160493827160493,0.2839506172839506,0.5239520958083832,0.32571428571428573
4,0.0,5.0,7.0,195,81,58,23,0.7160493827160493,0.2839506172839506,0.5838323353293413,0.2923076923076923
5,1.0,9.0,5.0,186,81,58,23,0.7160493827160493,0.2839506172839506,0.5568862275449101,0.3064516129032258
5,0.0,9.8,5.0,207,88,63,25,0.7159090909090909,0.2840909090909091,0.6197604790419161,0.2946859903381642
2,0.0,9.0,5.0,198,95,68,27,0.7157894736842105,0.28421052631578947,0.592814371257485,0.3333333333333333
3,0.0,9.0,6.0,207,95,68,27,0.7157894736842105,0.28421052631578947,0.6197604790419161,0.3188405797101449
3,0.0,9.8,5.0,207,95,68,27,0.7157894736842105,0.28421052631578947,0.6197604790419161,0.3140096618357488
5,0.0,5.0,8.0,214,95,68,27,0.7157894736842105,0.28421052631578947,0.6407185628742516,0.3130841121495327
2,-0.5,9.8,5.0,213,102,73,29,0.7156862745098039,0.28431372549019607,0.6377245508982036,0.3286384976525822
4,-0.5,9.8,7.0,227,102,73,29,0.7156862745098039,0.28431372549019607,0.6796407185628742,0.30837004405286345
3,-0.5,9.0,7.0,217,98,70,28,0.7142857142857143,0.2857142857142857,0.6497005988023952,0.31336405529953915
4,0.0,9.0,7.0,218,98,70,28,0.7142857142857143,0.2857142857142857,0.6526946107784432,0.3119266055045872
4,0.5,7.0,6.0,190,84,60,24,0.7142857142857143,0.2857142857142857,0.5688622754491018,0.3105263157894737
3,0.5,7.0,5.0,174,77,55,22,0.7142857142857143,0.2857142857142857,0.5209580838323353,0.3103448275862069
1,0.5,5.0,6.0,123,56,40,16,0.7142857142857143,0.2857142857142857,0.36826347305389223,0.3170731707317073
3,-0.5,9.8,6.0,219,101,72,29,0.7128712871287128,0.2871287128712871,0.655688622754491,0.3150684931506849
5,-0.5,7.0,8.0,226,101,72,29,0.7128712871287128,0.2871287128712871,0.6766467065868264,0.3141592920353982
5,0.5,9.0,7.0,208,94,67,27,0.7127659574468085,0.2872340425531915,0.6227544910179641,0.3173076923076923
5,0.5,9.8,6.0,207,94,67,27,0.7127659574468085,0.2872340425531915,0.6197604790419161,0.3140096618357488
2,-0.5,9.0,3.0,192,87,62,25,0.7126436781609196,0.28735632183908044,0.5748502994011976,0.3177083333333333
5,-0.5,9.0,3.0,184,73,52,21,0.7123287671232876,0.2876712328767123,0.5508982035928144,0.2826086956521739
4,1.0,7.0,3.0,158,66,47,19,0.7121212121212122,0.2878787878787879,0.47305389221556887,0.2974683544303797
5,0.0,7.0,3.0,172,66,47,19,0.7121212121212122,0.2878787878787879,0.5149700598802395,0.27325581395348836
1,0.5,5.0,3.0,115,52,37,15,0.7115384615384616,0.28846153846153844,0.344311377245509,0.3130434782608696
2,1.0,5.0,3.0,124,52,37,15,0.7115384615384616,0.28846153846153844,0.3712574850299401,0.29838709677419356
2,0.0,7.0,8.0,194,90,64,26,0.7111111111111111,0.28888888888888886,0.5808383233532934,0.3247422680412371
3,0.0,9.0,5.0,200,90,64,26,0.7111111111111111,0.28888888888888886,0.5988023952095808,0.31
1,0.0,7.0,8.0,175,83,59,24,0.7108433734939759,0.2891566265060241,0.5239520958083832,0.3314285714285714
4,-0.5,9.8,3.0,196,83,59,24,0.7108433734939759,0.2891566265060241,0.5868263473053892,0.29081632653061223
4,1.0,7.0,6.0,184,83,59,24,0.7108433734939759,0.2891566265060241,0.5508982035928144,0.31521739130434784
3,0.0,5.0,6.0,182,76,54,22,0.7105263157894737,0.2894736842105263,0.5449101796407185,0.29120879120879123
3,1.0,7.0,5.0,168,76,54,22,0.7105263157894737,0.2894736842105263,0.5029940119760479,0.31547619047619047
5,0.5,7.0,5.0,182,76,54,22,0.7105263157894737,0.2894736842105263,0.5449101796407185,0.29120879120879123
1,-0.5,5.0,8.0,162,69,49,20,0.7101449275362319,0.2898550724637681,0.48502994011976047,0.2962962962962963
4,-0.5,9.8,6.0,222,100,71,29,0.71,0.29,0.6646706586826348,0.3063063063063063
5,0.0,9.8,7.0,225,100,71,29,0.71,0.29,0.6736526946107785,0.30666666666666664
4,0.0,9.8,5.0,210,93,66,27,0.7096774193548387,0.2903225806451613,0.6287425149700598,0.3
5,1.0,9.0,7.0,204,93,66,27,0.7096774193548387,0.2903225806451613,0.6107784431137725,0.31862745098039214
5,1.0,9.8,6.0,203,93,66,27,0.7096774193548387,0.2903225806451613,0.6077844311377245,0.31527093596059114
2,0.5,5.0,5.0,143,62,44,18,0.7096774193548387,0.2903225806451613,0.4281437125748503,0.3006993006993007
3,-0.5,5.0,3.0,164,62,44,18,0.7096774193548387,0.2903225806451613,0.49101796407185627,0.2682926829268293
4,0.0,5.0,3.0,164,62,44,18,0.7096774193548387,0.2903225806451613,0.49101796407185627,0.2682926829268293
1,0.5,5.0,5.0,121,55,39,16,0.7090909090909091,0.2909090909090909,0.36227544910179643,0.3140495867768595
1,1.0,5.0,7.0,117,55,39,16,0.7090909090909091,0.2909090909090909,0.3502994011976048,0.3247863247863248
2,0.5,7.0,7.0,169,79,56,23,0.7088607594936709,0.2911392405063291,0.5059880239520959,0.3254437869822485
3,-0.5,5.0,7.0,192,79,56,23,0.7088607594936709,0.2911392405063291,0.5748502994011976,0.2864583333333333
4,0.0,5.0,6.0,190,79,56,23,0.7088607594936709,0.2911392405063291,0.5688622754491018,0.2894736842105263
4,0.0,9.0,3.0,187,79,56,23,0.7088607594936709,0.2911392405063291,0.5598802395209581,0.29411764705882354
2,-0.5,9.0,5.0,205,96,68,28,0.7083333333333334,0.2916666666666667,0.6137724550898204,0.32195121951219513
3,-0.5,9.0,6.0,212,96,68,28,0.7083333333333334,0.2916666666666667,0.6347305389221557,0.3113207547169811
3,-0.5,9.8,5.0,212,96,68,28,0.7083333333333334,0.2916666666666667,0.6347305389221557,0.30660377358490565
4,0.0,9.0,6.0,213,96,68,28,0.7083333333333334,0.2916666666666667,0.6377245508982036,0.30985915492957744
5,-0.5,5.0,8.0,218,96,68,28,0.7083333333333334,0.2916666666666667,0.6526946107784432,0.3073394495412844
1,0.5,7.0,7.0,147,72,51,21,0.7083333333333334,0.2916666666666667,0.44011976047904194,0.3401360544217687
2,0.0,5.0,7.0,169,72,51,21,0.7083333333333334,0.2916666666666667,0.5059880239520959,0.2958579881656805
5,-0.5,9.8,5.0,211,89,63,26,0.7078651685393258,0.29213483146067415,0.6317365269461078,0.2890995260663507
4,-0.5,5.0,7.0,199,82,58,24,0.7073170731707317,0.2926829268292683,0.5958083832335329,0.2864321608040201
4,-0.5,9.0,7.0,222,99,70,29,0.7070707070707071,0.29292929292929293,0.6646706586826348,0.3063063063063063
5,1.0,7.0,5.0,178,75,53,22,0.7066666666666667,0.29333333333333333,0.5329341317365269,0.29213483146067415
5,0.0,9.0,5.0,202,85,60,25,0.7058823529411765,0.29411764705882354,0.6047904191616766,0.29207920792079206
2,0.5,7.0,6.0,166,78,55,23,0.7051282051282052,0.2948717948717949,0.49700598802395207,0.3253012048192771
2,1.0,7.0,7.0,163,78,55,23,0.7051282051282052,0.2948717948717949,0.4880239520958084,0.3312883435582822
4,0.5,7.0,5.0,182,78,55,23,0.7051282051282052,0.2948717948717949,0.5449101796407185,0.2967032967032967
2,1.0,5.0,5.0,137,61,43,18,0.7049180327868853,0.29508196721311475,0.4101796407185629,0.30656934306569344
5,0.0,5.0,3.0,164,61,43,18,0.7049180327868853,0.29508196721311475,0.49101796407185627,0.2621951219512195
3,0.0,7.0,7.0,201,88,62,26,0.7045454545454546,0.29545454545454547,0.6017964071856288,0.3034825870646766
5,0.5,7.0,7.0,200,88,62,26,0.7045454545454546,0.29545454545454547,0.5988023952095808,0.305
1,0.5,7.0,6.0,146,71,50,21,0.704225352112676,0.29577464788732394,0.437125748502994,0.3356164383561644
2,0.0,5.0,6.0,166,71,50,21,0.704225352112676,0.29577464788732394,0.49700598802395207,0.29518072289156627
3,0.0,5.0,5.0,175,71,50,21,0.704225352112676,0.29577464788732394,0.5239520958083832,0.28
3,0.0,7.0,3.0,173,71,50,21,0.704225352112676,0.29577464788732394,0.5179640718562875,0.28901734104046245
5,0.5,5.0,5.0,174,71,50,21,0.704225352112676,0.29577464788732394,0.5209580838323353,0.28160919540229884
1,1.0,5.0,6.0,116,54,38,16,0.7037037037037037,0.2962962962962963,0.3473053892215569,0.31896551724137934
2,-0.5,7.0,8.0,201,91,64,27,0.7032967032967034,0.2967032967032967,0.6017964071856288,0.31343283582089554
3,-0.5,9.0,5.0,205,91,64,27,0.7032967032967034,0.2967032967032967,0.6137724550898204,0.3024390243902439
5,0.5,9.0,6.0,202,91,64,27,0.7032967032967034,0.2967032967032967,0.6047904191616766,0.3118811881188119
1,0.0,5.0,7.0,147,64,45,19,0.703125,0.296875,0.44011976047904194,0.29931972789115646
5,-0.5,9.8,7.0,229,101,71,30,0.7029702970297029,0.297029702970297,0.6856287425149701,0.30131004366812225
1,-0.5,7.0,8.0,185,84,59,25,0.7023809523809523,0.2976190476190476,0.5538922155688623,0.31351351351351353
4,-0.5,9.8,5.0,214,94,66,28,0.7021276595744681,0.2978723404255319,0.6407185628742516,0.29439252336448596
1,0.5,7.0,3.0,138,67,47,20,0.7014925373134329,0.29850746268656714,0.41317365269461076,0.3333333333333333
5,-0.5,7.0,3.0,176,67,47,20,0.7014925373134329,0.29850746268656714,0.5269461077844312,0.26704545454545453
2,1.0,7.0,6.0,160,77,54,23,0.7012987012987013,0.2987012987012987,0.47904191616766467,0.33125
3,-0.5,5.0,6.0,187,77,54,23,0.7012987012987013,0.2987012987012987,0.5598802395209581,0.28342245989304815
4,1.0,7.0,5.0,176,77,54,23,0.7012987012987013,0.2987012987012987,0.5269461077844312,0.30113636363636365
5,1.0,7.0,7.0,196,87,61,26,0.7011494252873564,0.2988505747126437,0.5868263473053892,0.30612244897959184
4,-0.5,9.0,6.0,217,97,68,29,0.7010309278350515,0.29896907216494845,0.6497005988023952,0.30414746543778803
5,0.0,9.0,7.0,220,97,68,29,0.7010309278350515,0.29896907216494845,0.6586826347305389,0.30454545454545456
5,0.0,9.8,6.0,219,97,68,29,0.7010309278350515,0.29896907216494845,0.655688622754491,0.3013698630136986
4,0.0,7.0,7.0,208,90,63,27,0.7,0.3,0.6227544910179641,0.2980769230769231
4,0.0,9.0,5.0,205,90,63,27,0.7,0.3,0.6137724550898204,0.2975609756097561
5,1.0,9.0,6.0,198,90,63,27,0.7,0.3,0.592814371257485,0.31313131313131315
4,-0.5,5.0,6.0,194,80,56,24,0.7,0.3,0.5808383233532934,0.28350515463917525
4,-0.5,9.0,3.0,191,80,56,24,0.7,0.3,0.5718562874251497,0.2879581151832461
1,0.5,7.0,5.0,144,70,49,21,0.7,0.3,0.4311377245508982,0.3333333333333333
1,1.0,7.0,7.0,140,70,49,21,0.7,0.3,0.41916167664670656,0.34285714285714286
5,1.0,5.0,5.0,170,70,49,21,0.7,0.3,0.5089820359281437,0.2823529411764706
1,1.0,5.0,3.0,108,50,35,15,0.7,0.3,0.32335329341317365,0.3148148148148148
5,0.5,5.0,7.0,192,83,58,25,0.6987951807228916,0.30120481927710846,0.5748502994011976,0.296875
2,-0.5,5.0,7.0,176,73,51,22,0.6986301369863014,0.3013698630136986,0.5269461077844312,0.2840909090909091
4,0.0,5.0,5.0,182,73,51,22,0.6986301369863014,0.3013698630136986,0.5449101796407185,0.27472527472527475
1,0.0,5.0,6.0,146,63,44,19,0.6984126984126984,0.30158730158730157,0.437125748502994,0.2945205479452055
4,-0.5,5.0,3.0,168,63,44,19,0.6984126984126984,0.30158730158730157,0.5029940119760479,0.2619047619047619
1,1.0,5.0,5.0,114,53,37,16,0.6981132075471698,0.3018867924528302,0.3413173652694611,0.3157894736842105
3,0.0,7.0,6.0,196,86,60,26,0.6976744186046512,0.3023255813953488,0.5868263473053892,0.3010204081632653
5,-0.5,9.0,5.0,206,86,60,26,0.6976744186046512,0.3023255813953488,0.6167664670658682,0.28640776699029125
2,0.5,7.0,3.0,149,66,46,20,0.696969696969697,0.30303030303030304,0.44610778443113774,0.3087248322147651
3,-0.5,7.0,7.0,206,89,62,27,0.6966292134831461,0.30337078651685395,0.6167664670658682,0.2961165048543689
1,0.0,7.0,7.0,170,79,55,24,0.6962025316455697,0.3037974683544304,0.5089820359281437,0.3176470588235294
5,0.0,7.0,5.0,194,79,55,24,0.6962025316455697,0.3037974683544304,0.5808383233532934,0.27835051546391754
1,1.0,7.0,6.0,139,69,48,21,0.6956521739130435,0.30434782608695654,0.4161676646706587,0.3381294964028777
5,1.0,5.0,7.0,188,82,57,25,0.6951219512195121,0.3048780487804878,0.562874251497006,0.2978723404255319
1,0.0,5.0,3.0,138,59,41,18,0.6949152542372882,0.3050847457627119,0.41317365269461076,0.2898550724637681
2,0.0,5.0,3.0,149,59,41,18,0.6949152542372882,0.3050847457627119,0.44610778443113774,0.2751677852348993
2,-0.5,5.0,6.0,173,72,50,22,0.6944444444444444,0.3055555555555556,0.5179640718562875,0.2832369942196532
3,-0.5,5.0,5.0,180,72,50,22,0.6944444444444444,0.3055555555555556,0.5389221556886228,0.2722222222222222
3,-0.5,7.0,3.0,178,72,50,22,0.6944444444444444,0.3055555555555556,0.5329341317365269,0.2808988764044944
2,0.0,7.0,7.0,188,85,59,26,0.6941176470588235,0.3058823529411765,0.562874251497006,0.30851063829787234
5,0.5,7.0,6.0,194,85,59,26,0.6941176470588235,0.3058823529411765,0.5808383233532934,0.29896907216494845
5,-0.5,9.0,7.0,224,98,68,30,0.6938775510204082,0.30612244897959184,0.6706586826347305,0.29910714285714285
5,-0.5,9.8,6.0,223,98,68,30,0.6938775510204082,0.30612244897959184,0.6676646706586826,0.29596412556053814
1,0.0,5.0,5.0,144,62,43,19,0.6935483870967742,0.3064516129032258,0.4311377245508982,0.2916666666666667
5,-0.5,5.0,3.0,168,62,43,19,0.6935483870967742,0.3064516129032258,0.5029940119760479,0.25595238095238093
2,0.5,7.0,5.0,162,75,52,23,0.6933333333333334,0.30666666666666664,0.48502994011976047,0.3148148148148148
4,0.0,7.0,6.0,203,88,61,27,0.6931818181818182,0.3068181818181818,0.6077844311377245,0.2955665024630542
4,-0.5,7.0,7.0,212,91,63,28,0.6923076923076923,0.3076923076923077,0.6347305389221557,0.29245283018867924
4,-0.5,9.0,5.0,209,91,63,28,0.6923076923076923,0.3076923076923077,0.625748502994012,0.291866028708134
5,0.0,7.0,7.0,212,91,63,28,0.6923076923076923,0.3076923076923077,0.6347305389221557,0.29245283018867924
1,0.0,7.0,6.0,169,78,54,24,0.6923076923076923,0.3076923076923077,0.5059880239520959,0.3136094674556213
1,-0.5,5.0,7.0,157,65,45,20,0.6923076923076923,0.3076923076923077,0.47005988023952094,0.2802547770700637
1,1.0,7.0,3.0,131,65,45,20,0.6923076923076923,0.3076923076923077,0.39221556886227543,0.33587786259541985
2,1.0,7.0,3.0,143,65,45,20,0.6923076923076923,0.3076923076923077,0.4281437125748503,0.3146853146853147
5,0.0,9.0,6.0,214,94,65,29,0.6914893617021277,0.30851063829787234,0.6407185628742516,0.29906542056074764
3,0.0,7.0,5.0,189,81,56,25,0.691358024691358,0.30864197530864196,0.5658682634730539,0.291005291005291
1,1.0,7.0,5.0,137,68,47,21,0.6911764705882353,0.3088235294117647,0.4101796407185629,0.3357664233576642
2,0.0,5.0,5.0,162,68,47,21,0.6911764705882353,0.3088235294117647,0.48502994011976047,0.2839506172839506
2,0.0,7.0,6.0,185,84,58,26,0.6904761904761905,0.30952380952380953,0.5538922155688623,0.3081081081081081
5,1.0,7.0,6.0,190,84,58,26,0.6904761904761905,0.30952380952380953,0.5688622754491018,0.3
4,0.0,7.0,3.0,177,71,49,22,0.6901408450704225,0.30985915492957744,0.5299401197604791,0.2768361581920904
3,-0.5,7.0,6.0,201,87,60,27,0.6896551724137931,0.3103448275862069,0.6017964071856288,0.2935323383084577
1,0.0,7.0,3.0,161,74,51,23,0.6891891891891891,0.3108108108108108,0.4820359281437126,0.3105590062111801
2,1.0,7.0,5.0,156,74,51,23,0.6891891891891891,0.3108108108108108,0.46706586826347307,0.32051282051282054
4,-0.5,5.0,5.0,186,74,51,23,0.6891891891891891,0.3108108108108108,0.5568862275449101,0.26881720430107525
5,0.0,5.0,5.0,186,74,51,23,0.6891891891891891,0.3108108108108108,0.5568862275449101,0.26881720430107525
1,0.0,7.0,5.0,167,77,53,24,0.6883116883116883,0.3116883116883117,0.5,0.31137724550898205
1,-0.5,7.0,7.0,180,80,55,25,0.6875,0.3125,0.5389221556886228,0.3
5,-0.5,7.0,5.0,198,80,55,25,0.6875,0.3125,0.592814371257485,0.2727272727272727
5,0.5,5.0,6.0,186,80,55,25,0.6875,0.3125,0.5568862275449101,0.2903225806451613
1,-0.5,5.0,6.0,156,64,44,20,0.6875,0.3125,0.46706586826347307,0.27564102564102566
2,-0.5,7.0,7.0,195,86,59,27,0.686046511627907,0.313953488372093,0.5838323353293413,0.29743589743589743
5,0.0,5.0,7.0,204,86,59,27,0.686046511627907,0.313953488372093,0.6107784431137725,0.28431372549019607
4,-0.5,7.0,6.0,207,89,61,28,0.6853932584269663,0.3146067415730337,0.6197604790419161,0.2898550724637681
5,-0.5,7.0,7.0,216,92,63,29,0.6847826086956522,0.31521739130434784,0.6467065868263473,0.28703703703703703
5,-0.5,9.0,6.0,218,95,65,30,0.6842105263157895,0.3157894736842105,0.6526946107784432,0.29357798165137616
1,-0.5,7.0,6.0,179,79,54,25,0.6835443037974683,0.31645569620253167,0.5359281437125748,0.29608938547486036
5,1.0,5.0,6.0,182,79,54,25,0.6835443037974683,0.31645569620253167,0.5449101796407185,0.29120879120879123
1,-0.5,5.0,3.0,148,60,41,19,0.6833333333333333,0.31666666666666665,0.4431137724550898,0.2702702702702703
2,-0.5,5.0,3.0,156,60,41,19,0.6833333333333333,0.31666666666666665,0.46706586826347307,0.26282051282051283
3,-0.5,7.0,5.0,194,82,56,26,0.6829268292682927,0.3170731707317073,0.5808383233532934,0.28350515463917525
4,0.0,7.0,5.0,195,82,56,26,0.6829268292682927,0.3170731707317073,0.5838323353293413,0.28205128205128205
1,-0.5,5.0,5.0,154,63,43,20,0.6825396825396826,0.31746031746031744,0.46107784431137727,0.2727272727272727
2,-0.5,7.0,6.0,192,85,58,27,0.6823529411764706,0.3176470588235294,0.5748502994011976,0.296875
5,0.0,7.0,6.0,206,88,60,28,0.6818181818181818,0.3181818181818182,0.6167664670658682,0.28640776699029125
2,-0.5,5.0,5.0,169,69,47,22,0.6811594202898551,0.3188405797101449,0.5059880239520959,0.27218934911242604
2,0.0,7.0,3.0,168,72,49,23,0.6805555555555556,0.3194444444444444,0.5029940119760479,0.2916666666666667
4,-0.5,7.0,3.0,181,72,49,23,0.6805555555555556,0.3194444444444444,0.5419161676646707,0.27071823204419887
1,-0.5,7.0,3.0,171,75,51,24,0.68,0.32,0.5119760479041916,0.29239766081871343
5,-0.5,5.0,5.0,190,75,51,24,0.68,0.32,0.5688622754491018,0.2631578947368421
1,-0.5,7.0,5.0,177,78,53,25,0.6794871794871795,0.32051282051282054,0.5299401197604791,0.2937853107344633
2,0.0,7.0,5.0,181,81,55,26,0.6790123456790124,0.32098765432098764,0.5419161676646707,0.2983425414364641
5,-0.5,5.0,7.0,208,87,59,28,0.6781609195402298,0.3218390804597701,0.6227544910179641,0.27884615384615385
4,-0.5,7.0,5.0,199,83,56,27,0.6746987951807228,0.3253012048192771,0.5958083832335329,0.27638190954773867
5,0.0,5.0,6.0,198,83,56,27,0.6746987951807228,0.3253012048192771,0.592814371257485,0.2777777777777778
5,-0.5,7.0,6.0,210,89,60,29,0.6741573033707865,0.3258426966292135,0.6287425149700598,0.28095238095238095
2,-0.5,7.0,3.0,175,73,49,24,0.6712328767123288,0.3287671232876712,0.5239520958083832,0.28
2,-0.5,7.0,5.0,188,82,55,27,0.6707317073170732,0.32926829268292684,0.562874251497006,0.2872340425531915
5,-0.5,5.0,6.0,202,84,56,28,0.6666666666666666,0.3333333333333333,0.6047904191616766,0.2722772277227723
