T,T1,code,name,theme,boards,rank,fb,yizi,amt,is_anchor,down_h,anchor_type,seal_rank_theme,first_seal_sec,cont,score,prob
2025-11-28,2025-12-01,002632,道明光学,消费电子,2,25,0,1,1.34,0,2,anchor_nat_yizi,1,-300,1,80.12,0.8012
2026-03-05,2026-03-06,605268,王力安防,地产链,2,26,0,1,0.47,0,2,anchor_nat_yizi,1,-265,1,80.09,0.8009
2026-02-12,2026-02-13,600589,大位科技,算力,4,1,11,1,3.45,0,4,anchor_nat_yizi,1,-247,0,80.07,0.8007
2026-05-26,2026-05-27,600162,香江控股,地产链,2,17,0,1,0.62,0,2,anchor_nat_yizi,1,-249,1,80.07,0.8007
2026-06-23,2026-06-24,002674,兴业科技,芯片,3,2,9,1,0.19,0,3,anchor_nat_yizi,1,-300,1,79.47,0.7947
2026-02-02,2026-02-03,603103,横店影视,文化传媒,3,14,0,1,0.75,0,3,anchor_nat_yizi,1,-255,1,79.43,0.7943
2025-12-16,2025-12-17,600865,百大集团,零售,4,2,6,1,1.23,0,4,anchor_nat_yizi,1,-260,1,78.77,0.7877
2026-06-03,2026-06-04,603330,天洋新材,通信,3,3,5,1,1.01,1,3,anchor_nat_yizi,2,-253,1,68.33,0.6833
2026-03-03,2026-03-04,603318,水发燃气,天然气,3,1,22,1,1.35,1,3,anchor_nat_yizi,1,-252,1,68.32,0.6832
2025-11-28,2025-12-01,002792,通宇通讯,商业航天,2,1,11,1,1.74,1,2,anchor_nat_yizi,1,-300,1,67.52,0.6752
2025-12-01,2025-12-02,002792,通宇通讯,商业航天,3,6,1,1,0.81,1,3,anchor_nat_yizi,4,-300,1,67.52,0.6752
2026-02-10,2026-02-11,002455,百川股份,化工,3,4,2,1,1.23,1,3,anchor_nat_yizi,1,-300,1,67.52,0.6752
2026-04-22,2026-04-23,002081,金螳螂,商业航天,4,17,0,1,3.03,1,4,anchor_nat_yizi,1,-300,1,67.52,0.6752
2026-05-26,2026-05-27,002388,新亚制程,华为概念,2,17,0,1,0.79,1,2,anchor_nat_yizi,1,-300,0,67.52,0.6752
2026-07-29,2026-07-30,003032,传智教育,AI应用,3,6,4,1,0.77,1,3,anchor_nat_yizi,1,-300,1,67.52,0.6752
2026-05-06,2026-05-07,603399,永杉锂业,锂电池,4,6,3,1,1.63,1,4,anchor_nat_yizi,1,-266,0,67.47,0.6747
2026-06-02,2026-06-03,603890,春秋电子,AI PC,3,16,0,1,1.15,1,3,anchor_nat_yizi,1,-265,0,67.47,0.6747
2026-06-11,2026-06-12,600500,中化国际,通信,3,3,6,1,2.8,1,3,anchor_nat_yizi,1,-266,0,67.47,0.6747
2025-10-14,2025-10-15,600078,澄星股份,固态电池,4,21,0,1,0.73,1,4,anchor_nat_yizi,1,-259,0,67.46,0.6746
2025-10-10,2025-10-13,603011,合锻智能,核电,3,7,2,1,1.3,1,3,anchor_nat_yizi,2,-250,1,67.45,0.6745
2026-06-17,2026-06-18,601636,旗滨集团,芯片,3,1,17,1,5.64,1,3,anchor_nat_yizi,1,-252,0,67.45,0.6745
2026-05-22,2026-05-25,600611,大众交通,芯片,3,3,11,1,3.58,1,3,anchor_nat_yizi,1,-242,0,67.43,0.6743
2026-05-19,2026-05-20,603082,北自科技,机器人概念,4,1,13,1,2.64,1,4,anchor_nat_yizi,1,1,0,67.09,0.6709
2026-07-03,2026-07-06,600793,宜宾纸业,造纸,3,29,0,1,0.59,1,3,anchor_nat_yizi,1,1,1,67.09,0.6709
2025-10-30,2025-10-31,002790,瑞尔特,福建,3,3,3,1,1.04,1,3,anchor_nat_yizi,1,-300,1,66.63,0.6663
2025-10-31,2025-11-03,002790,瑞尔特,福建,4,6,2,1,1.0,1,4,anchor_nat_yizi,1,-300,0,66.63,0.6663
2026-03-19,2026-03-20,000020,深华发Ａ,地产链,4,11,0,1,0.69,1,4,anchor_nat_yizi,1,-300,1,66.63,0.6663
2026-05-12,2026-05-13,002918,蒙娜丽莎,芯片,3,1,9,1,0.56,1,3,anchor_nat_yizi,1,-300,1,66.63,0.6663
2026-06-23,2026-06-24,002167,东方锆业,非金属材料,3,9,2,1,19.13,1,3,anchor_nat_yizi,1,-300,1,66.63,0.6663
2026-07-08,2026-07-09,001229,魅视科技,物理AI,2,20,0,1,0.48,1,2,anchor_nat_yizi,1,-300,0,66.63,0.6663
2026-07-17,2026-07-20,002677,浙江美大,实控人变更,3,13,0,1,0.55,1,3,anchor_nat_yizi,1,-300,0,66.63,0.6663
2026-02-02,2026-02-03,603172,万丰股份,化工,3,14,0,1,1.49,1,3,anchor_nat_yizi,1,-265,1,66.58,0.6658
2026-02-24,2026-02-25,605033,美邦股份,农业,4,25,0,1,0.94,1,4,anchor_nat_yizi,1,-267,0,66.58,0.6658
2025-11-27,2025-11-28,600828,茂业商业,零售,3,18,0,1,0.41,1,3,anchor_nat_yizi,1,-251,1,66.56,0.6656
2025-11-26,2025-11-27,600734,实达集团,人工智能,5,2,5,1,2.71,1,5,anchor_nat_yizi,2,-244,0,66.55,0.6655
2026-05-08,2026-05-11,603045,福达合金,算力,4,3,6,1,1.04,1,4,anchor_nat_yizi,3,-245,1,66.55,0.6655
2026-06-01,2026-06-02,603890,春秋电子,AI PC,2,5,7,1,1.18,1,2,anchor_nat_yizi,1,-244,1,66.55,0.6655
2026-01-19,2026-01-20,002931,锋龙股份,机器人概念,14,2,10,1,2.18,1,14,anchor_nat_yizi,1,-241,1,66.54,0.6654
2026-04-24,2026-04-27,603318,水发燃气,燃气轮机,3,19,0,1,1.84,1,3,anchor_nat_yizi,1,-241,1,66.54,0.6654
2026-06-24,2026-06-25,002674,兴业科技,芯片,4,1,28,1,0.55,1,4,anchor_nat_yizi,1,-241,1,66.54,0.6654
2025-12-16,2025-12-17,000890,法尔胜,通信,4,10,0,1,1.58,1,4,anchor_nat_yizi,1,-300,0,65.73,0.6573
2025-12-19,2025-12-22,002788,鹭燕医药,医药,3,14,1,1,0.49,1,3,anchor_nat_yizi,1,-300,1,65.73,0.6573
2026-04-15,2026-04-16,002297,博云新材,商业航天,3,3,3,1,1.43,1,3,anchor_nat_yizi,1,-300,1,65.73,0.6573
2025-12-10,2025-12-11,600693,东百集团,零售,4,5,3,1,0.6,1,4,anchor_nat_yizi,2,-264,1,65.68,0.6568
2026-04-21,2026-04-22,600961,株冶集团,一季报增长,4,10,1,1,3.17,1,4,anchor_nat_yizi,1,-263,0,65.67,0.6567
2026-05-14,2026-05-15,603007,花王股份,通信,3,3,4,1,2.68,1,3,anchor_nat_yizi,1,-248,0,65.65,0.6565
2025-12-04,2025-12-05,002300,太阳电缆,海峡两岸,3,6,1,1,1.42,1,3,anchor_nat_yizi,1,-241,1,65.64,0.6564
2025-10-29,2025-10-30,000592,平潭发展,福建,5,18,0,1,1.29,1,5,anchor_nat_yizi,1,-300,0,64.82,0.6482
2025-11-21,2025-11-24,000017,深中华A,黄金,3,12,0,1,0.94,1,3,anchor_nat_yizi,1,-300,0,64.82,0.6482
2026-04-08,2026-04-09,000586,汇源通信,通信,4,2,18,1,0.87,1,4,anchor_nat_yizi,1,-300,1,64.82,0.6482
2026-04-20,2026-04-21,600961,株冶集团,一季报增长,3,3,4,1,1.24,1,3,anchor_nat_yizi,1,-258,1,64.76,0.6476
2025-10-24,2025-10-27,000620,盈新发展,并购重组,5,18,0,1,0.36,1,5,anchor_nat_yizi,1,-300,1,63.89,0.6389
2025-11-14,2025-11-17,002083,孚日股份,锂电池,7,3,6,1,0.74,1,7,anchor_nat_yizi,1,-300,1,63.89,0.6389
2025-12-30,2025-12-31,002931,锋龙股份,机器人概念,5,1,12,1,0.04,1,5,anchor_nat_yizi,1,-300,1,63.89,0.6389
2026-03-26,2026-03-27,000720,新能泰山,智能电网,3,4,3,1,1.06,1,3,anchor_nat_yizi,1,-300,1,63.89,0.6389
2025-11-18,2025-11-19,601566,九牧王,海峡两岸,5,17,0,1,3.03,1,5,anchor_nat_yizi,2,-266,1,63.84,0.6384
2026-01-30,2026-02-02,603172,万丰股份,化工,2,5,3,1,0.38,1,2,anchor_nat_yizi,1,-264,1,63.84,0.6384
2025-11-10,2025-11-11,002083,孚日股份,锂电池,3,1,7,1,1.56,1,3,anchor_nat_yizi,1,-300,1,62.96,0.6296
2026-07-10,2026-07-13,002414,高德红外,中报增长,2,2,9,0,29.79,1,2,anchor_two,1,-300,0,41.47,0.4147
2026-02-06,2026-02-09,600814,杭州解百,零售,3,20,0,0,7.46,0,3,anchor_reorg,1,-245,0,41.38,0.4138
2026-05-27,2026-05-28,002579,中京电子,通信,2,6,2,0,16.91,1,2,anchor_two,1,-241,1,41.38,0.4138
2026-06-30,2026-07-01,002638,勤上股份,LED,2,31,0,0,0.95,0,2,anchor_two,1,36,0,40.95,0.4095
2026-07-10,2026-07-13,002346,柘中股份,智能电网,2,9,2,0,2.06,0,2,anchor_two,1,36,0,40.95,0.4095
2026-07-01,2026-07-02,002738,中矿资源,锂电池,2,23,1,0,12.73,0,2,anchor_nat_yizi,1,54,0,40.92,0.4092
2026-06-03,2026-06-04,600367,红星发展,元器件,3,10,1,0,5.52,0,3,anchor_nat_yizi,1,78,1,40.89,0.4089
2026-07-01,2026-07-02,603379,三美股份,化工,2,3,8,0,35.91,0,2,anchor_nat_yizi,1,89,0,40.87,0.4087
2026-06-30,2026-07-01,002407,多氟多,芯片,2,1,29,0,93.93,1,2,anchor_two,2,108,1,40.84,0.4084
2026-06-30,2026-07-01,603950,长源东谷,发电机,2,31,0,0,3.94,0,2,anchor_two,1,107,0,40.84,0.4084
2026-07-01,2026-07-02,002747,埃斯顿,机器人概念,2,1,19,0,21.97,0,2,anchor_nat_yizi,1,108,0,40.84,0.4084
2026-03-03,2026-03-04,600108,亚盛集团,有色金属,3,11,0,0,22.49,0,3,anchor_nat_yizi,1,115,1,40.83,0.4083
2026-07-10,2026-07-13,000887,中鼎股份,机器人概念,2,4,7,0,22.34,0,2,anchor_two,1,123,0,40.82,0.4082
2026-03-03,2026-03-04,603353,和顺石油,石油石化,3,3,4,0,9.82,0,3,anchor_nat_yizi,8,128,0,40.81,0.4081
2026-07-01,2026-07-02,002167,东方锆业,非金属材料,2,43,0,0,39.66,0,2,anchor_nat_yizi,1,135,0,40.8,0.408
2026-07-09,2026-07-10,603928,兴业股份,芯片,2,1,34,0,11.72,0,2,anchor_two,1,147,0,40.78,0.4078
2026-07-14,2026-07-15,001388,信通电子,机器人概念,2,2,7,0,1.02,0,2,anchor_reorg,1,162,1,40.76,0.4076
2026-07-01,2026-07-02,002396,星网锐捷,通信,2,7,4,0,8.74,0,2,anchor_nat_yizi,1,177,0,40.73,0.4073
2026-06-30,2026-07-01,600113,浙江东日,零售,2,31,0,0,3.58,0,2,anchor_two,1,211,1,40.68,0.4068
2026-05-27,2026-05-28,002771,真视通,算力,2,6,2,0,5.69,0,2,anchor_two,1,234,0,40.65,0.4065
2025-10-16,2025-10-17,002942,新农股份,化工,3,7,1,0,4.8,0,3,anchor_reorg,1,255,0,40.61,0.4061
2026-06-30,2026-07-01,001229,魅视科技,物理AI,2,15,1,0,1.23,0,2,anchor_two,1,282,0,40.57,0.4057
2026-07-20,2026-07-21,600744,华银电力,电力,2,1,12,0,11.26,1,2,anchor_two,3,300,1,40.55,0.4055
2026-07-01,2026-07-02,002053,云南能投,电力,2,23,1,0,2.38,0,2,anchor_nat_yizi,1,315,0,40.52,0.4052
2025-10-14,2025-10-15,000969,安泰科技,稀土永磁,4,21,0,0,13.1,0,4,anchor_nat_yizi,1,-300,0,40.49,0.4049
2025-10-15,2025-10-16,000626,远大控股,食品饮料,2,23,0,0,3.03,0,2,anchor_reorg,1,-300,1,40.49,0.4049
2026-03-02,2026-03-03,000035,中国天楹,化工,2,2,9,0,9.63,0,2,anchor_nat_yizi,1,-300,0,40.49,0.4049
2026-03-05,2026-03-06,002877,智能自控,人工智能,2,6,2,0,4.0,0,2,anchor_nat_yizi,1,-300,0,40.49,0.4049
2026-06-11,2026-06-12,002971,和远气体,芯片,3,1,19,0,12.49,0,3,anchor_nat_yizi,1,-300,1,40.49,0.4049
2026-06-17,2026-06-18,000777,中核科技,中字头,3,6,2,0,17.02,0,3,anchor_nat_yizi,1,-300,0,40.49,0.4049
2026-07-29,2026-07-30,000428,华天酒店,旅游,3,29,0,0,1.75,0,3,anchor_nat_yizi,1,-300,0,40.49,0.4049
2026-07-20,2026-07-21,600722,金牛化工,化工,2,8,1,0,4.52,0,2,anchor_two,1,346,0,40.47,0.4047
2026-06-15,2026-06-16,603738,泰晶科技,通信,2,1,37,0,47.5,0,2,anchor_reorg,1,-263,0,40.44,0.4044
2026-07-29,2026-07-30,605068,明新旭腾,机器人概念,3,3,5,0,1.05,0,3,anchor_nat_yizi,1,-263,1,40.44,0.4044
2025-10-16,2025-10-17,600403,大有能源,煤炭,3,5,2,0,8.7,0,3,anchor_reorg,1,380,1,40.42,0.4042
2026-02-26,2026-02-27,600078,澄星股份,化工,3,14,1,0,6.58,0,3,anchor_nat_yizi,2,-254,0,40.42,0.4042
2026-06-30,2026-07-01,603033,三维股份,化工,2,7,4,0,1.29,0,2,anchor_two,1,481,0,40.27,0.4027
2026-07-09,2026-07-10,000977,浪潮信息,中报增长,2,2,7,0,185.34,1,2,anchor_two,1,513,0,40.22,0.4022
2026-05-27,2026-05-28,001257,盛龙股份,有色金属,2,21,0,0,11.15,0,2,anchor_two,1,519,0,40.21,0.4021
2026-05-22,2026-05-25,000518,四环生物,ST摘帽,3,25,0,0,7.05,0,3,anchor_nat_yizi,1,3,1,40.03,0.4003
2026-03-02,2026-03-03,603353,和顺石油,石油石化,2,1,24,0,9.38,0,2,anchor_nat_yizi,1,31,1,39.99,0.3999
2026-05-06,2026-05-07,600379,宝光股份,芯片,4,2,17,0,4.92,0,4,anchor_nat_yizi,2,33,0,39.99,0.3999
2026-03-02,2026-03-03,600452,涪陵电力,电力,2,10,1,0,12.15,0,2,anchor_nat_yizi,1,34,0,39.98,0.3998
2026-07-09,2026-07-10,002677,浙江美大,家电,2,18,0,0,1.08,0,2,anchor_two,1,678,0,39.97,0.3997
2026-05-26,2026-05-27,000509,华塑控股,新型工业化,2,17,0,0,3.73,0,2,anchor_nat_yizi,1,54,1,39.95,0.3995
2026-04-22,2026-04-23,003018,金富科技,算力,4,4,4,0,10.36,0,4,anchor_nat_yizi,1,63,0,39.94,0.3994
2026-02-25,2026-02-26,000636,风华高科,元器件,2,21,0,0,44.42,0,2,anchor_nat_yizi,1,72,0,39.93,0.3993
2025-12-01,2025-12-02,603933,睿能科技,存储,3,6,1,0,3.09,0,3,anchor_nat_yizi,1,74,1,39.92,0.3992
2025-10-15,2025-10-16,600617,国新能源,天然气,2,23,0,0,2.4,0,2,anchor_reorg,1,81,0,39.91,0.3991
2026-03-16,2026-03-17,600227,赤天化,化工,2,4,2,0,20.9,1,2,anchor_two,2,90,1,39.9,0.399
2026-02-04,2026-02-05,000533,顺钠股份,智能电网,3,5,3,0,10.43,0,3,anchor_reorg,1,93,0,39.89,0.3989
2026-07-29,2026-07-30,001358,兴欣新材,芯片,3,9,2,0,3.18,0,3,anchor_nat_yizi,1,111,0,39.87,0.3987
2026-02-05,2026-02-06,600683,京投发展,地产链,3,22,0,0,4.46,0,3,anchor_reorg,1,132,0,39.84,0.3984
2026-03-02,2026-03-03,603318,水发燃气,天然气,2,7,2,0,6.88,0,2,anchor_nat_yizi,1,129,1,39.84,0.3984
2026-03-02,2026-03-03,600498,烽火通信,通信,2,4,5,0,19.84,0,2,anchor_nat_yizi,1,149,0,39.81,0.3981
2026-05-21,2026-05-22,000518,四环生物,ST摘帽,2,8,1,0,6.65,0,2,anchor_reorg,1,177,1,39.77,0.3977
2025-12-22,2025-12-23,002788,鹭燕医药,医药,4,22,0,0,17.02,0,4,anchor_reorg,1,180,1,39.76,0.3976
2025-10-15,2025-10-16,600819,耀皮玻璃,光伏,2,7,2,0,2.7,0,2,anchor_reorg,1,185,0,39.75,0.3975
2025-10-16,2025-10-17,000626,远大控股,食品饮料,3,17,0,0,5.37,0,3,anchor_reorg,1,825,1,39.74,0.3974
2026-04-01,2026-04-02,002560,通达股份,年报增长,2,7,2,0,9.81,0,2,anchor_reorg,1,192,1,39.74,0.3974
2026-06-15,2026-06-16,605198,安德利,食品饮料,2,33,0,0,4.71,0,2,anchor_reorg,1,194,1,39.74,0.3974
2026-02-25,2026-02-26,601872,招商轮船,航运,2,21,0,0,30.87,0,2,anchor_nat_yizi,1,202,0,39.73,0.3973
2025-12-22,2025-12-23,002910,庄园牧场,食品饮料,4,11,1,0,5.05,0,4,anchor_reorg,1,216,0,39.71,0.3971
2026-03-12,2026-03-13,601330,绿色动力,垃圾发电,2,21,0,0,9.95,0,2,anchor_two,1,215,0,39.71,0.3971
2026-05-20,2026-05-21,600563,法拉电子,元器件,2,19,0,0,12.4,0,2,anchor_two,1,224,0,39.7,0.397
2026-07-03,2026-07-06,603559,中通国脉,ST摘帽,3,4,3,0,1.41,0,3,anchor_nat_yizi,3,232,0,39.68,0.3968
2026-03-05,2026-03-06,300265,通光线缆,智能电网,2,2,5,0,32.8,0,2,anchor_nat_yizi,4,246,0,39.66,0.3966
2026-03-16,2026-03-17,600683,京投发展,地产链,2,21,0,0,2.31,0,2,anchor_two,1,294,1,39.59,0.3959
2025-10-15,2025-10-16,600403,大有能源,煤炭,2,23,0,0,4.22,0,2,anchor_reorg,1,315,1,39.56,0.3956
2025-11-27,2025-11-28,000510,新金路,有色金属,3,18,0,0,8.19,0,3,anchor_nat_yizi,1,-300,0,39.53,0.3953
2026-04-10,2026-04-13,000889,中嘉博创,算力,3,3,4,0,7.76,0,3,anchor_reorg,1,-300,0,39.53,0.3953
2026-07-01,2026-07-02,600783,鲁信创投,商业航天,2,23,1,0,10.46,0,2,anchor_nat_yizi,1,977,0,39.51,0.3951
2025-12-01,2025-12-02,603778,国晟科技,锂电池,3,4,2,0,21.52,0,3,anchor_nat_yizi,1,381,0,39.46,0.3946
2025-12-24,2025-12-25,603163,圣晖集成,洁净室,3,9,1,0,2.9,0,3,anchor_nat_yizi,2,-250,1,39.45,0.3945
2026-03-11,2026-03-12,603803,瑞斯康达,通信,2,4,3,0,5.49,0,2,anchor_two,1,-249,0,39.45,0.3945
2026-05-12,2026-05-13,600530,交大昂立,保健品,3,17,0,0,4.39,0,3,anchor_nat_yizi,1,-247,1,39.45,0.3945
2026-06-17,2026-06-18,603115,海星股份,电阻电容,3,6,2,0,5.31,0,3,anchor_nat_yizi,1,410,0,39.41,0.3941
2026-02-12,2026-02-13,002323,雅博股份,光伏,4,19,0,0,8.37,0,4,anchor_nat_yizi,1,432,0,39.38,0.3938
2026-05-20,2026-05-21,002782,可立克,智能电网,2,19,0,0,12.76,1,2,anchor_two,1,429,0,39.38,0.3938
2026-07-10,2026-07-13,003020,立方制药,医药,2,3,8,0,3.24,0,2,anchor_two,1,1092,1,39.34,0.3934
2026-06-15,2026-06-16,601696,中银证券,证券,2,33,0,0,16.55,0,2,anchor_reorg,1,488,0,39.3,0.393
2025-11-28,2025-12-01,603778,国晟科技,锂电池,2,3,4,0,12.8,0,2,anchor_nat_yizi,1,499,1,39.28,0.3928
2026-03-12,2026-03-13,601016,节能风电,储能,2,4,3,0,34.7,0,2,anchor_two,2,509,0,39.26,0.3926
2026-05-21,2026-05-22,600611,大众交通,芯片,2,2,3,0,8.32,0,2,anchor_reorg,1,522,1,39.24,0.3924
2026-05-21,2026-05-22,002442,龙星科技,化工,2,15,0,0,9.88,0,2,anchor_reorg,1,534,1,39.23,0.3923
2026-05-26,2026-05-27,600726,华电能源,电力,2,3,3,0,15.19,0,2,anchor_nat_yizi,1,594,1,39.13,0.3913
2025-12-01,2025-12-02,002632,道明光学,消费电子,3,24,0,0,11.17,0,3,anchor_nat_yizi,1,630,1,39.08,0.3908
2026-03-11,2026-03-12,000839,国安股份,AI应用,2,8,1,0,23.19,0,2,anchor_two,1,0,0,39.08,0.3908
2026-07-28,2026-07-29,002173,创新医疗,脑机接口,2,3,3,0,8.44,0,2,anchor_reorg,1,0,0,39.08,0.3908
2026-03-02,2026-03-03,603897,长城科技,智能电网,2,7,2,0,6.23,0,2,anchor_nat_yizi,1,651,0,39.05,0.3905
2026-07-08,2026-07-09,301251,威尔高,电源,2,20,0,0,13.54,0,2,anchor_nat_yizi,1,33,0,39.03,0.3903
2026-05-06,2026-05-07,002081,金螳螂,商业航天,4,8,2,0,17.21,0,4,anchor_nat_yizi,2,672,1,39.02,0.3902
2026-07-08,2026-07-09,600094,大名城,算力,2,1,14,0,0.74,0,2,anchor_nat_yizi,1,55,0,38.99,0.3899
2025-12-12,2025-12-15,002471,中超控股,燃气轮机,2,2,9,0,10.06,0,2,anchor_nat_yizi,1,60,1,38.98,0.3898
2026-01-15,2026-01-16,605287,德才股份,基础建设,2,23,0,0,4.57,0,2,anchor_nat_yizi,1,61,0,38.98,0.3898
2026-03-19,2026-03-20,600396,华电辽能,风电,4,4,2,0,10.29,0,4,anchor_nat_yizi,1,66,1,38.98,0.3898
2026-07-17,2026-07-20,000676,智度股份,端侧AI,3,13,0,0,17.23,0,3,anchor_nat_yizi,2,63,0,38.98,0.3898
2026-07-28,2026-07-29,603358,华达科技,机器人概念,2,9,1,0,1.54,0,2,anchor_reorg,1,64,0,38.98,0.3898
2026-07-28,2026-07-29,002309,中利集团,智能电网,2,21,0,0,5.39,0,2,anchor_reorg,2,72,0,38.97,0.3897
2025-10-31,2025-11-03,603122,合富中国,医药,4,2,7,0,4.79,0,4,anchor_nat_yizi,1,77,1,38.96,0.3896
2026-03-11,2026-03-12,603421,鼎信通讯,智能电网,2,3,4,0,9.69,0,2,anchor_two,1,74,0,38.96,0.3896
2026-03-31,2026-04-01,000008,神州高铁,轨道交通,2,1,4,0,5.24,0,2,anchor_two,1,78,0,38.96,0.3896
2025-12-12,2025-12-15,000890,法尔胜,通信,2,11,1,0,3.18,0,2,anchor_nat_yizi,1,87,1,38.94,0.3894
2025-12-24,2025-12-25,603696,安记食品,海峡两岸,3,2,8,0,6.1,0,3,anchor_nat_yizi,2,97,0,38.93,0.3893
2026-03-31,2026-04-01,002634,棒杰股份,光伏,2,14,1,0,3.12,0,2,anchor_two,1,96,0,38.93,0.3893
2026-04-29,2026-04-30,603629,利通电子,算力,2,4,4,0,18.83,0,2,anchor_nat_yizi,1,97,0,38.93,0.3893
2026-06-01,2026-06-02,600280,中央商场,零售,2,38,0,0,2.93,0,2,anchor_nat_yizi,1,128,1,38.88,0.3888
2026-03-11,2026-03-12,600172,黄河旋风,金刚石概念,2,20,0,0,28.66,1,2,anchor_two,1,150,0,38.85,0.3885
2026-06-23,2026-06-24,600851,海欣股份,医药,3,1,13,0,4.35,0,3,anchor_nat_yizi,1,183,0,38.8,0.388
2026-07-28,2026-07-29,000428,华天酒店,旅游,2,21,0,0,1.13,0,2,anchor_reorg,1,195,1,38.78,0.3878
2026-05-22,2026-05-25,002442,龙星科技,化工,3,6,4,0,7.17,0,3,anchor_nat_yizi,1,885,0,38.7,0.387
2026-07-08,2026-07-09,002841,视源股份,中报增长,2,2,3,0,13.48,0,2,anchor_nat_yizi,1,264,1,38.68,0.3868
2026-06-17,2026-06-18,002080,中材科技,通信,3,2,14,0,66.99,0,3,anchor_nat_yizi,7,906,0,38.66,0.3866
2026-06-15,2026-06-16,000506,招金黄金,黄金,2,33,0,0,9.1,0,2,anchor_reorg,1,960,0,38.58,0.3858
2026-07-14,2026-07-15,603065,宿迁联盛,芯片,2,6,3,0,12.28,0,2,anchor_reorg,1,1597,0,38.58,0.3858
2026-07-24,2026-07-27,002879,长缆科技,智能电网,4,11,0,0,3.69,0,4,anchor_reorg,2,-300,1,38.57,0.3857
2026-07-28,2026-07-29,001358,兴欣新材,芯片,2,1,10,0,0.71,0,2,anchor_reorg,1,342,1,38.56,0.3856
2026-03-31,2026-04-01,000592,平潭发展,海峡两岸,2,9,2,0,55.7,1,2,anchor_two,2,408,0,38.46,0.3846
2025-10-15,2025-10-16,002942,新农股份,化工,2,23,0,0,3.09,0,2,anchor_reorg,1,1095,1,38.38,0.3838
2026-03-16,2026-03-17,603929,亚翔集成,芯片,2,1,7,0,14.1,0,2,anchor_two,1,1148,1,38.3,0.383
2025-10-30,2025-10-31,603122,合富中国,医药零售,3,13,0,0,7.01,0,3,anchor_nat_yizi,1,557,1,38.24,0.3824
2026-07-01,2026-07-02,600641,先导基电,芯片,2,2,16,0,54.71,0,2,anchor_nat_yizi,5,1855,1,38.19,0.3819
2026-04-29,2026-04-30,603317,天味食品,一季报增长,2,1,34,0,8.68,0,2,anchor_nat_yizi,3,622,0,38.14,0.3814
2025-12-11,2025-12-12,603601,再升科技,商业航天,4,1,7,0,6.78,0,4,anchor_reorg,1,2,1,38.12,0.3812
2025-12-19,2025-12-22,002188,中天服务,地产链,3,2,4,0,3.02,0,3,anchor_nat_yizi,1,9,0,38.11,0.3811
2025-12-16,2025-12-17,001208,华菱线缆,商业航天,4,3,5,0,14.05,0,4,anchor_nat_yizi,2,15,0,38.1,0.381
2025-12-04,2025-12-05,603696,安记食品,食品饮料,3,12,0,0,8.17,0,3,anchor_nat_yizi,1,24,1,38.09,0.3809
2026-06-23,2026-06-24,002068,黑猫股份,元器件,3,15,1,0,14.44,0,3,anchor_nat_yizi,1,675,0,38.06,0.3806
2026-06-29,2026-06-30,603650,彤程新材,芯片,2,2,22,0,56.57,1,2,anchor_two,1,85,0,38.0,0.38
2026-05-18,2026-05-19,600578,京能电力,电力,4,6,4,0,18.38,0,4,anchor_reorg,1,95,0,37.98,0.3798
2026-07-10,2026-07-13,000892,欢瑞世纪,AI应用,2,6,4,0,5.75,0,2,anchor_two,2,2010,0,37.96,0.3796
2026-07-10,2026-07-13,600992,贵绳股份,商业航天,2,1,23,0,1.78,0,2,anchor_two,1,2008,1,37.96,0.3796
2025-12-10,2025-12-11,000905,厦门港务,海峡两岸,4,15,0,0,22.89,0,4,anchor_nat_yizi,3,117,0,37.95,0.3795
2026-04-15,2026-04-16,002124,天邦食品,农业,3,22,0,0,12.11,0,3,anchor_nat_yizi,1,138,0,37.92,0.3792
2026-06-09,2026-06-10,603929,亚翔集成,芯片,2,2,26,0,6.72,0,2,anchor_reorg,1,150,0,37.9,0.379
2026-07-28,2026-07-29,603389,亚振家居,ST摘帽,2,9,1,0,1.33,0,2,anchor_reorg,1,870,0,37.77,0.3777
2026-06-02,2026-06-03,600280,中央商场,零售,3,16,0,0,5.52,0,3,anchor_nat_yizi,1,1557,0,37.69,0.3769
2026-02-25,2026-02-26,600759,洲际油气,石油石化,2,21,0,0,54.8,0,2,anchor_nat_yizi,1,1564,0,37.68,0.3768
2026-06-01,2026-06-02,002081,金螳螂,地产链,2,10,2,0,41.36,0,2,anchor_nat_yizi,1,948,0,37.65,0.3765
2025-11-25,2025-11-26,688227,品高股份,芯片,3,4,6,0,6.94,0,3,anchor_nat_yizi,1,-268,0,37.58,0.3758
2026-04-24,2026-04-27,001234,泰慕士,服装家纺,3,19,0,0,4.51,0,3,anchor_nat_yizi,1,1005,0,37.57,0.3757
2025-11-21,2025-11-24,603216,梦天家居,地产链,3,3,2,0,5.64,0,3,anchor_nat_yizi,1,-249,1,37.55,0.3755
2026-07-01,2026-07-02,000603,盛达资源,中报增长,2,7,4,0,12.67,0,2,anchor_nat_yizi,1,2295,0,37.53,0.3753
2026-07-28,2026-07-29,003032,传智教育,AI应用,2,2,9,0,2.26,0,2,anchor_reorg,1,1074,1,37.46,0.3746
2026-04-29,2026-04-30,002081,金螳螂,芯片,2,9,2,0,16.27,0,2,anchor_nat_yizi,3,1089,1,37.44,0.3744
2026-06-09,2026-06-10,001696,宗申动力,低空经济,2,15,1,0,11.9,0,2,anchor_reorg,1,462,0,37.43,0.3743
2026-02-02,2026-02-03,000995,皇台酒业,酿酒,3,4,1,0,10.5,0,3,anchor_nat_yizi,1,1110,1,37.41,0.3741
2025-12-12,2025-12-15,600936,广西广电,机器人概念,2,11,1,0,6.57,0,2,anchor_nat_yizi,1,1151,1,37.35,0.3735
2025-12-24,2025-12-25,600179,安通控股,海南,3,9,1,0,15.5,0,3,anchor_nat_yizi,2,1164,1,37.33,0.3733
2025-11-25,2025-11-26,001296,长江材料,3D打印,3,25,0,0,2.58,0,3,anchor_nat_yizi,1,15,0,37.16,0.3716
2026-06-09,2026-06-10,002747,埃斯顿,机器人概念,2,5,6,0,27.77,0,2,anchor_reorg,1,669,0,37.13,0.3713
2025-11-25,2025-11-26,000070,特发信息,算力,3,10,1,0,8.6,0,3,anchor_nat_yizi,1,39,1,37.12,0.3712
2026-04-20,2026-04-21,600156,华升股份,算力,3,3,4,0,3.57,0,3,anchor_nat_yizi,3,76,0,37.07,0.3707
2025-11-25,2025-11-26,000892,欢瑞世纪,人工智能,3,3,7,0,6.82,0,3,anchor_nat_yizi,3,180,1,36.91,0.3691
2025-12-12,2025-12-15,002639,雪人集团,核电,2,4,6,0,32.23,0,2,anchor_nat_yizi,1,1491,1,36.85,0.3685
2026-05-14,2026-05-15,002208,合肥城建,芯片,3,1,10,0,18.88,0,3,anchor_nat_yizi,3,861,0,36.84,0.3684
2026-06-30,2026-07-01,603983,丸美生物,美容护理,2,31,0,0,4.19,0,2,anchor_two,1,2783,0,36.81,0.3681
2026-02-25,2026-02-26,600096,云天化,化工,2,1,12,0,73.78,0,2,anchor_nat_yizi,6,2170,0,36.78,0.3678
2026-04-20,2026-04-21,603268,松发股份,ST摘帽,3,14,1,0,17.45,0,3,anchor_nat_yizi,1,279,0,36.77,0.3677
2026-04-29,2026-04-30,603399,永杉锂业,锂电池,2,2,16,0,10.38,0,2,anchor_nat_yizi,1,1619,1,36.66,0.3666
2025-12-30,2025-12-31,603278,大业股份,商业航天,5,2,6,0,4.06,0,5,anchor_nat_yizi,2,-269,1,36.64,0.3664
2026-03-02,2026-03-03,603629,利通电子,算力,2,10,1,0,27.9,0,2,anchor_nat_yizi,1,2333,0,36.54,0.3654
2026-03-11,2026-03-12,600108,亚盛集团,农业,2,8,1,0,23.83,0,2,anchor_two,1,1726,0,36.5,0.365
2026-02-25,2026-02-26,002811,郑中设计,AI应用,2,3,5,0,3.38,0,2,anchor_nat_yizi,2,2385,0,36.46,0.3646
2026-07-28,2026-07-29,002310,东方新能,电力,2,5,2,0,10.64,0,2,anchor_reorg,1,1845,0,36.33,0.3633
2026-01-30,2026-02-02,000995,皇台酒业,酿酒,2,16,0,0,6.73,0,2,anchor_nat_yizi,2,6,1,36.24,0.3624
2026-03-26,2026-03-27,000722,湖南发展,电力,3,1,5,0,20.21,0,3,anchor_nat_yizi,2,18,0,36.22,0.3622
2026-06-01,2026-06-02,301439,泓淋电力,通信,2,19,1,0,12.44,0,2,anchor_nat_yizi,2,1992,0,36.11,0.3611
2026-03-26,2026-03-27,603538,美诺华,医药,3,2,4,0,10.14,0,3,anchor_nat_yizi,1,222,1,35.92,0.3592
2026-01-30,2026-02-02,603103,横店影视,文化传媒,2,16,0,0,3.1,0,2,anchor_nat_yizi,1,465,1,35.57,0.3557
2026-03-31,2026-04-01,600502,安徽建工,基础建设,2,5,3,0,9.49,0,2,anchor_two,1,2396,0,35.52,0.3552
2026-01-30,2026-02-02,002995,天地在线,人工智能,2,4,4,0,19.15,0,2,anchor_nat_yizi,1,579,0,35.4,0.354
2026-06-30,2026-07-01,002628,成都路桥,机器人概念,2,2,26,0,3.14,0,2,anchor_two,1,3756,0,35.38,0.3538
2026-04-01,2026-04-02,605162,新中港,电力,2,24,0,0,6.64,0,2,anchor_reorg,1,3175,1,35.31,0.3531
2026-05-20,2026-05-21,003004,声迅股份,ST摘帽,2,9,1,0,2.1,0,2,anchor_two,1,3270,0,35.17,0.3517
2026-03-12,2026-03-13,600722,金牛化工,化工,2,1,9,0,24.41,0,2,anchor_two,1,3563,1,34.75,0.3475
2026-01-15,2026-01-16,002264,新华都,人工智能,2,8,1,0,18.95,0,2,anchor_nat_yizi,7,2958,0,34.71,0.3471
2026-03-26,2026-03-27,002192,融捷股份,锂电池,3,2,4,0,28.4,0,3,anchor_nat_yizi,1,1113,1,34.63,0.3463
2026-04-01,2026-04-02,002821,凯莱英,医药,2,1,10,0,22.37,0,2,anchor_reorg,2,3726,0,34.51,0.3451
2025-11-10,2025-11-11,600939,重庆建工,重庆市,3,25,0,0,4.5,0,3,anchor_nat_yizi,1,653,0,34.38,0.3438
2025-12-19,2025-12-22,603585,苏利股份,农业,3,7,2,0,6.05,0,3,anchor_nat_yizi,1,2959,0,33.8,0.338
2026-01-15,2026-01-16,002446,盛路通信,商业航天,2,8,1,0,39.45,0,2,anchor_nat_yizi,2,3690,0,33.66,0.3366
2025-12-19,2025-12-22,002910,庄园牧场,食品饮料,3,7,2,0,5.47,0,3,anchor_nat_yizi,1,3255,1,33.38,0.3338
2026-06-09,2026-06-10,688207,格灵深瞳,物理AI,2,15,1,0,9.35,0,2,anchor_reorg,3,3582,0,32.92,0.3292
2026-07-09,2026-07-10,002490,山东墨龙,石油石化,2,18,0,0,6.8,0,2,anchor_two,1,5643,0,32.7,0.327
2026-06-30,2026-07-01,001237,惠康科技,家电,2,15,1,0,7.41,0,2,anchor_two,1,5994,0,32.21,0.3221
2026-04-20,2026-04-21,603052,可川科技,通信,3,2,6,0,17.26,0,3,anchor_nat_yizi,2,3761,0,31.79,0.3179
2026-06-30,2026-07-01,600363,联创光电,核电,2,31,0,0,13.71,0,2,anchor_two,1,6344,0,31.73,0.3173
2025-12-12,2025-12-15,600343,航天动力,商业航天,2,1,13,0,59.53,0,2,anchor_nat_yizi,4,5109,0,31.68,0.3168
2026-01-14,2026-01-15,002131,利欧股份,人工智能,4,1,25,0,59.45,0,4,anchor_nat_yizi,4,48,0,31.67,0.3167
2026-06-29,2026-06-30,002568,百润股份,酿酒,2,34,0,0,6.85,0,2,anchor_two,1,4617,0,31.49,0.3149
2026-05-27,2026-05-28,002251,步步高,零售,2,21,0,0,12.27,0,2,anchor_two,1,6522,0,31.48,0.3148
2026-03-11,2026-03-12,600769,祥龙电业,水务,2,20,0,0,5.91,0,2,anchor_two,1,5922,0,30.58,0.3058
2026-06-09,2026-06-10,603186,华正新材,通信,2,1,27,0,28.11,0,2,anchor_reorg,2,5771,0,29.93,0.2993
2025-11-21,2025-11-24,000859,国风新材,芯片,3,5,1,0,26.05,0,3,anchor_nat_yizi,1,5523,1,29.42,0.2942
2026-01-26,2026-01-27,002506,协鑫集成,光伏,2,11,1,0,13.58,0,2,anchor_nat_yizi,2,-300,0,27.93,0.2793
2026-01-26,2026-01-27,600986,浙文互联,人工智能,2,7,2,0,63.67,0,2,anchor_nat_yizi,1,-244,0,27.86,0.2786
2026-01-26,2026-01-27,002667,威领股份,锂电池,2,19,0,0,2.43,0,2,anchor_nat_yizi,1,177,0,27.33,0.2733
2026-01-26,2026-01-27,688323,瑞华泰,商业航天,2,7,2,0,8.31,0,2,anchor_nat_yizi,1,636,0,26.75,0.2675
2026-01-26,2026-01-27,003042,中农联合,农业,2,19,0,0,5.65,0,2,anchor_nat_yizi,1,858,1,26.48,0.2648
2026-01-26,2026-01-27,000630,铜陵有色,黄金,2,1,9,0,82.57,0,2,anchor_nat_yizi,6,2952,0,23.97,0.2397
2026-07-01,2026-07-02,002929,润建股份,算力,2,6,5,0,29.19,0,2,anchor_nat_yizi,1,12621,0,23.78,0.2378
2026-07-01,2026-07-02,603212,赛伍技术,光伏,2,23,1,0,4.92,0,2,anchor_nat_yizi,1,12722,0,23.66,0.2366
2025-11-28,2025-12-01,603933,睿能科技,海峡两岸,2,2,6,0,7.58,0,2,anchor_nat_yizi,1,12615,1,23.06,0.2306
2026-03-02,2026-03-03,603738,泰晶科技,元器件,2,10,1,0,17.07,0,2,anchor_nat_yizi,1,12966,0,22.67,0.2267
2026-05-26,2026-05-27,003036,泰坦股份,通信,2,3,3,0,11.04,0,2,anchor_nat_yizi,2,13311,0,22.29,0.2229
2025-12-12,2025-12-15,603929,亚翔集成,芯片,2,4,6,0,7.07,0,2,anchor_nat_yizi,1,12947,0,22.0,0.22
2026-06-24,2026-06-25,002167,东方锆业,非金属材料,4,10,1,0,61.79,0,4,anchor_nat_yizi,3,12939,0,22.0,0.22
2026-07-08,2026-07-09,001365,天海电子,机器人概念,2,4,2,0,9.73,0,2,anchor_nat_yizi,1,13044,0,21.89,0.2189
2026-07-03,2026-07-06,605189,富春染织,机器人概念,3,1,41,0,3.56,0,3,anchor_nat_yizi,2,13704,0,21.86,0.2186
2026-03-31,2026-04-01,301008,宏昌科技,两轮车,2,5,3,0,11.59,0,2,anchor_two,1,13341,0,21.57,0.2157
2026-02-06,2026-02-09,002506,协鑫集成,光伏,3,6,3,0,74.98,0,3,anchor_reorg,1,15756,1,21.47,0.2147
2026-06-03,2026-06-04,600121,郑州煤电,煤炭,3,24,0,0,15.42,0,3,anchor_nat_yizi,2,17371,0,21.47,0.2147
2026-06-30,2026-07-01,000017,深中华A,黄金,2,31,0,0,1.8,0,2,anchor_two,1,15243,0,21.47,0.2147
2026-06-30,2026-07-01,000566,海南海药,医药,2,15,1,0,8.94,0,2,anchor_two,2,18699,1,21.47,0.2147
2026-06-30,2026-07-01,603459,红板科技,通信,2,3,9,0,33.37,0,2,anchor_two,1,16353,0,21.47,0.2147
2026-07-14,2026-07-15,002379,宏桥控股,中报增长,2,1,24,0,18.28,0,2,anchor_reorg,1,15891,0,21.47,0.2147
2026-03-12,2026-03-13,601868,中国能建,智能电网,2,4,3,0,174.58,1,2,anchor_two,1,14602,0,20.9,0.209
2026-02-12,2026-02-13,605287,德才股份,AI应用,4,11,1,0,18.01,0,4,anchor_nat_yizi,2,16950,0,20.8,0.208
2026-02-25,2026-02-26,600397,江钨装备,有色金属,2,2,8,0,30.36,0,2,anchor_nat_yizi,1,15921,0,20.8,0.208
2026-03-02,2026-03-03,000960,锡业股份,有色金属,2,7,2,0,61.9,0,2,anchor_nat_yizi,5,15387,0,20.8,0.208
2026-03-02,2026-03-03,002155,湖南黄金,黄金,2,4,5,0,107.3,0,2,anchor_nat_yizi,1,17391,0,20.8,0.208
2026-03-02,2026-03-03,600259,中稀有色,稀土永磁,2,19,0,0,30.76,0,2,anchor_nat_yizi,2,19046,0,20.8,0.208
2026-03-16,2026-03-17,603248,锡华科技,风电,2,10,1,0,11.8,0,2,anchor_two,1,18981,1,20.8,0.208
2026-05-20,2026-05-21,605288,凯迪股份,机器人概念,2,2,4,0,4.81,0,2,anchor_two,1,17617,0,20.8,0.208
2026-05-26,2026-05-27,600584,长电科技,芯片,2,7,2,0,287.85,0,2,anchor_nat_yizi,3,18856,0,20.8,0.208
2026-06-15,2026-06-16,001359,平安电工,化工,2,7,4,0,6.53,0,2,anchor_reorg,1,15321,0,20.8,0.208
2025-12-12,2025-12-15,600865,百大集团,零售,2,20,0,0,6.69,0,2,anchor_nat_yizi,1,14561,1,20.29,0.2029
2026-03-11,2026-03-12,600726,华电能源,电力,2,8,1,0,13.02,0,2,anchor_two,2,16429,1,20.15,0.2015
2026-05-12,2026-05-13,600683,京投发展,并购重组,3,9,1,0,16.64,0,3,anchor_nat_yizi,1,14751,0,20.15,0.2015
2026-06-01,2026-06-02,600011,华能国际,电力,2,19,1,0,66.15,0,2,anchor_nat_yizi,5,19575,0,20.15,0.2015
2026-07-08,2026-07-09,002951,金时科技,元器件,2,20,0,0,4.07,0,2,anchor_nat_yizi,1,15543,0,20.15,0.2015
2026-07-17,2026-07-20,600162,香江控股,算力,3,13,0,0,11.16,0,3,anchor_nat_yizi,1,17841,0,20.15,0.2015
2026-06-29,2026-06-30,688432,有研硅,光伏,2,34,0,0,32.94,0,2,anchor_two,1,14480,0,19.73,0.1973
2025-11-10,2025-11-11,300437,清水源,化工,3,6,3,0,13.46,0,3,anchor_nat_yizi,3,19596,0,17.68,0.1768
