T,T1,code,name,boards_T,theme,fb,rank_T,n_themes_T,fb_T1,rank_T1,open_pct_T1,yizi,amount_yi,touched,sealed,zhaban,dead_h,down_h,group_size,group_key
2025-10-10,2025-10-13,603011,合锻智能,3,核电,2,7,24,0,18,5.13,True,1.3,True,True,False,4,3,1,2025-10-10|3板|核电
2025-10-14,2025-10-15,000969,安泰科技,4,稀土永磁,0,21,20,0,23,0.71,False,13.1,False,False,False,4,4,1,2025-10-14|4板|稀土永磁
2025-10-14,2025-10-15,600078,澄星股份,4,固态电池,0,21,20,1,15,9.07,True,0.73,True,False,True,4,4,1,2025-10-14|4板|固态电池
2025-10-15,2025-10-16,000626,远大控股,2,食品饮料,0,23,22,0,17,10.05,False,3.03,True,True,False,4,2,1,2025-10-15|2板|食品饮料
2025-10-15,2025-10-16,002942,新农股份,2,化工,0,23,22,1,7,0.04,False,3.09,True,True,False,4,2,1,2025-10-15|2板|化工
2025-10-15,2025-10-16,600403,大有能源,2,煤炭,0,23,22,2,5,1.65,False,4.22,True,True,False,4,2,1,2025-10-15|2板|煤炭
2025-10-15,2025-10-16,600617,国新能源,2,天然气,0,23,22,0,17,7.57,False,2.4,False,False,False,4,2,1,2025-10-15|2板|天然气
2025-10-15,2025-10-16,600819,耀皮玻璃,2,光伏,2,7,22,0,17,1.77,False,2.7,False,False,False,4,2,1,2025-10-15|2板|光伏
2025-10-16,2025-10-17,000626,远大控股,3,食品饮料,0,17,16,0,18,5.3,False,5.37,True,True,False,3,3,1,2025-10-16|3板|食品饮料
2025-10-16,2025-10-17,600403,大有能源,3,煤炭,2,5,16,0,18,8.33,False,8.7,True,True,False,3,3,1,2025-10-16|3板|煤炭
2025-10-24,2025-10-27,000620,盈新发展,5,并购重组,0,18,17,0,18,9.85,True,0.36,True,True,False,8,5,1,2025-10-24|5板|并购重组
2025-10-29,2025-10-30,000592,平潭发展,5,福建,0,18,17,3,3,0.33,True,1.29,True,False,True,7,5,1,2025-10-29|5板|福建
2025-10-30,2025-10-31,002790,瑞尔特,3,福建,3,3,12,2,6,9.97,True,1.04,True,True,False,5,3,1,2025-10-30|3板|福建
2025-10-30,2025-10-31,603122,合富中国,3,医药零售,0,13,12,0,16,7.42,False,7.01,True,True,False,5,3,1,2025-10-30|3板|医药零售
2025-10-31,2025-11-03,603122,合富中国,4,医药,7,2,15,1,17,10.01,False,4.79,True,True,False,5,4,1,2025-10-31|4板|医药
2025-11-10,2025-11-11,002083,孚日股份,3,锂电池,7,1,24,5,3,10.39,True,1.56,True,True,False,9,3,1,2025-11-10|3板|锂电池
2025-11-10,2025-11-11,300437,清水源,3,化工,3,6,24,2,7,-1.53,False,13.46,False,False,False,9,3,2,2025-11-10|3板|化工
2025-11-10,2025-11-11,600939,重庆建工,3,重庆市,0,25,24,0,20,2.97,False,4.5,True,False,True,9,3,1,2025-11-10|3板|重庆市
2025-11-14,2025-11-17,002083,孚日股份,7,锂电池,6,3,23,10,1,10.29,True,0.74,True,True,False,8,7,1,2025-11-14|7板|锂电池
2025-11-18,2025-11-19,601566,九牧王,5,海峡两岸,0,17,16,4,3,4.01,True,3.03,True,True,False,8,5,1,2025-11-18|5板|海峡两岸
2025-11-21,2025-11-24,000017,深中华A,3,黄金,0,12,11,1,8,-0.22,True,0.94,False,False,False,7,3,1,2025-11-21|3板|黄金
2025-11-21,2025-11-24,000859,国风新材,3,芯片,1,5,11,1,8,0.92,False,26.05,True,True,False,7,3,1,2025-11-21|3板|芯片
2025-11-21,2025-11-24,603216,梦天家居,3,地产链,2,3,11,1,8,1.34,False,5.64,True,True,False,7,3,1,2025-11-21|3板|地产链
2025-11-25,2025-11-26,000070,特发信息,3,算力,1,10,24,0,25,7.91,False,8.6,True,True,False,7,3,1,2025-11-25|3板|算力
2025-11-25,2025-11-26,002264,新华都,3,人工智能,7,3,24,5,2,9.99,True,0.38,True,True,False,7,3,2,2025-11-25|3板|人工智能
2025-11-25,2025-11-26,001296,长江材料,3,3D打印,0,25,24,1,8,-4.3,False,2.58,True,False,True,7,3,1,2025-11-25|3板|3D打印
2025-11-25,2025-11-26,688227,品高股份,3,芯片,6,4,24,3,4,9.1,False,6.94,False,False,False,7,3,1,2025-11-25|3板|芯片
2025-11-26,2025-11-27,600734,实达集团,5,人工智能,5,2,24,1,9,-7.48,True,2.71,False,False,False,5,5,1,2025-11-26|5板|人工智能
2025-11-27,2025-11-28,000510,新金路,3,有色金属,0,18,17,1,16,-3.42,False,8.19,False,False,False,5,3,1,2025-11-27|3板|有色金属
2025-11-27,2025-11-28,600828,茂业商业,3,零售,0,18,17,1,16,10.02,True,0.41,True,True,False,5,3,1,2025-11-27|3板|零售
2025-11-28,2025-12-01,002632,道明光学,2,消费电子,0,25,24,0,24,0.0,True,1.34,True,True,False,4,2,1,2025-11-28|2板|消费电子
2025-11-28,2025-12-01,002792,通宇通讯,2,商业航天,11,1,24,1,6,10.01,True,1.74,True,True,False,4,2,1,2025-11-28|2板|商业航天
2025-11-28,2025-12-01,603778,国晟科技,2,锂电池,4,3,24,2,4,2.33,False,12.8,True,True,False,4,2,1,2025-11-28|2板|锂电池
2025-11-28,2025-12-01,603933,睿能科技,2,海峡两岸,6,2,24,0,24,7.91,False,7.58,True,True,False,4,2,1,2025-11-28|2板|海峡两岸
2025-12-01,2025-12-02,002632,道明光学,3,消费电子,0,24,23,0,17,10.01,False,11.17,True,True,False,4,3,1,2025-12-01|3板|消费电子
2025-12-01,2025-12-02,002792,通宇通讯,3,商业航天,1,6,23,1,8,10.02,True,0.81,True,True,False,4,3,1,2025-12-01|3板|商业航天
2025-12-01,2025-12-02,603778,国晟科技,3,锂电池,2,4,23,0,17,1.96,False,21.52,False,False,False,4,3,1,2025-12-01|3板|锂电池
2025-12-01,2025-12-02,603933,睿能科技,3,存储,1,6,23,0,17,3.99,False,3.09,True,True,False,4,3,1,2025-12-01|3板|存储
2025-12-04,2025-12-05,002300,太阳电缆,3,海峡两岸,1,6,11,9,2,-0.96,True,1.42,True,True,False,6,3,1,2025-12-04|3板|海峡两岸
2025-12-04,2025-12-05,603696,安记食品,3,食品饮料,0,12,11,3,5,-2.03,False,8.17,True,True,False,6,3,1,2025-12-04|3板|食品饮料
2025-12-10,2025-12-11,000905,厦门港务,4,海峡两岸,0,15,14,0,14,2.7,False,22.89,False,False,False,6,4,1,2025-12-10|4板|海峡两岸
2025-12-10,2025-12-11,600693,东百集团,4,零售,3,5,14,1,5,5.31,True,0.6,True,True,False,6,4,1,2025-12-10|4板|零售
2025-12-11,2025-12-12,603601,再升科技,4,商业航天,7,1,13,13,1,4.44,False,6.78,True,True,False,6,4,1,2025-12-11|4板|商业航天
2025-12-12,2025-12-15,000890,法尔胜,2,通信,1,11,19,1,10,10.05,False,3.18,True,True,False,5,2,1,2025-12-12|2板|通信
2025-12-12,2025-12-15,001208,华菱线缆,2,商业航天,13,1,19,5,2,10.02,True,0.86,True,True,False,5,2,4,2025-12-12|2板|商业航天
2025-12-12,2025-12-15,002471,中超控股,2,燃气轮机,9,2,19,0,21,9.98,False,10.06,True,True,False,5,2,1,2025-12-12|2板|燃气轮机
2025-12-12,2025-12-15,002639,雪人集团,2,核电,6,4,19,0,21,10.02,False,32.23,True,True,False,5,2,1,2025-12-12|2板|核电
2025-12-12,2025-12-15,600865,百大集团,2,零售,0,20,19,5,2,-2.44,False,6.69,True,True,False,5,2,1,2025-12-12|2板|零售
2025-12-12,2025-12-15,600936,广西广电,2,机器人概念,1,11,19,0,21,1.7,False,6.57,True,True,False,5,2,1,2025-12-12|2板|机器人概念
2025-12-12,2025-12-15,603929,亚翔集成,2,芯片,6,4,19,2,6,0.0,False,7.07,False,False,False,5,2,1,2025-12-12|2板|芯片
2025-12-16,2025-12-17,000890,法尔胜,4,通信,0,10,9,8,1,-9.56,True,1.58,True,False,True,6,4,1,2025-12-16|4板|通信
2025-12-16,2025-12-17,001208,华菱线缆,4,商业航天,5,3,9,2,4,0.15,False,14.05,True,False,True,6,4,1,2025-12-16|4板|商业航天
2025-12-16,2025-12-17,600865,百大集团,4,零售,6,2,9,0,20,10.01,True,1.23,True,True,False,6,4,1,2025-12-16|4板|零售
2025-12-19,2025-12-22,002188,中天服务,3,地产链,4,2,26,0,22,10.04,False,3.02,True,False,True,6,3,1,2025-12-19|3板|地产链
2025-12-19,2025-12-22,002788,鹭燕医药,3,医药,1,14,26,0,22,4.51,True,0.49,True,True,False,6,3,1,2025-12-19|3板|医药
2025-12-19,2025-12-22,002910,庄园牧场,3,食品饮料,2,7,26,1,11,0.29,False,5.47,True,True,False,6,3,1,2025-12-19|3板|食品饮料
2025-12-19,2025-12-22,603585,苏利股份,3,农业,2,7,26,0,22,-4.42,False,6.05,False,False,False,6,3,1,2025-12-19|3板|农业
2025-12-22,2025-12-23,002788,鹭燕医药,4,医药,0,22,21,0,18,1.07,False,17.02,True,True,False,4,4,1,2025-12-22|4板|医药
2025-12-22,2025-12-23,002910,庄园牧场,4,食品饮料,1,11,21,1,8,6.39,False,5.05,False,False,False,4,4,1,2025-12-22|4板|食品饮料
2025-12-24,2025-12-25,603163,圣晖集成,3,洁净室,1,9,22,0,20,2.41,False,2.9,True,True,False,5,3,2,2025-12-24|3板|洁净室
2025-12-24,2025-12-25,002228,合兴包装,3,海峡两岸,8,2,22,0,20,10.08,False,5.46,True,True,False,5,3,2,2025-12-24|3板|海峡两岸
2025-12-24,2025-12-25,600179,安通控股,3,海南,1,9,22,0,20,9.06,False,15.5,True,True,False,5,3,1,2025-12-24|3板|海南
2025-12-30,2025-12-31,002931,锋龙股份,5,机器人概念,12,1,14,4,3,9.99,True,0.04,True,True,False,8,5,1,2025-12-30|5板|机器人概念
2025-12-30,2025-12-31,603278,大业股份,5,商业航天,6,2,14,15,1,9.94,False,4.06,True,True,False,8,5,1,2025-12-30|5板|商业航天
2026-01-14,2026-01-15,002115,三维通信,4,人工智能,25,1,27,1,8,7.2,True,1.49,False,False,False,13,4,4,2026-01-14|4板|人工智能
2026-01-15,2026-01-16,002218,拓日新能,2,商业航天,1,8,22,1,7,10.0,False,3.44,True,False,True,5,2,2,2026-01-15|2板|商业航天
2026-01-15,2026-01-16,600410,华胜天成,2,人工智能,1,8,22,1,7,-1.97,True,8.75,False,False,False,5,2,2,2026-01-15|2板|人工智能
2026-01-15,2026-01-16,605287,德才股份,2,基础建设,0,23,22,0,12,0.0,False,4.57,False,False,False,5,2,1,2026-01-15|2板|基础建设
2026-01-19,2026-01-20,002931,锋龙股份,14,机器人概念,10,2,29,1,10,10.0,True,2.18,True,True,False,5,14,1,2026-01-19|14板|机器人概念
2026-01-26,2026-01-27,600531,豫光金铅,2,黄金,9,1,18,0,14,7.3,True,2.01,True,True,False,18,2,5,2026-01-26|2板|黄金
2026-01-26,2026-01-27,002218,拓日新能,2,光伏,1,11,18,7,2,2.5,True,1.27,True,True,False,18,2,3,2026-01-26|2板|光伏
2026-01-26,2026-01-27,002667,威领股份,2,锂电池,0,19,18,0,14,-2.01,False,2.43,False,False,False,18,2,1,2026-01-26|2板|锂电池
2026-01-26,2026-01-27,003042,中农联合,2,农业,0,19,18,0,14,-8.29,False,5.65,True,True,False,18,2,1,2026-01-26|2板|农业
2026-01-26,2026-01-27,600986,浙文互联,2,人工智能,2,7,18,3,3,6.94,False,63.67,False,False,False,18,2,1,2026-01-26|2板|人工智能
2026-01-26,2026-01-27,688323,瑞华泰,2,商业航天,2,7,18,3,3,-3.57,False,8.31,False,False,False,18,2,1,2026-01-26|2板|商业航天
2026-01-30,2026-02-02,000995,皇台酒业,2,酿酒,0,16,15,1,4,-4.33,False,6.73,True,True,False,8,2,2,2026-01-30|2板|酿酒
2026-01-30,2026-02-02,002995,天地在线,2,人工智能,4,4,15,2,3,1.45,False,19.15,False,False,False,8,2,1,2026-01-30|2板|人工智能
2026-01-30,2026-02-02,603103,横店影视,2,文化传媒,0,16,15,0,14,10.0,False,3.1,True,True,False,8,2,1,2026-01-30|2板|文化传媒
2026-01-30,2026-02-02,603172,万丰股份,2,化工,3,5,15,0,14,9.99,True,0.38,True,True,False,8,2,1,2026-01-30|2板|化工
2026-02-02,2026-02-03,000995,皇台酒业,3,酿酒,1,4,13,0,22,-1.71,False,10.5,True,True,False,5,3,1,2026-02-02|3板|酿酒
2026-02-02,2026-02-03,603103,横店影视,3,文化传媒,0,14,13,0,22,10.02,True,0.75,True,True,False,5,3,1,2026-02-02|3板|文化传媒
2026-02-02,2026-02-03,603172,万丰股份,3,化工,0,14,13,3,5,10.0,True,1.49,True,True,False,5,3,1,2026-02-02|3板|化工
2026-02-04,2026-02-05,000533,顺钠股份,3,智能电网,3,5,20,0,22,0.45,False,10.43,False,False,False,4,3,1,2026-02-04|3板|智能电网
2026-02-05,2026-02-06,600683,京投发展,3,地产链,0,22,21,0,20,0.0,False,4.46,False,False,False,4,3,1,2026-02-05|3板|地产链
2026-02-06,2026-02-09,002506,协鑫集成,3,光伏,3,6,19,12,2,9.61,False,74.98,True,True,False,3,3,1,2026-02-06|3板|光伏
2026-02-10,2026-02-11,002455,百川股份,3,化工,2,4,16,13,1,7.64,True,1.23,True,True,False,4,3,1,2026-02-10|3板|化工
2026-02-12,2026-02-13,002323,雅博股份,4,光伏,0,19,18,0,16,2.29,False,8.37,False,False,False,4,4,1,2026-02-12|4板|光伏
2026-02-12,2026-02-13,600589,大位科技,4,算力,11,1,18,2,5,10.03,True,3.45,True,False,True,4,4,1,2026-02-12|4板|算力
2026-02-12,2026-02-13,603533,掌阅科技,4,AI应用,1,11,18,4,1,5.94,True,4.03,True,True,False,4,4,2,2026-02-12|4板|AI应用
2026-02-24,2026-02-25,605033,美邦股份,4,农业,0,25,24,0,21,9.99,True,0.94,True,False,True,5,4,1,2026-02-24|4板|农业
2026-02-25,2026-02-26,002470,金正大,2,化工,12,1,20,1,14,10.16,False,2.47,True,True,False,4,2,7,2026-02-25|2板|化工
2026-02-25,2026-02-26,000636,风华高科,2,元器件,0,21,20,3,4,-1.6,False,44.42,False,False,False,4,2,1,2026-02-25|2板|元器件
2026-02-25,2026-02-26,001396,誉帆科技,2,AI应用,5,3,20,0,21,1.17,False,1.81,True,False,True,4,2,1,2026-02-25|2板|AI应用
2026-02-25,2026-02-26,600397,江钨装备,2,有色金属,8,2,20,0,21,2.03,False,30.36,False,False,False,4,2,1,2026-02-25|2板|有色金属
2026-02-25,2026-02-26,600759,洲际油气,2,石油石化,0,21,20,0,21,0.0,False,54.8,False,False,False,4,2,1,2026-02-25|2板|石油石化
2026-02-25,2026-02-26,601872,招商轮船,2,航运,0,21,20,0,21,-0.75,False,30.87,False,False,False,4,2,1,2026-02-25|2板|航运
2026-02-26,2026-02-27,002470,金正大,3,化工,1,14,20,5,2,4.96,True,0.83,True,True,False,4,3,2,2026-02-26|3板|化工
2026-03-02,2026-03-03,002356,赫美集团,2,化工,9,2,18,0,11,0.43,False,7.65,False,False,False,4,2,2,2026-03-02|2板|化工
2026-03-02,2026-03-03,600108,亚盛集团,2,有色金属,2,7,18,0,11,10.07,True,3.07,True,True,False,4,2,5,2026-03-02|2板|有色金属
2026-03-02,2026-03-03,002155,湖南黄金,2,黄金,5,4,18,0,11,-1.8,False,107.3,False,False,False,4,2,1,2026-03-02|2板|黄金
2026-03-02,2026-03-03,600259,中稀有色,2,稀土永磁,0,19,18,0,11,-3.17,False,30.76,False,False,False,4,2,1,2026-03-02|2板|稀土永磁
2026-03-02,2026-03-03,600452,涪陵电力,2,电力,1,10,18,0,11,-1.85,False,12.15,False,False,False,4,2,1,2026-03-02|2板|电力
2026-03-02,2026-03-03,600498,烽火通信,2,通信,5,4,18,2,5,3.0,False,19.84,False,False,False,4,2,1,2026-03-02|2板|通信
2026-03-02,2026-03-03,603318,水发燃气,2,天然气,2,7,18,22,1,9.98,False,6.88,True,True,False,4,2,1,2026-03-02|2板|天然气
2026-03-02,2026-03-03,603353,和顺石油,2,石油石化,24,1,18,4,3,3.58,False,9.38,True,True,False,4,2,1,2026-03-02|2板|石油石化
2026-03-02,2026-03-03,603629,利通电子,2,算力,1,10,18,0,11,-4.09,False,27.9,False,False,False,4,2,1,2026-03-02|2板|算力
2026-03-02,2026-03-03,603738,泰晶科技,2,元器件,1,10,18,0,11,1.0,False,17.07,False,False,False,4,2,1,2026-03-02|2板|元器件
2026-03-02,2026-03-03,603897,长城科技,2,智能电网,2,7,18,0,11,0.0,False,6.23,False,False,False,4,2,1,2026-03-02|2板|智能电网
2026-03-03,2026-03-04,600108,亚盛集团,3,有色金属,0,11,10,1,8,0.21,False,22.49,True,True,False,3,3,1,2026-03-03|3板|有色金属
2026-03-03,2026-03-04,603318,水发燃气,3,天然气,22,1,10,0,18,10.0,True,1.35,True,True,False,3,3,1,2026-03-03|3板|天然气
2026-03-03,2026-03-04,603353,和顺石油,3,石油石化,4,3,10,1,8,5.94,False,9.82,False,False,False,3,3,1,2026-03-03|3板|石油石化
2026-03-05,2026-03-06,000533,顺钠股份,2,智能电网,5,2,25,7,2,9.98,True,1.08,True,True,False,4,2,4,2026-03-05|2板|智能电网
2026-03-05,2026-03-06,600545,卓郎智能,2,人工智能,2,6,25,2,7,6.1,True,0.71,True,True,False,4,2,2,2026-03-05|2板|人工智能
2026-03-05,2026-03-06,605268,王力安防,2,地产链,0,26,25,0,25,10.02,True,0.47,True,True,False,4,2,1,2026-03-05|2板|地产链
2026-03-11,2026-03-12,000537,绿发电力,2,电力,1,8,19,5,3,9.16,False,12.49,True,True,False,5,2,2,2026-03-11|2板|电力
2026-03-11,2026-03-12,000839,国安股份,2,AI应用,1,8,19,0,21,4.52,False,23.19,False,False,False,5,2,1,2026-03-11|2板|AI应用
2026-03-11,2026-03-12,600108,亚盛集团,2,农业,1,8,19,0,21,1.98,False,23.83,False,False,False,5,2,1,2026-03-11|2板|农业
2026-03-11,2026-03-12,600172,黄河旋风,2,金刚石概念,0,20,19,0,21,0.99,False,28.66,False,False,False,5,2,1,2026-03-11|2板|金刚石概念
2026-03-11,2026-03-12,600769,祥龙电业,2,水务,0,20,19,0,21,0.0,False,5.91,False,False,False,5,2,1,2026-03-11|2板|水务
2026-03-11,2026-03-12,603421,鼎信通讯,2,智能电网,4,3,19,3,4,-3.36,False,9.69,False,False,False,5,2,1,2026-03-11|2板|智能电网
2026-03-11,2026-03-12,603803,瑞斯康达,2,通信,3,4,19,1,8,-3.22,False,5.49,True,False,True,5,2,1,2026-03-11|2板|通信
2026-03-12,2026-03-13,601016,节能风电,2,储能,3,4,20,2,8,4.06,False,34.7,False,False,False,4,2,2,2026-03-12|2板|储能
2026-03-12,2026-03-13,600722,金牛化工,2,化工,9,1,20,6,2,3.9,False,24.41,True,True,False,4,2,1,2026-03-12|2板|化工
2026-03-12,2026-03-13,601868,中国能建,2,智能电网,3,4,20,1,12,0.0,False,174.58,False,False,False,4,2,1,2026-03-12|2板|智能电网
2026-03-16,2026-03-17,600227,赤天化,2,化工,2,4,20,2,4,-4.37,False,20.9,True,True,False,4,2,1,2026-03-16|2板|化工
2026-03-16,2026-03-17,600683,京投发展,2,地产链,0,21,20,3,1,9.96,False,2.31,True,True,False,4,2,1,2026-03-16|2板|地产链
2026-03-16,2026-03-17,603248,锡华科技,2,风电,1,10,20,2,4,-0.71,False,11.8,True,True,False,4,2,1,2026-03-16|2板|风电
2026-03-16,2026-03-17,603929,亚翔集成,2,芯片,7,1,20,0,19,4.45,False,14.1,True,True,False,4,2,1,2026-03-16|2板|芯片
2026-03-19,2026-03-20,000020,深华发Ａ,4,地产链,0,11,10,2,3,10.0,True,0.69,True,True,False,5,4,1,2026-03-19|4板|地产链
2026-03-19,2026-03-20,600396,华电辽能,4,风电,2,4,10,0,12,7.21,False,10.29,True,True,False,5,4,1,2026-03-19|4板|风电
2026-03-26,2026-03-27,000720,新能泰山,3,智能电网,3,4,15,1,13,8.38,True,1.06,True,True,False,8,3,1,2026-03-26|3板|智能电网
2026-03-26,2026-03-27,000722,湖南发展,3,电力,5,1,15,3,6,1.65,False,20.21,False,False,False,8,3,1,2026-03-26|3板|电力
2026-03-26,2026-03-27,002192,融捷股份,3,锂电池,4,2,15,14,1,3.42,False,28.4,True,True,False,8,3,1,2026-03-26|3板|锂电池
2026-03-26,2026-03-27,603538,美诺华,3,医药,4,2,15,10,3,6.51,False,10.14,True,True,False,8,3,1,2026-03-26|3板|医药
2026-03-31,2026-04-01,000008,神州高铁,2,轨道交通,4,1,21,0,24,10.09,False,5.24,True,False,True,5,2,1,2026-03-31|2板|轨道交通
2026-03-31,2026-04-01,000592,平潭发展,2,海峡两岸,2,9,21,0,24,-0.47,False,55.7,False,False,False,5,2,1,2026-03-31|2板|海峡两岸
2026-03-31,2026-04-01,002634,棒杰股份,2,光伏,1,14,21,1,11,-1.01,False,3.12,False,False,False,5,2,1,2026-03-31|2板|光伏
2026-03-31,2026-04-01,301008,宏昌科技,2,两轮车,3,5,21,0,24,16.67,False,11.59,False,False,False,5,2,1,2026-03-31|2板|两轮车
2026-04-01,2026-04-02,002560,通达股份,2,年报增长,2,7,23,0,12,9.44,False,9.81,True,True,False,4,2,1,2026-04-01|2板|年报增长
2026-04-01,2026-04-02,002821,凯莱英,2,医药,10,1,23,4,2,1.8,False,22.37,False,False,False,4,2,1,2026-04-01|2板|医药
2026-04-01,2026-04-02,605162,新中港,2,电力,0,24,23,1,6,4.93,False,6.64,True,True,False,4,2,1,2026-04-01|2板|电力
2026-04-08,2026-04-09,000586,汇源通信,4,通信,18,2,29,7,1,9.46,True,0.87,True,True,False,7,4,1,2026-04-08|4板|通信
2026-04-10,2026-04-13,000889,中嘉博创,3,算力,4,3,22,6,2,-1.61,False,7.76,False,False,False,5,3,1,2026-04-10|3板|算力
2026-04-15,2026-04-16,002124,天邦食品,3,农业,0,22,21,1,13,-2.55,False,12.11,False,False,False,6,3,1,2026-04-15|3板|农业
2026-04-15,2026-04-16,002297,博云新材,3,商业航天,3,3,21,0,24,9.99,True,1.43,True,True,False,6,3,1,2026-04-15|3板|商业航天
2026-04-20,2026-04-21,600156,华升股份,3,算力,4,3,22,1,10,10.01,False,3.57,True,False,True,7,3,1,2026-04-20|3板|算力
2026-04-20,2026-04-21,600961,株冶集团,3,一季报增长,4,3,22,1,10,10.0,True,1.24,True,True,False,7,3,1,2026-04-20|3板|一季报增长
2026-04-20,2026-04-21,603052,可川科技,3,通信,6,2,22,3,3,0.36,False,17.26,False,False,False,7,3,1,2026-04-20|3板|通信
2026-04-20,2026-04-21,603268,松发股份,3,ST摘帽,1,14,22,0,28,2.74,False,17.45,False,False,False,7,3,1,2026-04-20|3板|ST摘帽
2026-04-21,2026-04-22,600961,株冶集团,4,一季报增长,1,10,27,5,3,3.89,True,3.17,True,False,True,6,4,1,2026-04-21|4板|一季报增长
2026-04-22,2026-04-23,002081,金螳螂,4,商业航天,0,17,16,3,5,10.19,True,3.03,True,True,False,4,4,1,2026-04-22|4板|商业航天
2026-04-22,2026-04-23,003018,金富科技,4,算力,4,4,16,5,3,5.36,False,10.36,True,False,True,4,4,1,2026-04-22|4板|算力
2026-04-24,2026-04-27,603318,水发燃气,3,燃气轮机,0,19,18,0,20,7.46,True,1.84,True,True,False,5,3,1,2026-04-24|3板|燃气轮机
2026-04-29,2026-04-30,001266,宏英智能,2,一季报增长,34,1,18,21,1,6.07,True,1.19,True,False,True,5,2,2,2026-04-29|2板|一季报增长
2026-04-29,2026-04-30,600379,宝光股份,2,芯片,2,9,18,11,2,8.2,False,9.87,True,True,False,5,2,3,2026-04-29|2板|芯片
2026-04-29,2026-04-30,603629,利通电子,2,算力,4,4,18,4,5,8.4,False,18.83,True,True,False,5,2,3,2026-04-29|2板|算力
2026-04-29,2026-04-30,603399,永杉锂业,2,锂电池,16,2,18,4,5,9.98,False,10.38,True,True,False,5,2,1,2026-04-29|2板|锂电池
2026-05-06,2026-05-07,002081,金螳螂,4,商业航天,2,8,25,1,14,7.39,False,17.21,True,True,False,4,4,1,2026-05-06|4板|商业航天
2026-05-06,2026-05-07,600379,宝光股份,4,芯片,17,2,25,4,5,10.02,False,4.92,True,False,True,4,4,1,2026-05-06|4板|芯片
2026-05-06,2026-05-07,603399,永杉锂业,4,锂电池,3,6,25,0,24,9.47,True,1.63,True,False,True,4,4,1,2026-05-06|4板|锂电池
2026-05-08,2026-05-11,603045,福达合金,4,算力,6,3,26,6,3,9.99,True,1.04,True,True,False,5,4,1,2026-05-08|4板|算力
2026-05-12,2026-05-13,002918,蒙娜丽莎,3,芯片,9,1,16,15,1,1.79,True,0.56,True,True,False,5,3,1,2026-05-12|3板|芯片
2026-05-12,2026-05-13,600530,交大昂立,3,保健品,0,17,16,0,30,7.91,False,4.39,True,True,False,5,3,1,2026-05-12|3板|保健品
2026-05-12,2026-05-13,600683,京投发展,3,并购重组,1,9,16,3,7,-0.24,False,16.64,False,False,False,5,3,1,2026-05-12|3板|并购重组
2026-05-14,2026-05-15,002208,合肥城建,3,芯片,10,1,14,4,3,-0.96,False,18.88,True,False,True,6,3,1,2026-05-14|3板|芯片
2026-05-14,2026-05-15,603007,花王股份,3,通信,4,3,14,0,18,-1.73,True,2.68,False,False,False,6,3,1,2026-05-14|3板|通信
2026-05-18,2026-05-19,600578,京能电力,4,电力,4,6,24,8,2,0.0,False,18.38,True,False,True,6,4,1,2026-05-18|4板|电力
2026-05-19,2026-05-20,603082,北自科技,4,机器人概念,13,1,22,4,2,-10.0,True,2.64,False,False,False,4,4,1,2026-05-19|4板|机器人概念
2026-05-20,2026-05-21,002782,可立克,2,智能电网,0,19,18,0,15,0.03,False,12.76,False,False,False,4,2,1,2026-05-20|2板|智能电网
2026-05-20,2026-05-21,003004,声迅股份,2,ST摘帽,1,9,18,1,8,4.45,False,2.1,True,True,False,4,2,1,2026-05-20|2板|ST摘帽
2026-05-20,2026-05-21,600563,法拉电子,2,元器件,0,19,18,0,15,3.47,False,12.4,False,False,False,4,2,1,2026-05-20|2板|元器件
2026-05-20,2026-05-21,605288,凯迪股份,2,机器人概念,4,2,18,3,2,-4.0,False,4.81,True,False,True,4,2,1,2026-05-20|2板|机器人概念
2026-05-21,2026-05-22,000518,四环生物,2,ST摘帽,1,8,14,0,25,8.53,False,6.65,True,True,False,4,2,1,2026-05-21|2板|ST摘帽
2026-05-21,2026-05-22,002442,龙星科技,2,化工,0,15,14,4,6,1.63,False,9.88,True,True,False,4,2,1,2026-05-21|2板|化工
2026-05-21,2026-05-22,600611,大众交通,2,芯片,3,2,14,11,3,10.05,False,8.32,True,True,False,4,2,1,2026-05-21|2板|芯片
2026-05-22,2026-05-25,000518,四环生物,3,ST摘帽,0,25,24,0,29,-6.3,False,7.05,True,True,False,4,3,1,2026-05-22|3板|ST摘帽
2026-05-22,2026-05-25,002442,龙星科技,3,化工,4,6,24,2,11,5.92,False,7.17,True,False,True,4,3,1,2026-05-22|3板|化工
2026-05-22,2026-05-25,600611,大众交通,3,芯片,11,3,24,14,1,7.5,True,3.58,False,False,False,4,3,1,2026-05-22|3板|芯片
2026-05-26,2026-05-27,000509,华塑控股,2,新型工业化,0,17,16,0,21,0.0,False,3.73,True,True,False,4,2,1,2026-05-26|2板|新型工业化
2026-05-26,2026-05-27,600520,三佳科技,2,芯片,2,7,16,3,4,8.61,False,2.99,False,False,False,4,2,3,2026-05-26|2板|芯片
2026-05-26,2026-05-27,002388,新亚制程,2,华为概念,0,17,16,0,21,3.42,True,0.79,False,False,False,4,2,1,2026-05-26|2板|华为概念
2026-05-26,2026-05-27,003036,泰坦股份,2,通信,3,3,16,2,6,-2.37,False,11.04,False,False,False,4,2,1,2026-05-26|2板|通信
2026-05-26,2026-05-27,600162,香江控股,2,地产链,0,17,16,1,10,6.19,True,0.62,True,True,False,4,2,1,2026-05-26|2板|地产链
2026-05-26,2026-05-27,600726,华电能源,2,电力,3,3,16,6,1,3.29,False,15.19,True,True,False,4,2,1,2026-05-26|2板|电力
2026-05-27,2026-05-28,002251,步步高,2,零售,0,21,20,0,30,-0.88,False,12.27,False,False,False,3,2,2,2026-05-27|2板|零售
2026-05-27,2026-05-28,001257,盛龙股份,2,有色金属,0,21,20,2,9,0.04,False,11.15,False,False,False,3,2,1,2026-05-27|2板|有色金属
2026-05-27,2026-05-28,002579,中京电子,2,通信,2,6,20,15,2,1.87,False,16.91,True,True,False,3,2,1,2026-05-27|2板|通信
2026-05-27,2026-05-28,002771,真视通,2,算力,2,6,20,10,4,2.3,False,5.69,False,False,False,3,2,1,2026-05-27|2板|算力
2026-06-01,2026-06-02,000767,晋控电力,2,电力,1,19,37,1,10,0.16,False,41.03,False,False,False,5,2,2,2026-06-01|2板|电力
2026-06-01,2026-06-02,002081,金螳螂,2,地产链,2,10,37,0,16,3.31,False,41.36,True,False,True,5,2,1,2026-06-01|2板|地产链
2026-06-01,2026-06-02,600280,中央商场,2,零售,0,38,37,0,16,-2.84,False,2.93,True,True,False,5,2,1,2026-06-01|2板|零售
2026-06-01,2026-06-02,603890,春秋电子,2,AI PC,7,5,37,0,16,10.0,True,1.18,True,True,False,5,2,1,2026-06-01|2板|AI PC
2026-06-02,2026-06-03,600280,中央商场,3,零售,0,16,15,0,24,-3.1,False,5.52,False,False,False,4,3,1,2026-06-02|3板|零售
2026-06-02,2026-06-03,603890,春秋电子,3,AI PC,0,16,15,0,24,5.23,True,1.15,False,False,False,4,3,1,2026-06-02|3板|AI PC
2026-06-03,2026-06-04,600403,大有能源,3,煤炭,0,24,23,3,5,9.96,False,6.36,True,True,False,3,3,2,2026-06-03|3板|煤炭
2026-06-03,2026-06-04,600367,红星发展,3,元器件,1,10,23,11,2,5.9,False,5.52,True,True,False,3,3,1,2026-06-03|3板|元器件
2026-06-03,2026-06-04,603330,天洋新材,3,通信,5,3,23,3,5,0.0,True,1.01,True,True,False,3,3,1,2026-06-03|3板|通信
2026-06-09,2026-06-10,001696,宗申动力,2,低空经济,1,15,27,2,7,2.65,False,11.9,True,False,True,6,2,1,2026-06-09|2板|低空经济
2026-06-09,2026-06-10,002636,金安国纪,2,通信,27,1,27,3,4,7.99,False,10.06,True,True,False,6,2,2,2026-06-09|2板|通信
2026-06-09,2026-06-10,002747,埃斯顿,2,机器人概念,6,5,27,1,14,5.68,False,27.77,False,False,False,6,2,1,2026-06-09|2板|机器人概念
2026-06-09,2026-06-10,603929,亚翔集成,2,芯片,26,2,27,14,1,-0.39,False,6.72,True,False,True,6,2,1,2026-06-09|2板|芯片
2026-06-11,2026-06-12,603065,XD宿迁联,3,芯片,19,1,17,3,7,10.03,True,1.59,True,True,False,4,3,2,2026-06-11|3板|芯片
2026-06-11,2026-06-12,600500,中化国际,3,通信,6,3,17,4,5,9.57,True,2.8,True,True,False,4,3,1,2026-06-11|3板|通信
2026-06-15,2026-06-16,000506,招金黄金,2,黄金,0,33,32,0,29,0.07,False,9.1,False,False,False,4,2,1,2026-06-15|2板|黄金
2026-06-15,2026-06-16,001359,平安电工,2,化工,4,7,32,3,9,3.69,False,6.53,False,False,False,4,2,1,2026-06-15|2板|化工
2026-06-15,2026-06-16,301176,逸豪新材,2,通信,37,1,32,16,1,15.44,False,4.3,True,True,False,4,2,2,2026-06-15|2板|通信
2026-06-15,2026-06-16,605198,安德利,2,食品饮料,0,33,32,2,11,10.0,False,4.71,True,True,False,4,2,1,2026-06-15|2板|食品饮料
2026-06-17,2026-06-18,000777,中核科技,3,中字头,2,6,24,0,28,-6.48,False,17.02,False,False,False,4,3,1,2026-06-17|3板|中字头
2026-06-17,2026-06-18,600353,旭光电子,3,通信,14,2,24,8,3,8.67,False,11.13,True,True,False,4,3,4,2026-06-17|3板|通信
2026-06-17,2026-06-18,601636,旗滨集团,3,芯片,17,1,24,8,3,-0.92,True,5.64,False,False,False,4,3,1,2026-06-17|3板|芯片
2026-06-17,2026-06-18,603115,海星股份,3,电阻电容,2,6,24,0,28,5.05,False,5.31,False,False,False,4,3,1,2026-06-17|3板|电阻电容
2026-06-23,2026-06-24,002068,黑猫股份,3,元器件,1,15,33,0,24,-2.69,False,14.44,False,False,False,5,3,1,2026-06-23|3板|元器件
2026-06-23,2026-06-24,002167,东方锆业,3,非金属材料,2,9,33,1,10,0.46,True,19.13,True,True,False,5,3,2,2026-06-23|3板|非金属材料
2026-06-23,2026-06-24,002674,兴业科技,3,芯片,9,2,33,28,1,10.02,True,0.19,True,True,False,5,3,1,2026-06-23|3板|芯片
2026-06-24,2026-06-25,603407,长裕集团,4,非金属材料,1,10,23,0,23,4.66,False,7.52,True,False,True,5,4,2,2026-06-24|4板|非金属材料
2026-06-24,2026-06-25,002674,兴业科技,4,芯片,28,1,23,16,1,9.99,True,0.55,True,True,False,5,4,1,2026-06-24|4板|芯片
2026-06-29,2026-06-30,002568,百润股份,2,酿酒,0,34,33,0,31,-0.58,False,6.85,False,False,False,6,2,1,2026-06-29|2板|酿酒
2026-06-29,2026-06-30,603928,兴业股份,2,芯片,22,2,33,29,1,7.43,False,2.22,True,True,False,6,2,3,2026-06-29|2板|芯片
2026-06-29,2026-06-30,688432,有研硅,2,光伏,0,34,33,1,15,3.83,False,32.94,False,False,False,6,2,1,2026-06-29|2板|光伏
2026-06-30,2026-07-01,000017,深中华A,2,黄金,0,31,30,0,43,-0.98,False,1.8,False,False,False,3,2,1,2026-06-30|2板|黄金
2026-06-30,2026-07-01,603222,济民健康,2,医药,1,15,30,8,3,6.51,False,0.81,False,False,False,3,2,2,2026-06-30|2板|医药
2026-06-30,2026-07-01,001229,魅视科技,2,物理AI,1,15,30,2,14,0.0,False,1.23,False,False,False,3,2,1,2026-06-30|2板|物理AI
2026-06-30,2026-07-01,002407,多氟多,2,芯片,29,1,30,16,2,9.1,False,93.93,True,True,False,3,2,3,2026-06-30|2板|芯片
2026-06-30,2026-07-01,002628,成都路桥,2,机器人概念,26,2,30,19,1,0.19,False,3.14,False,False,False,3,2,1,2026-06-30|2板|机器人概念
2026-06-30,2026-07-01,600113,浙江东日,2,零售,0,31,30,2,14,7.26,False,3.58,True,True,False,3,2,1,2026-06-30|2板|零售
2026-06-30,2026-07-01,603459,红板科技,2,通信,9,3,30,4,7,-2.08,False,33.37,False,False,False,3,2,1,2026-06-30|2板|通信
2026-06-30,2026-07-01,603950,长源东谷,2,发电机,0,31,30,0,43,4.8,False,3.94,True,False,True,3,2,1,2026-06-30|2板|发电机
2026-07-01,2026-07-02,000603,盛达资源,2,中报增长,4,7,42,2,12,4.76,False,12.67,False,False,False,3,2,1,2026-07-01|2板|中报增长
2026-07-01,2026-07-02,002747,埃斯顿,2,机器人概念,19,1,42,14,1,4.26,False,21.97,False,False,False,3,2,2,2026-07-01|2板|机器人概念
2026-07-01,2026-07-02,002167,东方锆业,2,非金属材料,0,43,42,0,27,-3.17,False,39.66,True,False,True,3,2,1,2026-07-01|2板|非金属材料
2026-07-01,2026-07-02,600641,先导基电,2,芯片,16,2,42,3,7,10.01,False,54.71,True,True,False,3,2,5,2026-07-01|2板|芯片
2026-07-01,2026-07-02,002396,星网锐捷,2,通信,4,7,42,0,27,0.95,False,8.74,False,False,False,3,2,1,2026-07-01|2板|通信
2026-07-01,2026-07-02,002929,润建股份,2,算力,5,6,42,3,7,-2.15,False,29.19,False,False,False,3,2,1,2026-07-01|2板|算力
2026-07-01,2026-07-02,603120,肯特催化,2,化工,8,3,42,5,2,-2.1,False,3.84,False,False,False,3,2,1,2026-07-01|2板|化工
2026-07-01,2026-07-02,603212,赛伍技术,2,光伏,1,23,42,2,12,-0.45,False,4.92,False,False,False,3,2,1,2026-07-01|2板|光伏
2026-07-03,2026-07-06,600793,宜宾纸业,3,造纸,0,29,28,1,13,9.93,True,0.59,True,True,False,4,3,1,2026-07-03|3板|造纸
2026-07-03,2026-07-06,603559,中通国脉,3,ST摘帽,3,4,28,1,13,-0.1,False,1.41,False,False,False,4,3,1,2026-07-03|3板|ST摘帽
2026-07-03,2026-07-06,605189,富春染织,3,机器人概念,41,1,28,3,5,3.8,False,3.56,False,False,False,4,3,1,2026-07-03|3板|机器人概念
2026-07-08,2026-07-09,001229,魅视科技,2,物理AI,0,20,19,0,18,9.81,True,0.48,True,False,True,5,2,1,2026-07-08|2板|物理AI
2026-07-08,2026-07-09,001365,天海电子,2,机器人概念,2,4,19,2,5,-4.02,False,9.73,False,False,False,5,2,1,2026-07-08|2板|机器人概念
2026-07-08,2026-07-09,002841,视源股份,2,中报增长,3,2,19,7,2,-4.81,False,13.48,True,True,False,5,2,1,2026-07-08|2板|中报增长
2026-07-08,2026-07-09,002951,金时科技,2,元器件,0,20,19,0,18,0.67,False,4.07,False,False,False,5,2,1,2026-07-08|2板|元器件
2026-07-09,2026-07-10,002490,山东墨龙,2,石油石化,0,18,17,1,12,-4.69,False,6.8,False,False,False,3,2,1,2026-07-09|2板|石油石化
2026-07-09,2026-07-10,603928,兴业股份,2,芯片,34,1,17,6,5,-3.56,False,11.72,True,False,True,3,2,1,2026-07-09|2板|芯片
2026-07-10,2026-07-13,000892,欢瑞世纪,2,AI应用,4,6,22,1,6,5.0,False,5.75,True,False,True,3,2,1,2026-07-10|2板|AI应用
2026-07-10,2026-07-13,002829,星网宇达,2,中报增长,9,2,22,2,3,4.51,False,2.8,True,False,True,3,2,2,2026-07-10|2板|中报增长
2026-07-10,2026-07-13,002346,柘中股份,2,智能电网,2,9,22,0,10,-1.65,False,2.06,False,False,False,3,2,1,2026-07-10|2板|智能电网
2026-07-10,2026-07-13,003020,立方制药,2,医药,8,3,22,5,1,6.94,False,3.24,True,True,False,3,2,1,2026-07-10|2板|医药
2026-07-10,2026-07-13,600992,贵绳股份,2,商业航天,23,1,22,0,10,10.05,False,1.78,True,True,False,3,2,1,2026-07-10|2板|商业航天
2026-07-14,2026-07-15,001388,信通电子,2,机器人概念,7,2,23,5,3,4.88,False,1.02,True,True,False,3,2,1,2026-07-14|2板|机器人概念
2026-07-14,2026-07-15,002379,宏桥控股,2,中报增长,24,1,23,14,1,3.49,False,18.28,False,False,False,3,2,1,2026-07-14|2板|中报增长
2026-07-17,2026-07-20,000676,智度股份,3,端侧AI,0,13,12,0,21,-4.24,False,17.23,False,False,False,5,3,1,2026-07-17|3板|端侧AI
2026-07-17,2026-07-20,600162,香江控股,3,算力,0,13,12,4,3,-9.8,False,11.16,False,False,False,5,3,1,2026-07-17|3板|算力
2026-07-20,2026-07-21,600744,华银电力,2,电力,12,1,20,0,25,6.71,False,11.26,True,True,False,3,2,4,2026-07-20|2板|电力
2026-07-20,2026-07-21,600722,金牛化工,2,化工,1,8,20,0,25,1.92,False,4.52,False,False,False,3,2,1,2026-07-20|2板|化工
2026-07-24,2026-07-27,002879,长缆科技,4,智能电网,0,11,10,3,11,-1.77,False,3.69,True,True,False,6,4,1,2026-07-24|4板|智能电网
2026-07-28,2026-07-29,000428,华天酒店,2,旅游,0,21,20,0,29,10.08,False,1.13,True,True,False,5,2,1,2026-07-28|2板|旅游
2026-07-28,2026-07-29,000566,海南海药,2,脑机接口,3,3,20,0,29,-2.06,False,4.64,False,False,False,5,2,1,2026-07-28|2板|脑机接口
2026-07-28,2026-07-29,001358,兴欣新材,2,芯片,10,1,20,2,9,3.02,False,0.71,True,True,False,5,2,1,2026-07-28|2板|芯片
2026-07-28,2026-07-29,003032,传智教育,2,AI应用,9,2,20,4,6,9.97,False,2.26,True,True,False,5,2,1,2026-07-28|2板|AI应用
2026-07-28,2026-07-29,605068,明新旭腾,2,机器人概念,1,9,20,5,3,9.99,False,0.82,True,True,False,5,2,1,2026-07-28|2板|机器人概念
2026-07-29,2026-07-30,000428,华天酒店,3,旅游,0,29,28,1,9,9.9,False,1.75,True,False,True,4,3,1,2026-07-29|3板|旅游
2026-07-29,2026-07-30,003032,传智教育,3,AI应用,4,6,28,4,2,7.14,True,0.77,True,True,False,4,3,1,2026-07-29|3板|AI应用
2026-07-29,2026-07-30,605068,明新旭腾,3,机器人概念,5,3,28,0,24,9.99,False,1.05,True,True,False,4,3,1,2026-07-29|3板|机器人概念
