T,T1,code,name,boards_T,theme,amount_yi,yizi,gonggao,natural,open_pct_T1,open_T1,high_T1,low_T1,close_T1,prev_close_T1,cont_T1,in_zt_T1,dead_h,dead_names,down_h,anchor_type,anchor_name
2025-10-10,2025-10-13,603011,合锻智能,3,核电,1.3,True,False,True,5.13,25.0,26.16,24.6,26.16,23.78,True,True,4,天际股份4,3,anchor_nat_yizi,合锻智能
2025-10-14,2025-10-15,000969,安泰科技,4,稀土永磁,13.1,False,False,True,0.71,19.8,20.53,18.51,19.77,19.66,False,False,4,合锻智能4,4,anchor_nat_yizi,澄星股份
2025-10-14,2025-10-15,600078,澄星股份,4,固态电池,0.73,True,False,True,9.07,10.82,10.91,8.93,8.96,9.92,False,False,4,合锻智能4,4,anchor_nat_yizi,澄星股份
2025-10-15,2025-10-16,000626,远大控股,2,食品饮料,3.03,False,False,True,10.05,8.87,8.87,8.0,8.87,8.06,True,True,4,安泰科技4、澄星股份4,2,anchor_reorg,亚太药业
2025-10-15,2025-10-16,002370,亚太药业,2,实控人变更,0.64,True,True,False,10.06,7.55,7.55,7.55,7.55,6.86,True,True,4,安泰科技4、澄星股份4,2,anchor_reorg,亚太药业
2025-10-15,2025-10-16,002942,新农股份,2,化工,3.09,False,False,True,0.04,24.06,26.46,24.06,26.46,24.05,True,True,4,安泰科技4、澄星股份4,2,anchor_reorg,亚太药业
2025-10-15,2025-10-16,600403,大有能源,2,煤炭,4.22,False,False,True,1.65,5.54,6.0,5.44,6.0,5.45,True,True,4,安泰科技4、澄星股份4,2,anchor_reorg,亚太药业
2025-10-15,2025-10-16,600617,国新能源,2,天然气,2.4,False,False,True,7.57,3.98,4.0,3.51,3.64,3.7,False,False,4,安泰科技4、澄星股份4,2,anchor_reorg,亚太药业
2025-10-15,2025-10-16,600819,耀皮玻璃,2,光伏,2.7,False,False,True,1.77,9.2,9.29,8.3,8.82,9.04,False,False,4,安泰科技4、澄星股份4,2,anchor_reorg,亚太药业
2025-10-16,2025-10-17,000626,远大控股,3,食品饮料,5.37,False,False,True,5.3,9.34,9.76,9.34,9.76,8.87,True,True,3,国光连锁3,3,anchor_reorg,亚太药业
2025-10-16,2025-10-17,002370,亚太药业,3,实控人变更,1.4,True,True,False,0.0,7.55,8.31,7.13,7.75,7.55,False,False,3,国光连锁3,3,anchor_reorg,亚太药业
2025-10-16,2025-10-17,002942,新农股份,3,化工,4.8,False,False,True,,,,,,,False,False,3,国光连锁3,3,anchor_reorg,亚太药业
2025-10-16,2025-10-17,600403,大有能源,3,煤炭,8.7,False,False,True,8.33,6.5,6.6,6.41,6.6,6.0,True,True,3,国光连锁3,3,anchor_reorg,亚太药业
2025-10-24,2025-10-27,000620,盈新发展,5,并购重组,0.36,True,False,True,9.85,2.9,2.9,2.9,2.9,2.64,True,True,8,大有能源8,5,anchor_nat_yizi,盈新发展
2025-10-29,2025-10-30,000592,平潭发展,5,福建,1.29,True,False,True,0.33,6.06,6.64,5.89,6.44,6.04,False,False,7,盈新发展7,5,anchor_nat_yizi,平潭发展
2025-10-30,2025-10-31,000593,德龙汇能,3,股权转让,5.44,False,True,False,-5.12,10.0,10.16,9.49,9.49,10.54,False,False,5,平潭发展5,3,anchor_nat_yizi,瑞尔特
2025-10-30,2025-10-31,002790,瑞尔特,3,福建,1.04,True,False,True,9.97,12.02,12.02,12.02,12.02,10.93,True,True,5,平潭发展5,3,anchor_nat_yizi,瑞尔特
2025-10-30,2025-10-31,603122,合富中国,3,医药零售,7.01,False,False,True,7.42,9.56,9.79,9.3,9.79,8.9,True,True,5,平潭发展5,3,anchor_nat_yizi,瑞尔特
2025-10-31,2025-11-03,002790,瑞尔特,4,福建,1.0,True,False,True,,,,,,,False,False,5,亚士创能5,4,anchor_nat_yizi,瑞尔特
2025-10-31,2025-11-03,603122,合富中国,4,医药,4.79,False,False,True,10.01,10.77,10.77,10.51,10.77,9.79,True,True,5,亚士创能5,4,anchor_nat_yizi,瑞尔特
2025-11-10,2025-11-11,002083,孚日股份,3,锂电池,1.56,True,False,True,10.39,8.393,8.393,7.893,8.393,7.603,True,True,9,合富中国9,3,anchor_nat_yizi,孚日股份
2025-11-10,2025-11-11,300437,清水源,3,化工,13.46,False,False,True,-1.53,17.32,20.71,16.5,19.0,17.59,False,False,9,合富中国9,3,anchor_nat_yizi,孚日股份
2025-11-10,2025-11-11,600078,澄星股份,3,化工,12.57,False,False,True,-2.36,12.82,13.88,12.14,13.4,13.13,False,False,9,合富中国9,3,anchor_nat_yizi,孚日股份
2025-11-10,2025-11-11,600939,重庆建工,3,重庆市,4.5,False,False,True,2.97,4.5,4.81,4.21,4.35,4.37,False,False,9,合富中国9,3,anchor_nat_yizi,孚日股份
2025-11-14,2025-11-17,002083,孚日股份,7,锂电池,0.74,True,False,True,10.29,12.433,12.433,12.433,12.433,11.273,True,True,8,摩恩电气8,7,anchor_nat_yizi,孚日股份
2025-11-18,2025-11-19,003041,真爱美家,5,实控人变更,1.83,False,True,False,9.99,54.59,54.59,51.0,54.59,49.63,True,True,8,孚日股份8,5,anchor_nat_yizi,九牧王
2025-11-18,2025-11-19,601566,九牧王,5,海峡两岸,3.03,True,False,True,4.01,15.83,16.74,14.41,16.74,15.22,True,True,8,孚日股份8,5,anchor_nat_yizi,九牧王
2025-11-21,2025-11-24,000017,深中华A,3,黄金,0.94,True,False,True,-0.22,9.21,9.21,8.31,8.31,9.23,False,False,7,九牧王7,3,anchor_nat_yizi,深中华A
2025-11-21,2025-11-24,000859,国风新材,3,芯片,26.05,False,False,True,0.92,8.76,9.55,8.62,9.55,8.68,True,True,7,九牧王7,3,anchor_nat_yizi,深中华A
2025-11-21,2025-11-24,603216,梦天家居,3,地产链,5.64,False,False,True,1.34,21.18,22.99,19.78,22.99,20.9,True,True,7,九牧王7,3,anchor_nat_yizi,深中华A
2025-11-25,2025-11-26,000070,特发信息,3,算力,8.6,False,False,True,7.91,13.65,13.92,12.87,13.92,12.65,True,True,7,中水渔业7,3,anchor_nat_yizi,新华都
2025-11-25,2025-11-26,000892,欢瑞世纪,3,人工智能,6.82,False,False,True,-0.9,8.78,9.75,8.58,9.75,8.86,True,True,7,中水渔业7,3,anchor_nat_yizi,新华都
2025-11-25,2025-11-26,001296,长江材料,3,3D打印,2.58,False,False,True,-4.3,29.163,33.563,27.383,27.703,30.473,False,False,7,中水渔业7,3,anchor_nat_yizi,新华都
2025-11-25,2025-11-26,002264,新华都,3,人工智能,0.38,True,False,True,9.99,10.79,10.79,10.79,10.79,9.81,True,True,7,中水渔业7,3,anchor_nat_yizi,新华都
2025-11-25,2025-11-26,688227,品高股份,3,芯片,6.94,False,False,True,9.1,77.0,84.37,73.28,83.98,70.58,False,False,7,中水渔业7,3,anchor_nat_yizi,新华都
2025-11-26,2025-11-27,600734,实达集团,5,人工智能,2.71,True,False,True,-7.48,5.69,5.99,5.54,5.54,6.15,False,False,5,梦天家居5,5,anchor_nat_yizi,实达集团
2025-11-27,2025-11-28,000510,新金路,3,有色金属,8.19,False,False,True,-3.42,8.2,9.28,8.07,8.97,8.49,False,False,5,实达集团5,3,anchor_nat_yizi,茂业商业
2025-11-27,2025-11-28,600828,茂业商业,3,零售,0.41,True,False,True,10.02,6.15,6.15,5.93,6.15,5.59,True,True,5,实达集团5,3,anchor_nat_yizi,茂业商业
2025-11-28,2025-12-01,002632,道明光学,2,消费电子,1.34,True,False,True,0.0,12.44,13.68,12.1,13.68,12.44,True,True,4,广济药业4,2,anchor_nat_yizi,通宇通讯
2025-11-28,2025-12-01,002792,通宇通讯,2,商业航天,1.74,True,False,True,10.01,26.16,26.16,26.16,26.16,23.78,True,True,4,广济药业4,2,anchor_nat_yizi,通宇通讯
2025-11-28,2025-12-01,603353,和顺石油,2,并购重组,2.08,False,True,False,-1.03,32.69,35.19,32.69,33.27,33.03,False,False,4,广济药业4,2,anchor_nat_yizi,通宇通讯
2025-11-28,2025-12-01,603778,国晟科技,2,锂电池,12.8,False,False,True,2.33,11.86,12.75,11.82,12.75,11.59,True,True,4,广济药业4,2,anchor_nat_yizi,通宇通讯
2025-11-28,2025-12-01,603933,睿能科技,2,海峡两岸,7.58,False,False,True,7.91,24.84,25.32,24.12,25.32,23.02,True,True,4,广济药业4,2,anchor_nat_yizi,通宇通讯
2025-12-01,2025-12-02,002632,道明光学,3,消费电子,11.17,False,False,True,10.01,15.05,15.05,15.05,15.05,13.68,True,True,4,茂业商业4,3,anchor_nat_yizi,通宇通讯
2025-12-01,2025-12-02,002792,通宇通讯,3,商业航天,0.81,True,False,True,10.02,28.78,28.78,28.78,28.78,26.16,True,True,4,茂业商业4,3,anchor_nat_yizi,通宇通讯
2025-12-01,2025-12-02,603778,国晟科技,3,锂电池,21.52,False,False,True,1.96,13.0,13.53,11.73,13.11,12.75,False,False,4,茂业商业4,3,anchor_nat_yizi,通宇通讯
2025-12-01,2025-12-02,603933,睿能科技,3,存储,3.09,False,False,True,3.99,26.33,27.85,24.76,27.85,25.32,True,True,4,茂业商业4,3,anchor_nat_yizi,通宇通讯
2025-12-04,2025-12-05,002300,太阳电缆,3,海峡两岸,1.42,True,False,True,-0.96,9.33,10.36,8.97,10.36,9.42,True,True,6,海王生物6、海欣食品6,3,anchor_nat_yizi,太阳电缆
2025-12-04,2025-12-05,603696,安记食品,3,食品饮料,8.17,False,False,True,-2.03,17.34,19.47,17.34,19.47,17.7,True,True,6,海王生物6、海欣食品6,3,anchor_nat_yizi,太阳电缆
2025-12-10,2025-12-11,000905,厦门港务,4,海峡两岸,22.89,False,False,True,2.7,16.33,16.93,14.79,15.13,15.9,False,False,6,安记食品6,4,anchor_nat_yizi,东百集团
2025-12-10,2025-12-11,600693,东百集团,4,零售,0.6,True,False,True,5.31,14.28,14.92,13.53,14.92,13.56,True,True,6,安记食品6,4,anchor_nat_yizi,东百集团
2025-12-11,2025-12-12,002235,安妮股份,4,实控人变更,15.14,False,True,False,-4.26,13.02,14.34,12.68,12.85,13.6,False,False,6,龙洲股份6,4,anchor_reorg,安妮股份
2025-12-11,2025-12-12,603601,再升科技,4,商业航天,6.78,False,False,True,4.44,8.0,8.43,7.85,8.43,7.66,True,True,6,龙洲股份6,4,anchor_reorg,安妮股份
2025-12-12,2025-12-15,000890,法尔胜,2,通信,3.18,False,False,True,10.05,6.46,6.46,6.46,6.46,5.87,True,True,5,东百集团5,2,anchor_nat_yizi,中利集团
2025-12-12,2025-12-15,001208,华菱线缆,2,商业航天,0.86,True,False,True,10.02,17.905,17.905,17.905,17.905,16.275,True,True,5,东百集团5,2,anchor_nat_yizi,中利集团
2025-12-12,2025-12-15,002309,中利集团,2,商业航天,1.68,True,False,True,-0.25,3.99,3.99,3.6,3.79,4.0,False,False,5,东百集团5,2,anchor_nat_yizi,中利集团
2025-12-12,2025-12-15,002471,中超控股,2,燃气轮机,10.06,False,False,True,9.98,5.84,5.84,5.84,5.84,5.31,True,True,5,东百集团5,2,anchor_nat_yizi,中利集团
2025-12-12,2025-12-15,002639,雪人集团,2,核电,32.23,False,False,True,10.02,19.98,19.98,19.16,19.98,18.16,True,True,5,东百集团5,2,anchor_nat_yizi,中利集团
2025-12-12,2025-12-15,300265,通光线缆,2,商业航天,22.5,False,False,True,0.69,14.51,14.85,13.14,13.64,14.41,False,False,5,东百集团5,2,anchor_nat_yizi,中利集团
2025-12-12,2025-12-15,600343,航天动力,2,商业航天,59.53,False,False,True,-2.79,39.0,39.93,36.37,38.1,40.12,False,False,5,东百集团5,2,anchor_nat_yizi,中利集团
2025-12-12,2025-12-15,600865,百大集团,2,零售,6.69,False,False,True,-2.44,11.59,13.07,11.4,13.07,11.88,True,True,5,东百集团5,2,anchor_nat_yizi,中利集团
2025-12-12,2025-12-15,600936,广西广电,2,机器人概念,6.57,False,False,True,1.7,4.18,4.52,4.18,4.52,4.11,True,True,5,东百集团5,2,anchor_nat_yizi,中利集团
2025-12-12,2025-12-15,603929,亚翔集成,2,芯片,7.07,False,False,True,0.0,89.19,92.99,86.03,87.07,89.19,False,False,5,东百集团5,2,anchor_nat_yizi,中利集团
2025-12-16,2025-12-17,000890,法尔胜,4,通信,1.58,True,False,True,-9.56,6.43,7.82,6.4,7.2,7.11,False,False,6,再升科技6,4,anchor_nat_yizi,法尔胜
2025-12-16,2025-12-17,001208,华菱线缆,4,商业航天,14.05,False,False,True,0.15,19.735,21.635,19.515,20.735,19.705,False,False,6,再升科技6,4,anchor_nat_yizi,法尔胜
2025-12-16,2025-12-17,600865,百大集团,4,零售,1.23,True,False,True,10.01,15.82,15.82,15.11,15.82,14.38,True,True,6,再升科技6,4,anchor_nat_yizi,法尔胜
2025-12-19,2025-12-22,002188,中天服务,3,地产链,3.02,False,False,True,10.04,8.22,8.22,6.72,6.73,7.47,False,False,6,百大集团6,3,anchor_nat_yizi,鹭燕医药
2025-12-19,2025-12-22,002788,鹭燕医药,3,医药,0.49,True,False,True,4.51,15.98,16.82,15.64,16.82,15.29,True,True,6,百大集团6,3,anchor_nat_yizi,鹭燕医药
2025-12-19,2025-12-22,002910,庄园牧场,3,食品饮料,5.47,False,False,True,0.29,13.69,15.02,13.69,15.02,13.65,True,True,6,百大集团6,3,anchor_nat_yizi,鹭燕医药
2025-12-19,2025-12-22,002969,嘉美包装,3,实控人变更,0.17,True,True,False,10.05,6.68,6.68,6.68,6.68,6.07,True,True,6,百大集团6,3,anchor_nat_yizi,鹭燕医药
2025-12-19,2025-12-22,603585,苏利股份,3,农业,6.05,False,False,True,-4.42,21.41,21.96,20.16,20.16,22.4,False,False,6,百大集团6,3,anchor_nat_yizi,鹭燕医药
2025-12-22,2025-12-23,002788,鹭燕医药,4,医药,17.02,False,False,True,1.07,17.0,18.5,15.92,18.5,16.82,True,True,4,浙江世宝4,4,anchor_reorg,嘉美包装
2025-12-22,2025-12-23,002910,庄园牧场,4,食品饮料,5.05,False,False,True,6.39,15.98,16.01,13.52,13.55,15.02,False,False,4,浙江世宝4,4,anchor_reorg,嘉美包装
2025-12-22,2025-12-23,002969,嘉美包装,4,实控人变更,0.11,True,True,False,10.03,7.35,7.35,7.35,7.35,6.68,True,True,4,浙江世宝4,4,anchor_reorg,嘉美包装
2025-12-24,2025-12-25,000551,创元科技,3,洁净室,1.54,True,False,True,0.13,15.12,16.62,15.1,16.62,15.1,True,True,5,鹭燕医药5,3,anchor_nat_yizi,创元科技
2025-12-24,2025-12-25,002228,合兴包装,3,海峡两岸,5.46,False,False,True,10.08,6.55,6.55,6.55,6.55,5.95,True,True,5,鹭燕医药5,3,anchor_nat_yizi,创元科技
2025-12-24,2025-12-25,600179,安通控股,3,海南,15.5,False,False,True,9.06,5.9,5.95,5.5,5.95,5.41,True,True,5,鹭燕医药5,3,anchor_nat_yizi,创元科技
2025-12-24,2025-12-25,603163,圣晖集成,3,洁净室,2.9,False,False,True,2.41,79.99,85.92,77.89,85.92,78.11,True,True,5,鹭燕医药5,3,anchor_nat_yizi,创元科技
2025-12-24,2025-12-25,603696,安记食品,3,海峡两岸,6.1,False,False,True,8.04,29.04,29.57,25.96,26.5,26.88,False,False,5,鹭燕医药5,3,anchor_nat_yizi,创元科技
2025-12-30,2025-12-31,002931,锋龙股份,5,机器人概念,0.04,True,False,True,9.99,31.7,31.7,31.7,31.7,28.82,True,True,8,神剑股份8,5,anchor_nat_yizi,锋龙股份
2025-12-30,2025-12-31,603278,大业股份,5,商业航天,4.06,False,False,True,9.94,17.03,17.04,13.95,17.04,15.49,True,True,8,神剑股份8,5,anchor_nat_yizi,锋龙股份
2026-01-14,2026-01-15,002044,美年健康,4,人工智能,26.07,False,False,True,5.28,8.571,8.871,8.181,8.501,8.141,False,False,13,锋龙股份13,4,anchor_nat_yizi,三维通信
2026-01-14,2026-01-15,002115,三维通信,4,人工智能,1.49,True,False,True,7.2,21.0,21.0,18.61,19.54,19.59,False,False,13,锋龙股份13,4,anchor_nat_yizi,三维通信
2026-01-14,2026-01-15,002131,利欧股份,4,人工智能,59.45,False,False,True,0.0,9.901,10.371,9.191,10.371,9.901,False,False,13,锋龙股份13,4,anchor_nat_yizi,三维通信
2026-01-14,2026-01-15,002400,省广集团,4,人工智能,55.83,False,False,True,0.29,13.85,13.9,12.43,12.8,13.81,False,False,13,锋龙股份13,4,anchor_nat_yizi,三维通信
2026-01-15,2026-01-16,002153,石基信息,2,人工智能,11.47,False,False,True,,,,,,,False,False,5,直真科技5,2,anchor_nat_yizi,华胜天成
2026-01-15,2026-01-16,002218,拓日新能,2,商业航天,3.44,False,False,True,10.0,6.16,6.16,5.1,5.15,5.6,False,False,5,直真科技5,2,anchor_nat_yizi,华胜天成
2026-01-15,2026-01-16,002264,新华都,2,人工智能,18.95,False,False,True,-9.93,10.89,11.45,10.88,10.88,12.09,False,False,5,直真科技5,2,anchor_nat_yizi,华胜天成
2026-01-15,2026-01-16,002446,盛路通信,2,商业航天,39.45,False,False,True,-2.52,14.3,14.57,13.2,13.2,14.67,False,False,5,直真科技5,2,anchor_nat_yizi,华胜天成
2026-01-15,2026-01-16,002554,惠博普,2,实控人变更,0.47,True,True,False,9.97,4.3,4.3,3.67,3.78,3.91,False,False,5,直真科技5,2,anchor_nat_yizi,华胜天成
2026-01-15,2026-01-16,002707,众信旅游,2,人工智能,2.37,True,False,True,,,,,,,False,False,5,直真科技5,2,anchor_nat_yizi,华胜天成
2026-01-15,2026-01-16,300758,七彩化学,2,人工智能,9.21,False,False,True,,,,,,,False,False,5,直真科技5,2,anchor_nat_yizi,华胜天成
2026-01-15,2026-01-16,600058,五矿发展,2,并购重组,2.19,True,True,False,10.02,13.94,13.94,13.94,13.94,12.67,True,True,5,直真科技5,2,anchor_nat_yizi,华胜天成
2026-01-15,2026-01-16,600410,华胜天成,2,人工智能,8.75,True,False,True,-1.97,23.94,24.29,21.98,21.99,24.42,False,False,5,直真科技5,2,anchor_nat_yizi,华胜天成
2026-01-15,2026-01-16,600785,新华百货,2,股权转让,4.86,False,True,False,9.99,18.82,18.82,17.68,18.82,17.11,True,True,5,直真科技5,2,anchor_nat_yizi,华胜天成
2026-01-15,2026-01-16,603056,德邦股份,2,并购重组,0.26,True,True,False,10.01,18.68,18.68,18.68,18.68,16.98,True,True,5,直真科技5,2,anchor_nat_yizi,华胜天成
2026-01-15,2026-01-16,605287,德才股份,2,基础建设,4.57,False,False,True,0.0,37.22,40.22,34.81,39.52,37.22,False,False,5,直真科技5,2,anchor_nat_yizi,华胜天成
2026-01-19,2026-01-20,002931,锋龙股份,14,机器人概念,2.18,True,False,True,10.0,74.77,74.77,74.77,74.77,67.97,True,True,5,博菲电气5,14,anchor_nat_yizi,锋龙股份
2026-01-26,2026-01-27,000593,德龙汇能,2,天然气,7.86,False,True,False,1.64,18.0,18.38,16.7,17.05,17.71,False,False,18,锋龙股份18,2,anchor_nat_yizi,豫光金铅
2026-01-26,2026-01-27,000603,盛达资源,2,黄金,8.08,False,False,True,0.37,56.74,62.2,56.74,61.04,56.53,False,False,18,锋龙股份18,2,anchor_nat_yizi,豫光金铅
2026-01-26,2026-01-27,000630,铜陵有色,2,黄金,82.57,False,False,True,-0.4,7.47,8.01,7.16,7.54,7.5,False,False,18,锋龙股份18,2,anchor_nat_yizi,豫光金铅
2026-01-26,2026-01-27,000751,锌业股份,2,黄金,20.04,False,False,True,-0.8,6.23,6.72,5.94,6.45,6.28,False,False,18,锋龙股份18,2,anchor_nat_yizi,豫光金铅
2026-01-26,2026-01-27,002218,拓日新能,2,光伏,1.27,True,False,True,2.5,6.16,6.61,6.16,6.61,6.01,True,True,18,锋龙股份18,2,anchor_nat_yizi,豫光金铅
2026-01-26,2026-01-27,002506,协鑫集成,2,光伏,13.58,False,False,True,-2.03,3.38,3.8,3.22,3.69,3.45,False,False,18,锋龙股份18,2,anchor_nat_yizi,豫光金铅
2026-01-26,2026-01-27,002623,亚玛顿,2,光伏,9.87,False,False,True,-7.64,21.04,25.0,21.04,23.5,22.78,False,False,18,锋龙股份18,2,anchor_nat_yizi,豫光金铅
2026-01-26,2026-01-27,002667,威领股份,2,锂电池,2.43,False,False,True,-2.01,18.97,20.08,18.51,19.63,19.36,False,False,18,锋龙股份18,2,anchor_nat_yizi,豫光金铅
2026-01-26,2026-01-27,003042,中农联合,2,农业,5.65,False,False,True,-8.29,19.26,23.1,18.9,23.1,21.0,True,True,18,锋龙股份18,2,anchor_nat_yizi,豫光金铅
2026-01-26,2026-01-27,600531,豫光金铅,2,黄金,2.01,True,False,True,7.3,19.99,20.49,19.31,20.49,18.63,True,True,18,锋龙股份18,2,anchor_nat_yizi,豫光金铅
2026-01-26,2026-01-27,600916,中国黄金,2,黄金,15.74,False,False,True,6.21,10.77,11.15,10.5,11.15,10.14,True,True,18,锋龙股份18,2,anchor_nat_yizi,豫光金铅
2026-01-26,2026-01-27,600986,浙文互联,2,人工智能,63.67,False,False,True,6.94,14.18,14.49,12.6,13.11,13.26,False,False,18,锋龙股份18,2,anchor_nat_yizi,豫光金铅
2026-01-26,2026-01-27,688323,瑞华泰,2,商业航天,8.31,False,False,True,-3.57,29.98,30.95,27.01,29.62,31.09,False,False,18,锋龙股份18,2,anchor_nat_yizi,豫光金铅
2026-01-30,2026-02-02,000995,皇台酒业,2,酿酒,6.73,False,False,True,-4.33,15.24,17.52,14.89,17.52,15.93,True,True,8,白银有色8,2,anchor_nat_yizi,万丰股份
2026-01-30,2026-02-02,002995,天地在线,2,人工智能,19.15,False,False,True,1.45,35.01,37.73,33.0,35.15,34.51,False,False,8,白银有色8,2,anchor_nat_yizi,万丰股份
2026-01-30,2026-02-02,600084,中信尼雅,2,酿酒,1.45,False,False,True,-4.95,6.92,8.01,6.77,7.85,7.28,False,False,8,白银有色8,2,anchor_nat_yizi,万丰股份
2026-01-30,2026-02-02,603103,横店影视,2,文化传媒,3.1,False,False,True,10.0,28.05,28.05,28.05,28.05,25.5,True,True,8,白银有色8,2,anchor_nat_yizi,万丰股份
2026-01-30,2026-02-02,603172,万丰股份,2,化工,0.38,True,False,True,9.99,28.3,28.3,28.3,28.3,25.73,True,True,8,白银有色8,2,anchor_nat_yizi,万丰股份
2026-02-02,2026-02-03,000995,皇台酒业,3,酿酒,10.5,False,False,True,-1.71,17.22,19.27,17.22,19.27,17.52,True,True,5,湖南黄金5,3,anchor_nat_yizi,万丰股份
2026-02-02,2026-02-03,603103,横店影视,3,文化传媒,0.75,True,False,True,10.02,30.86,30.86,30.27,30.86,28.05,True,True,5,湖南黄金5,3,anchor_nat_yizi,万丰股份
2026-02-02,2026-02-03,603172,万丰股份,3,化工,1.49,True,False,True,10.0,31.13,31.13,25.74,31.13,28.3,True,True,5,湖南黄金5,3,anchor_nat_yizi,万丰股份
2026-02-04,2026-02-05,000533,顺钠股份,3,智能电网,10.43,False,False,True,0.45,11.2,11.5,10.61,10.78,11.15,False,False,4,皇台酒业4、横店影视4、万丰股份4,3,anchor_reorg,民爆光电
2026-02-04,2026-02-05,301362,民爆光电,3,并购重组,4.38,True,True,False,10.12,85.61,93.29,85.0,93.29,77.74,True,True,4,皇台酒业4、横店影视4、万丰股份4,3,anchor_reorg,民爆光电
2026-02-05,2026-02-06,600683,京投发展,3,地产链,4.46,False,False,True,0.0,6.6,7.07,5.96,6.05,6.6,False,False,4,名雕股份4、杭电股份4,3,anchor_reorg,韩建河山
2026-02-05,2026-02-06,603616,韩建河山,3,并购重组,0.2,True,True,False,9.95,8.29,8.29,8.03,8.29,7.54,True,True,4,名雕股份4、杭电股份4,3,anchor_reorg,韩建河山
2026-02-06,2026-02-09,002506,协鑫集成,3,光伏,74.98,False,False,True,9.61,5.02,5.04,4.75,5.04,4.58,True,True,3,京投发展3,3,anchor_reorg,凯龙高科
2026-02-06,2026-02-09,300912,凯龙高科,3,并购重组,0.6,True,True,False,20.0,41.16,41.16,41.16,41.16,34.3,True,True,3,京投发展3,3,anchor_reorg,凯龙高科
2026-02-06,2026-02-09,600814,杭州解百,3,零售,7.46,False,False,True,,,,,,,False,False,3,京投发展3,3,anchor_reorg,凯龙高科
2026-02-10,2026-02-11,002455,百川股份,3,化工,1.23,True,False,True,7.64,14.51,14.83,14.25,14.83,13.48,True,True,4,协鑫集成4,3,anchor_nat_yizi,百川股份
2026-02-12,2026-02-13,002323,雅博股份,4,光伏,8.37,False,False,True,2.29,2.68,2.75,2.36,2.36,2.62,False,False,4,百川股份4,4,anchor_nat_yizi,掌阅科技
2026-02-12,2026-02-13,600589,大位科技,4,算力,3.45,True,False,True,10.03,15.25,15.25,12.88,13.19,13.86,False,False,4,百川股份4,4,anchor_nat_yizi,掌阅科技
2026-02-12,2026-02-13,603533,掌阅科技,4,AI应用,4.03,True,False,True,5.94,36.23,37.62,36.0,37.62,34.2,True,True,4,百川股份4,4,anchor_nat_yizi,掌阅科技
2026-02-12,2026-02-13,605287,德才股份,4,AI应用,18.01,False,False,True,-2.76,65.5,67.94,60.62,60.62,67.36,False,False,4,百川股份4,4,anchor_nat_yizi,掌阅科技
2026-02-24,2026-02-25,001896,豫能控股,4,算力,0.42,True,True,False,4.69,10.5,11.03,9.88,11.03,10.03,True,True,5,掌阅科技5,4,anchor_nat_yizi,美邦股份
2026-02-24,2026-02-25,605033,美邦股份,4,农业,0.94,True,False,True,9.99,34.69,34.69,28.39,29.45,31.54,False,False,5,掌阅科技5,4,anchor_nat_yizi,美邦股份
2026-02-25,2026-02-26,000545,金浦钛业,2,化工,5.41,False,False,True,1.75,3.48,3.56,3.32,3.35,3.42,False,False,4,美邦股份4,2,anchor_nat_yizi,澄星股份
2026-02-25,2026-02-26,000636,风华高科,2,元器件,44.42,False,False,True,-1.6,25.231,26.471,24.611,25.631,25.641,False,False,4,美邦股份4,2,anchor_nat_yizi,澄星股份
2026-02-25,2026-02-26,001396,誉帆科技,2,AI应用,1.81,False,False,True,1.17,56.312,61.252,55.322,56.472,55.662,False,False,4,美邦股份4,2,anchor_nat_yizi,澄星股份
2026-02-25,2026-02-26,002470,金正大,2,化工,2.47,False,False,True,10.16,2.82,2.82,2.82,2.82,2.56,True,True,4,美邦股份4,2,anchor_nat_yizi,澄星股份
2026-02-25,2026-02-26,002811,郑中设计,2,AI应用,3.38,False,False,True,,,,,,,False,False,4,美邦股份4,2,anchor_nat_yizi,澄星股份
2026-02-25,2026-02-26,600078,澄星股份,2,化工,2.82,True,False,True,10.03,14.81,14.81,14.6,14.81,13.46,True,True,4,美邦股份4,2,anchor_nat_yizi,澄星股份
2026-02-25,2026-02-26,600096,云天化,2,化工,73.78,False,False,True,0.23,43.4,44.84,42.51,44.55,43.3,False,False,4,美邦股份4,2,anchor_nat_yizi,澄星股份
2026-02-25,2026-02-26,600397,江钨装备,2,有色金属,30.36,False,False,True,2.03,19.12,20.44,19.03,19.57,18.74,False,False,4,美邦股份4,2,anchor_nat_yizi,澄星股份
2026-02-25,2026-02-26,600470,六国化工,2,化工,1.5,False,False,True,9.44,8.58,8.58,7.56,7.7,7.84,False,False,4,美邦股份4,2,anchor_nat_yizi,澄星股份
2026-02-25,2026-02-26,600759,洲际油气,2,石油石化,54.8,False,False,True,0.0,5.97,6.51,5.96,6.07,5.97,False,False,4,美邦股份4,2,anchor_nat_yizi,澄星股份
2026-02-25,2026-02-26,601872,招商轮船,2,航运,30.87,False,False,True,-0.75,14.64,15.79,14.63,15.6,14.75,False,False,4,美邦股份4,2,anchor_nat_yizi,澄星股份
2026-02-25,2026-02-26,603077,和邦生物,2,化工,10.0,False,False,True,6.25,3.06,3.1,2.85,2.9,2.88,False,False,4,美邦股份4,2,anchor_nat_yizi,澄星股份
2026-02-25,2026-02-26,603601,再升科技,2,化工,20.58,False,False,True,0.61,13.1,13.5,12.8,13.23,13.02,False,False,4,美邦股份4,2,anchor_nat_yizi,澄星股份
2026-02-25,2026-02-26,605178,时空科技,2,芯片,5.41,False,True,False,1.86,76.17,76.93,71.48,71.99,74.78,False,False,4,美邦股份4,2,anchor_nat_yizi,澄星股份
2026-02-26,2026-02-27,002470,金正大,3,化工,0.83,True,False,True,4.96,2.96,3.1,2.9,3.1,2.82,True,True,4,汉缆股份4,3,anchor_nat_yizi,金正大
2026-02-26,2026-02-27,600078,澄星股份,3,化工,6.58,False,False,True,-3.24,14.33,14.95,13.76,14.16,14.81,False,False,4,汉缆股份4,3,anchor_nat_yizi,金正大
2026-03-02,2026-03-03,000035,中国天楹,2,化工,9.63,False,False,True,-0.91,7.64,7.97,6.94,7.37,7.71,False,False,4,金正大4,2,anchor_nat_yizi,亚盛集团
2026-03-02,2026-03-03,000510,新金路,2,有色金属,14.48,False,False,True,4.28,23.41,23.5,20.48,20.93,22.45,False,False,4,金正大4,2,anchor_nat_yizi,亚盛集团
2026-03-02,2026-03-03,000960,锡业股份,2,有色金属,61.9,False,False,True,-6.41,45.44,46.73,43.67,43.67,48.55,False,False,4,金正大4,2,anchor_nat_yizi,亚盛集团
2026-03-02,2026-03-03,002155,湖南黄金,2,黄金,107.3,False,False,True,-1.8,40.43,43.37,39.91,40.38,41.17,False,False,4,金正大4,2,anchor_nat_yizi,亚盛集团
2026-03-02,2026-03-03,002356,赫美集团,2,化工,7.65,False,False,True,0.43,4.66,4.86,4.41,4.49,4.64,False,False,4,金正大4,2,anchor_nat_yizi,亚盛集团
2026-03-02,2026-03-03,002842,翔鹭钨业,2,有色金属,32.07,False,False,True,0.0,45.72,48.5,43.22,43.68,45.72,False,False,4,金正大4,2,anchor_nat_yizi,亚盛集团
2026-03-02,2026-03-03,002980,华盛昌,2,并购重组,0.64,True,True,False,10.01,35.06,35.06,32.96,35.06,31.87,True,True,4,金正大4,2,anchor_nat_yizi,亚盛集团
2026-03-02,2026-03-03,600108,亚盛集团,2,有色金属,3.07,True,False,True,10.07,4.81,4.81,4.61,4.81,4.37,True,True,4,金正大4,2,anchor_nat_yizi,亚盛集团
2026-03-02,2026-03-03,600259,中稀有色,2,稀土永磁,30.76,False,False,True,-3.17,108.73,111.44,101.06,101.06,112.29,False,False,4,金正大4,2,anchor_nat_yizi,亚盛集团
2026-03-02,2026-03-03,600301,华锡有色,2,有色金属,7.04,False,False,True,-0.34,71.0,77.77,69.82,70.99,71.24,False,False,4,金正大4,2,anchor_nat_yizi,亚盛集团
2026-03-02,2026-03-03,600452,涪陵电力,2,电力,12.15,False,False,True,-1.85,14.34,14.6,13.47,13.62,14.61,False,False,4,金正大4,2,anchor_nat_yizi,亚盛集团
2026-03-02,2026-03-03,600498,烽火通信,2,通信,19.84,False,False,True,3.0,58.41,60.21,55.0,56.13,56.71,False,False,4,金正大4,2,anchor_nat_yizi,亚盛集团
2026-03-02,2026-03-03,603257,中国瑞林,2,稀土永磁,7.63,False,False,True,,,,,,,False,False,4,金正大4,2,anchor_nat_yizi,亚盛集团
2026-03-02,2026-03-03,603318,水发燃气,2,天然气,6.88,False,False,True,9.98,9.7,9.7,9.7,9.7,8.82,True,True,4,金正大4,2,anchor_nat_yizi,亚盛集团
2026-03-02,2026-03-03,603353,和顺石油,2,石油石化,9.38,False,False,True,3.58,48.0,50.97,47.0,50.97,46.34,True,True,4,金正大4,2,anchor_nat_yizi,亚盛集团
2026-03-02,2026-03-03,603629,利通电子,2,算力,27.9,False,False,True,-4.09,61.74,65.66,57.98,58.1,64.37,False,False,4,金正大4,2,anchor_nat_yizi,亚盛集团
2026-03-02,2026-03-03,603738,泰晶科技,2,元器件,17.07,False,False,True,1.0,24.2,24.75,22.5,23.0,23.96,False,False,4,金正大4,2,anchor_nat_yizi,亚盛集团
2026-03-02,2026-03-03,603897,长城科技,2,智能电网,6.23,False,False,True,0.0,33.7,35.35,33.18,33.44,33.7,False,False,4,金正大4,2,anchor_nat_yizi,亚盛集团
2026-03-03,2026-03-04,002980,华盛昌,3,并购重组,14.98,False,True,False,-0.23,34.98,35.04,32.4,34.02,35.06,False,False,3,泰嘉股份3、长源东谷3,3,anchor_nat_yizi,水发燃气
2026-03-03,2026-03-04,600108,亚盛集团,3,有色金属,22.49,False,False,True,0.21,4.82,5.29,4.45,5.29,4.81,True,True,3,泰嘉股份3、长源东谷3,3,anchor_nat_yizi,水发燃气
2026-03-03,2026-03-04,603318,水发燃气,3,天然气,1.35,True,False,True,10.0,10.67,10.67,9.79,10.67,9.7,True,True,3,泰嘉股份3、长源东谷3,3,anchor_nat_yizi,水发燃气
2026-03-03,2026-03-04,603353,和顺石油,3,石油石化,9.82,False,False,True,5.94,54.0,54.0,45.87,46.49,50.97,False,False,3,泰嘉股份3、长源东谷3,3,anchor_nat_yizi,水发燃气
2026-03-05,2026-03-06,000533,顺钠股份,2,智能电网,1.08,True,False,True,9.98,14.88,14.88,14.88,14.88,13.53,True,True,4,亚盛集团4、水发燃气4,2,anchor_nat_yizi,顺钠股份
2026-03-05,2026-03-06,002339,积成电子,2,智能电网,14.97,False,False,True,2.29,12.98,13.3,12.47,13.09,12.69,False,False,4,亚盛集团4、水发燃气4,2,anchor_nat_yizi,顺钠股份
2026-03-05,2026-03-06,002498,汉缆股份,2,智能电网,5.76,False,False,True,6.71,9.54,9.83,9.39,9.83,8.94,True,True,4,亚盛集团4、水发燃气4,2,anchor_nat_yizi,顺钠股份
2026-03-05,2026-03-06,002877,智能自控,2,人工智能,4.0,False,False,True,-0.92,10.79,11.6,10.58,10.9,10.89,False,False,4,亚盛集团4、水发燃气4,2,anchor_nat_yizi,顺钠股份
2026-03-05,2026-03-06,300265,通光线缆,2,智能电网,32.8,False,False,True,1.91,21.87,21.99,20.42,20.61,21.46,False,False,4,亚盛集团4、水发燃气4,2,anchor_nat_yizi,顺钠股份
2026-03-05,2026-03-06,600545,卓郎智能,2,人工智能,0.71,True,False,True,6.1,4.0,4.15,3.83,4.15,3.77,True,True,4,亚盛集团4、水发燃气4,2,anchor_nat_yizi,顺钠股份
2026-03-05,2026-03-06,605268,王力安防,2,地产链,0.47,True,False,True,10.02,13.94,13.94,13.94,13.94,12.67,True,True,4,亚盛集团4、水发燃气4,2,anchor_nat_yizi,顺钠股份
2026-03-11,2026-03-12,000537,绿发电力,2,电力,12.49,False,False,True,9.16,12.28,12.39,11.82,12.39,11.25,True,True,5,王力安防5,2,anchor_two,黄河旋风
2026-03-11,2026-03-12,000839,国安股份,2,AI应用,23.19,False,False,True,4.52,4.16,4.26,3.86,3.89,3.98,False,False,5,王力安防5,2,anchor_two,黄河旋风
2026-03-11,2026-03-12,600108,亚盛集团,2,农业,23.83,False,False,True,1.98,6.7,7.17,6.51,6.96,6.57,False,False,5,王力安防5,2,anchor_two,黄河旋风
2026-03-11,2026-03-12,600172,黄河旋风,2,金刚石概念,28.66,False,False,True,0.99,11.2,11.59,10.59,10.89,11.09,False,False,5,王力安防5,2,anchor_two,黄河旋风
2026-03-11,2026-03-12,600726,华电能源,2,电力,13.02,False,False,True,2.83,3.63,3.88,3.63,3.88,3.53,True,True,5,王力安防5,2,anchor_two,黄河旋风
2026-03-11,2026-03-12,600769,祥龙电业,2,水务,5.91,False,False,True,0.0,15.02,15.36,14.59,14.7,15.02,False,False,5,王力安防5,2,anchor_two,黄河旋风
2026-03-11,2026-03-12,603421,鼎信通讯,2,智能电网,9.69,False,False,True,-3.36,9.79,10.2,9.52,9.66,10.13,False,False,5,王力安防5,2,anchor_two,黄河旋风
2026-03-11,2026-03-12,603803,瑞斯康达,2,通信,5.49,False,False,True,-3.22,11.71,13.31,11.62,12.5,12.1,False,False,5,王力安防5,2,anchor_two,黄河旋风
2026-03-12,2026-03-13,002150,正泰电源,2,储能,7.45,False,False,True,1.08,32.9,34.88,32.61,33.43,32.55,False,False,4,宁波建工4,2,anchor_two,中国能建
2026-03-12,2026-03-13,600722,金牛化工,2,化工,24.41,False,False,True,3.9,16.0,16.94,15.89,16.94,15.4,True,True,4,宁波建工4,2,anchor_two,中国能建
2026-03-12,2026-03-13,601016,节能风电,2,储能,34.7,False,False,True,4.06,4.61,4.75,4.3,4.42,4.43,False,False,4,宁波建工4,2,anchor_two,中国能建
2026-03-12,2026-03-13,601330,绿色动力,2,垃圾发电,9.95,False,False,True,,,,,,,False,False,4,宁波建工4,2,anchor_two,中国能建
2026-03-12,2026-03-13,601868,中国能建,2,智能电网,174.58,False,False,True,0.0,3.8,3.94,3.61,3.74,3.8,False,False,4,宁波建工4,2,anchor_two,中国能建
2026-03-16,2026-03-17,600227,赤天化,2,化工,20.9,False,False,True,-4.37,4.6,5.29,4.6,5.29,4.81,True,True,4,华电能源4,2,anchor_two,赤天化
2026-03-16,2026-03-17,600683,京投发展,2,地产链,2.31,False,False,True,9.96,10.6,10.6,10.28,10.6,9.64,True,True,4,华电能源4,2,anchor_two,赤天化
2026-03-16,2026-03-17,603248,锡华科技,2,风电,11.8,False,False,True,-0.71,30.8,34.12,30.49,34.12,31.02,True,True,4,华电能源4,2,anchor_two,赤天化
2026-03-16,2026-03-17,603929,亚翔集成,2,芯片,14.1,False,False,True,4.45,161.8,170.4,153.03,170.4,154.91,True,True,4,华电能源4,2,anchor_two,赤天化
2026-03-19,2026-03-20,000020,深华发Ａ,4,地产链,0.69,True,False,True,10.0,23.33,23.33,23.33,23.33,21.21,True,True,5,三房巷5,4,anchor_nat_yizi,深华发Ａ
2026-03-19,2026-03-20,600396,华电辽能,4,风电,10.29,False,False,True,7.21,6.1,6.26,5.58,6.26,5.69,True,True,5,三房巷5,4,anchor_nat_yizi,深华发Ａ
2026-03-26,2026-03-27,000720,新能泰山,3,智能电网,1.06,True,False,True,8.38,5.43,5.51,5.42,5.51,5.01,True,True,8,华电辽能8,3,anchor_nat_yizi,新能泰山
2026-03-26,2026-03-27,000722,湖南发展,3,电力,20.21,False,False,True,1.65,18.53,19.64,16.76,16.91,18.23,False,False,8,华电辽能8,3,anchor_nat_yizi,新能泰山
2026-03-26,2026-03-27,002192,融捷股份,3,锂电池,28.4,False,False,True,3.42,73.11,77.78,72.5,77.78,70.69,True,True,8,华电辽能8,3,anchor_nat_yizi,新能泰山
2026-03-26,2026-03-27,603538,美诺华,3,医药,10.14,False,False,True,6.51,37.94,39.18,37.17,39.18,35.62,True,True,8,华电辽能8,3,anchor_nat_yizi,新能泰山
2026-03-31,2026-04-01,000008,神州高铁,2,轨道交通,5.24,False,False,True,10.09,3.6,3.6,3.24,3.27,3.27,False,False,5,美诺华5,2,anchor_two,平潭发展
2026-03-31,2026-04-01,000592,平潭发展,2,海峡两岸,55.7,False,False,True,-0.47,12.72,12.72,11.9,12.02,12.78,False,False,5,美诺华5,2,anchor_two,平潭发展
2026-03-31,2026-04-01,002578,闽发铝业,2,海峡两岸,3.73,False,False,True,,,,,,,False,False,5,美诺华5,2,anchor_two,平潭发展
2026-03-31,2026-04-01,002634,棒杰股份,2,光伏,3.12,False,False,True,-1.01,8.85,9.45,8.71,9.17,8.94,False,False,5,美诺华5,2,anchor_two,平潭发展
2026-03-31,2026-04-01,301008,宏昌科技,2,两轮车,11.59,False,False,True,16.67,49.34,49.5,43.29,44.56,42.29,False,False,5,美诺华5,2,anchor_two,平潭发展
2026-03-31,2026-04-01,600502,安徽建工,2,基础建设,9.49,False,False,True,,,,,,,False,False,5,美诺华5,2,anchor_two,平潭发展
2026-04-01,2026-04-02,002560,通达股份,2,年报增长,9.81,False,False,True,9.44,12.99,13.06,11.93,13.06,11.87,True,True,4,神剑股份4,2,anchor_reorg,星辉环材
2026-04-01,2026-04-02,002821,凯莱英,2,医药,22.37,False,False,True,1.8,124.04,129.8,122.0,126.65,121.85,False,False,4,神剑股份4,2,anchor_reorg,星辉环材
2026-04-01,2026-04-02,300834,星辉环材,2,股权转让,6.47,False,True,False,13.16,41.01,43.49,38.8,43.49,36.24,True,True,4,神剑股份4,2,anchor_reorg,星辉环材
2026-04-01,2026-04-02,605162,新中港,2,电力,6.64,False,False,True,4.93,13.4,14.05,13.4,14.05,12.77,True,True,4,神剑股份4,2,anchor_reorg,星辉环材
2026-04-08,2026-04-09,000586,汇源通信,4,通信,0.87,True,False,True,9.46,25.0,25.12,24.25,25.12,22.84,True,True,7,津药药业7,4,anchor_nat_yizi,汇源通信
2026-04-10,2026-04-13,000889,中嘉博创,3,算力,7.76,False,False,True,-1.61,4.28,4.35,3.92,3.92,4.35,False,False,5,汇源通信5,3,anchor_reorg,来伊份
2026-04-10,2026-04-13,603777,来伊份,3,股权转让,6.66,False,True,False,1.06,17.15,17.5,16.0,16.9,16.97,False,False,5,汇源通信5,3,anchor_reorg,来伊份
2026-04-10,2026-04-13,603950,长源东谷,3,并购重组,3.2,True,True,False,5.33,52.0,54.31,50.33,54.31,49.37,True,True,5,汇源通信5,3,anchor_reorg,来伊份
2026-04-15,2026-04-16,002124,天邦食品,3,农业,12.11,False,False,True,-2.55,3.06,3.13,2.83,2.93,3.14,False,False,6,华远控股6,3,anchor_nat_yizi,博云新材
2026-04-15,2026-04-16,002297,博云新材,3,商业航天,1.43,True,False,True,9.99,16.08,16.08,15.93,16.08,14.62,True,True,6,华远控股6,3,anchor_nat_yizi,博云新材
2026-04-20,2026-04-21,600156,华升股份,3,算力,3.57,False,False,True,10.01,11.21,11.21,9.75,9.79,10.19,False,False,7,圣阳股份7,3,anchor_nat_yizi,株冶集团
2026-04-20,2026-04-21,600961,株冶集团,3,一季报增长,1.24,True,False,True,10.0,26.73,26.73,26.73,26.73,24.3,True,True,7,圣阳股份7,3,anchor_nat_yizi,株冶集团
2026-04-20,2026-04-21,603052,可川科技,3,通信,17.26,False,False,True,0.36,92.02,94.0,89.06,90.3,91.69,False,False,7,圣阳股份7,3,anchor_nat_yizi,株冶集团
2026-04-20,2026-04-21,603268,松发股份,3,ST摘帽,17.45,False,False,True,2.74,137.0,146.0,136.8,141.5,133.34,False,False,7,圣阳股份7,3,anchor_nat_yizi,株冶集团
2026-04-21,2026-04-22,600961,株冶集团,4,一季报增长,3.17,True,False,True,3.89,27.77,29.4,27.51,29.18,26.73,False,False,6,博云新材6,4,anchor_nat_yizi,株冶集团
2026-04-22,2026-04-23,002081,金螳螂,4,商业航天,3.03,True,False,True,10.19,5.3,5.3,5.12,5.3,4.81,True,True,4,株冶集团4,4,anchor_nat_yizi,金螳螂
2026-04-22,2026-04-23,003018,金富科技,4,算力,10.36,False,False,True,5.36,55.0,57.42,52.02,54.77,52.2,False,False,4,株冶集团4,4,anchor_nat_yizi,金螳螂
2026-04-24,2026-04-27,001234,泰慕士,3,服装家纺,4.51,False,False,True,,,,,,,False,False,5,金螳螂5,3,anchor_nat_yizi,水发燃气
2026-04-24,2026-04-27,603318,水发燃气,3,燃气轮机,1.84,True,False,True,7.46,12.24,12.53,11.84,12.53,11.39,True,True,5,金螳螂5,3,anchor_nat_yizi,水发燃气
2026-04-29,2026-04-30,001266,宏英智能,2,一季报增长,1.19,True,False,True,6.07,41.606,43.156,40.056,40.296,39.226,False,False,5,水发燃气5,2,anchor_nat_yizi,宏英智能
2026-04-29,2026-04-30,002081,金螳螂,2,芯片,16.27,False,False,True,-3.63,5.04,5.77,4.94,5.77,5.23,True,True,5,水发燃气5,2,anchor_nat_yizi,宏英智能
2026-04-29,2026-04-30,002652,扬子新材,2,芯片,2.1,False,False,True,3.72,6.41,6.6,5.89,5.93,6.18,False,False,5,水发燃气5,2,anchor_nat_yizi,宏英智能
2026-04-29,2026-04-30,600156,华升股份,2,算力,3.52,False,False,True,5.82,11.82,12.29,10.68,10.8,11.17,False,False,5,水发燃气5,2,anchor_nat_yizi,宏英智能
2026-04-29,2026-04-30,600379,宝光股份,2,芯片,9.87,False,False,True,8.2,16.5,16.78,16.48,16.78,15.25,True,True,5,水发燃气5,2,anchor_nat_yizi,宏英智能
2026-04-29,2026-04-30,603317,天味食品,2,一季报增长,8.68,False,False,True,-2.08,16.92,17.3,16.17,17.13,17.28,False,False,5,水发燃气5,2,anchor_nat_yizi,宏英智能
2026-04-29,2026-04-30,603399,永杉锂业,2,锂电池,10.38,False,False,True,9.98,19.39,19.39,19.39,19.39,17.63,True,True,5,水发燃气5,2,anchor_nat_yizi,宏英智能
2026-04-29,2026-04-30,603629,利通电子,2,算力,18.83,False,False,True,8.4,142.32,144.42,136.72,144.41,131.29,False,False,5,水发燃气5,2,anchor_nat_yizi,宏英智能
2026-04-29,2026-04-30,605168,三人行,2,算力,9.89,False,False,True,0.54,48.76,49.73,45.66,47.06,48.5,False,False,5,水发燃气5,2,anchor_nat_yizi,宏英智能
2026-05-06,2026-05-07,002081,金螳螂,4,商业航天,17.21,False,False,True,7.39,6.83,7.01,6.67,7.01,6.36,True,True,4,越剑智能4,4,anchor_nat_yizi,永杉锂业
2026-05-06,2026-05-07,600379,宝光股份,4,芯片,4.92,False,False,True,10.02,20.31,20.31,17.13,17.85,18.46,False,False,4,越剑智能4,4,anchor_nat_yizi,永杉锂业
2026-05-06,2026-05-07,603399,永杉锂业,4,锂电池,1.63,True,False,True,9.47,23.35,23.46,21.0,22.58,21.33,False,False,4,越剑智能4,4,anchor_nat_yizi,永杉锂业
2026-05-08,2026-05-11,603045,福达合金,4,算力,1.04,True,False,True,9.99,68.35,68.35,68.35,68.35,62.14,True,True,5,金螳螂5,4,anchor_nat_yizi,福达合金
2026-05-12,2026-05-13,002918,蒙娜丽莎,3,芯片,0.56,True,False,True,1.79,14.25,15.4,13.52,15.4,14.0,True,True,5,福达合金5,3,anchor_nat_yizi,蒙娜丽莎
2026-05-12,2026-05-13,600076,康欣新材,3,并购重组,2.66,False,True,False,-0.92,4.32,4.55,4.1,4.24,4.36,False,False,5,福达合金5,3,anchor_nat_yizi,蒙娜丽莎
2026-05-12,2026-05-13,600530,交大昂立,3,保健品,4.39,False,False,True,7.91,7.78,7.93,7.7,7.93,7.21,True,True,5,福达合金5,3,anchor_nat_yizi,蒙娜丽莎
2026-05-12,2026-05-13,600683,京投发展,3,并购重组,16.64,False,False,True,-0.24,20.8,21.83,18.78,19.26,20.85,False,False,5,福达合金5,3,anchor_nat_yizi,蒙娜丽莎
2026-05-14,2026-05-15,002208,合肥城建,3,芯片,18.88,False,False,True,-0.96,19.61,21.75,18.71,20.76,19.8,False,False,6,大唐发电6,3,anchor_nat_yizi,花王股份
2026-05-14,2026-05-15,603007,花王股份,3,通信,2.68,True,False,True,-1.73,9.1,9.1,8.33,8.37,9.26,False,False,6,大唐发电6,3,anchor_nat_yizi,花王股份
2026-05-14,2026-05-15,603052,可川科技,3,举牌,8.59,False,True,False,-0.42,114.89,120.47,109.08,113.47,115.38,False,False,6,大唐发电6,3,anchor_nat_yizi,花王股份
2026-05-18,2026-05-19,600578,京能电力,4,电力,18.38,False,False,True,0.0,7.71,8.48,6.98,8.27,7.71,False,False,6,蒙娜丽莎6,4,anchor_reorg,威龙股份
2026-05-18,2026-05-19,603779,威龙股份,4,实控人变更,0.37,True,True,False,9.99,12.0,12.0,12.0,12.0,10.91,True,True,6,蒙娜丽莎6,4,anchor_reorg,威龙股份
2026-05-19,2026-05-20,603082,北自科技,4,机器人概念,2.64,True,False,True,-10.0,46.06,51.3,46.06,46.06,51.18,False,False,4,京能电力4,4,anchor_nat_yizi,北自科技
2026-05-20,2026-05-21,002782,可立克,2,智能电网,12.76,False,False,True,0.03,30.36,30.66,28.05,28.2,30.35,False,False,4,北自科技4,2,anchor_two,可立克
2026-05-20,2026-05-21,003004,声迅股份,2,ST摘帽,2.1,False,False,True,4.45,47.14,49.64,45.97,49.64,45.13,False,False,4,北自科技4,2,anchor_two,可立克
2026-05-20,2026-05-21,600563,法拉电子,2,元器件,12.4,False,False,True,3.47,168.0,171.67,156.19,158.36,162.36,False,False,4,北自科技4,2,anchor_two,可立克
2026-05-20,2026-05-21,605288,凯迪股份,2,机器人概念,4.81,False,False,True,-4.0,100.43,115.0,100.43,113.65,104.61,False,False,4,北自科技4,2,anchor_two,可立克
2026-05-21,2026-05-22,000518,四环生物,2,ST摘帽,6.65,False,False,True,8.53,4.07,4.13,3.97,4.13,3.75,True,True,4,达实智能4,2,anchor_reorg,金利华电
2026-05-21,2026-05-22,002442,龙星科技,2,化工,9.88,False,False,True,1.63,7.49,8.11,6.95,8.11,7.37,True,True,4,达实智能4,2,anchor_reorg,金利华电
2026-05-21,2026-05-22,300069,金利华电,2,并购重组,0.23,True,True,False,20.0,52.87,52.87,52.87,52.87,44.06,True,True,4,达实智能4,2,anchor_reorg,金利华电
2026-05-21,2026-05-22,600611,大众交通,2,芯片,8.32,False,False,True,10.05,6.13,6.13,6.13,6.13,5.57,True,True,4,达实智能4,2,anchor_reorg,金利华电
2026-05-22,2026-05-25,000518,四环生物,3,ST摘帽,7.05,False,False,True,-6.3,3.87,4.54,3.72,4.54,4.13,True,True,4,诚邦股份4,3,anchor_nat_yizi,大众交通
2026-05-22,2026-05-25,002442,龙星科技,3,化工,7.17,False,False,True,5.92,8.59,8.92,7.51,7.85,8.11,False,False,4,诚邦股份4,3,anchor_nat_yizi,大众交通
2026-05-22,2026-05-25,300069,金利华电,3,并购重组,2.54,True,True,False,2.14,54.0,60.88,52.68,53.02,52.87,False,False,4,诚邦股份4,3,anchor_nat_yizi,大众交通
2026-05-22,2026-05-25,600611,大众交通,3,芯片,3.58,True,False,True,7.5,6.59,6.59,5.85,6.14,6.13,False,False,4,诚邦股份4,3,anchor_nat_yizi,大众交通
2026-05-26,2026-05-27,000509,华塑控股,2,新型工业化,3.73,False,False,True,0.0,4.74,5.21,4.55,5.21,4.74,True,True,4,四环生物4,2,anchor_nat_yizi,新亚制程
2026-05-26,2026-05-27,002185,华天科技,2,芯片,112.43,False,False,True,5.79,19.728,20.518,19.378,20.128,18.648,False,False,4,四环生物4,2,anchor_nat_yizi,新亚制程
2026-05-26,2026-05-27,002388,新亚制程,2,华为概念,0.79,True,False,True,3.42,6.66,6.99,6.16,6.16,6.44,False,False,4,四环生物4,2,anchor_nat_yizi,新亚制程
2026-05-26,2026-05-27,003036,泰坦股份,2,通信,11.04,False,False,True,-2.37,60.12,66.58,60.12,64.87,61.58,False,False,4,四环生物4,2,anchor_nat_yizi,新亚制程
2026-05-26,2026-05-27,600162,香江控股,2,地产链,0.62,True,False,True,6.19,2.23,2.31,2.21,2.31,2.1,True,True,4,四环生物4,2,anchor_nat_yizi,新亚制程
2026-05-26,2026-05-27,600520,三佳科技,2,芯片,2.99,False,False,True,8.61,39.99,39.99,33.14,33.79,36.82,False,False,4,四环生物4,2,anchor_nat_yizi,新亚制程
2026-05-26,2026-05-27,600584,长电科技,2,芯片,287.85,False,False,True,-1.92,86.5,94.9,83.5,86.16,88.19,False,False,4,四环生物4,2,anchor_nat_yizi,新亚制程
2026-05-26,2026-05-27,600726,华电能源,2,电力,15.19,False,False,True,3.29,7.86,8.37,7.71,8.37,7.61,True,True,4,四环生物4,2,anchor_nat_yizi,新亚制程
2026-05-27,2026-05-28,000759,中百集团,2,零售,7.79,False,False,True,-1.15,6.0,6.23,5.69,5.77,6.07,False,False,3,新金路3、宝鼎科技3、双星新材3、黄河旋风3,2,anchor_two,中京电子
2026-05-27,2026-05-28,001257,盛龙股份,2,有色金属,11.15,False,False,True,0.04,28.27,29.33,27.15,27.85,28.26,False,False,3,新金路3、宝鼎科技3、双星新材3、黄河旋风3,2,anchor_two,中京电子
2026-05-27,2026-05-28,002251,步步高,2,零售,12.27,False,False,True,-0.88,4.53,4.8,4.41,4.44,4.57,False,False,3,新金路3、宝鼎科技3、双星新材3、黄河旋风3,2,anchor_two,中京电子
2026-05-27,2026-05-28,002579,中京电子,2,通信,16.91,False,False,True,1.87,16.85,18.19,16.16,18.19,16.54,True,True,3,新金路3、宝鼎科技3、双星新材3、黄河旋风3,2,anchor_two,中京电子
2026-05-27,2026-05-28,002771,真视通,2,算力,5.69,False,False,True,2.3,16.87,17.0,16.15,16.72,16.49,False,False,3,新金路3、宝鼎科技3、双星新材3、黄河旋风3,2,anchor_two,中京电子
2026-06-01,2026-06-02,000037,深南电A,2,电力,12.68,False,False,True,0.0,12.618,12.908,11.818,11.978,12.618,False,False,5,香江控股5、华电能源5,2,anchor_nat_yizi,春秋电子
2026-06-01,2026-06-02,000767,晋控电力,2,电力,41.03,False,False,True,0.16,6.15,6.6,6.0,6.11,6.14,False,False,5,香江控股5、华电能源5,2,anchor_nat_yizi,春秋电子
2026-06-01,2026-06-02,002081,金螳螂,2,地产链,41.36,False,False,True,3.31,6.87,7.3,6.57,6.72,6.65,False,False,5,香江控股5、华电能源5,2,anchor_nat_yizi,春秋电子
2026-06-01,2026-06-02,002608,江苏国信,2,电力,14.54,False,False,True,,,,,,,False,False,5,香江控股5、华电能源5,2,anchor_nat_yizi,春秋电子
2026-06-01,2026-06-02,301439,泓淋电力,2,通信,12.44,False,False,True,,,,,,,False,False,5,香江控股5、华电能源5,2,anchor_nat_yizi,春秋电子
2026-06-01,2026-06-02,600011,华能国际,2,电力,66.15,False,False,True,,,,,,,False,False,5,香江控股5、华电能源5,2,anchor_nat_yizi,春秋电子
2026-06-01,2026-06-02,600280,中央商场,2,零售,2.93,False,False,True,-2.84,3.42,3.87,3.37,3.87,3.52,True,True,5,香江控股5、华电能源5,2,anchor_nat_yizi,春秋电子
2026-06-01,2026-06-02,603890,春秋电子,2,AI PC,1.18,True,False,True,10.0,30.02,30.02,30.02,30.02,27.29,True,True,5,香江控股5、华电能源5,2,anchor_nat_yizi,春秋电子
2026-06-02,2026-06-03,600280,中央商场,3,零售,5.52,False,False,True,-3.1,3.75,4.2,3.62,3.99,3.87,False,False,4,粤电力Ａ4、合锻智能4,3,anchor_nat_yizi,春秋电子
2026-06-02,2026-06-03,603890,春秋电子,3,AI PC,1.15,True,False,True,5.23,31.59,32.58,29.23,31.33,30.02,False,False,4,粤电力Ａ4、合锻智能4,3,anchor_nat_yizi,春秋电子
2026-06-03,2026-06-04,300197,节能铁汉,3,并购重组,12.75,False,True,False,3.24,2.87,3.22,2.75,2.79,2.78,False,False,3,中央商场3、春秋电子3,3,anchor_nat_yizi,天洋新材
2026-06-03,2026-06-04,600121,郑州煤电,3,煤炭,15.42,False,False,True,0.0,5.69,6.25,5.56,5.7,5.69,False,False,3,中央商场3、春秋电子3,3,anchor_nat_yizi,天洋新材
2026-06-03,2026-06-04,600367,红星发展,3,元器件,5.52,False,False,True,5.9,45.24,46.98,45.02,46.98,42.72,True,True,3,中央商场3、春秋电子3,3,anchor_nat_yizi,天洋新材
2026-06-03,2026-06-04,600403,大有能源,3,煤炭,6.36,False,False,True,9.96,7.4,7.4,7.4,7.4,6.73,True,True,3,中央商场3、春秋电子3,3,anchor_nat_yizi,天洋新材
2026-06-03,2026-06-04,603330,天洋新材,3,通信,1.01,True,False,True,0.0,8.55,9.41,8.25,9.41,8.55,True,True,3,中央商场3、春秋电子3,3,anchor_nat_yizi,天洋新材
2026-06-09,2026-06-10,001696,宗申动力,2,低空经济,11.9,False,False,True,2.65,17.81,19.11,17.6,18.85,17.35,False,False,6,大有能源6,2,anchor_reorg,韩建河山
2026-06-09,2026-06-10,002362,汉王科技,2,物理AI,4.49,False,False,True,,,,,,,False,False,6,大有能源6,2,anchor_reorg,韩建河山
2026-06-09,2026-06-10,002636,金安国纪,2,通信,10.06,False,False,True,7.99,76.0,77.42,74.46,77.42,70.38,True,True,6,大有能源6,2,anchor_reorg,韩建河山
2026-06-09,2026-06-10,002747,埃斯顿,2,机器人概念,27.77,False,False,True,5.68,39.66,39.9,35.31,35.8,37.53,False,False,6,大有能源6,2,anchor_reorg,韩建河山
2026-06-09,2026-06-10,603186,华正新材,2,通信,28.11,False,False,True,1.92,152.5,164.59,152.5,163.32,149.63,False,False,6,大有能源6,2,anchor_reorg,韩建河山
2026-06-09,2026-06-10,603616,韩建河山,2,并购重组,0.69,True,True,False,10.01,8.02,8.02,7.27,7.29,7.29,False,False,6,大有能源6,2,anchor_reorg,韩建河山
2026-06-09,2026-06-10,603929,亚翔集成,2,芯片,6.72,False,False,True,-0.39,205.0,226.39,205.0,222.06,205.81,False,False,6,大有能源6,2,anchor_reorg,韩建河山
2026-06-09,2026-06-10,688207,格灵深瞳,2,物理AI,9.35,False,False,True,,,,,,,False,False,6,大有能源6,2,anchor_reorg,韩建河山
2026-06-11,2026-06-12,000048,京基智农,3,股权转让,5.6,False,True,False,-1.12,19.39,21.18,18.9,18.91,19.61,False,False,4,天娱数科4,3,anchor_nat_yizi,中化国际
2026-06-11,2026-06-12,002971,和远气体,3,芯片,12.49,False,False,True,4.27,55.0,58.03,54.4,58.03,52.75,True,True,4,天娱数科4,3,anchor_nat_yizi,中化国际
2026-06-11,2026-06-12,600500,中化国际,3,通信,2.8,True,False,True,9.57,7.9,7.93,7.48,7.93,7.21,False,False,4,天娱数科4,3,anchor_nat_yizi,中化国际
2026-06-11,2026-06-12,603065,XD宿迁联,3,芯片,1.59,True,False,True,10.03,13.6,13.6,13.6,13.6,12.36,True,True,4,天娱数科4,3,anchor_nat_yizi,中化国际
2026-06-15,2026-06-16,000506,招金黄金,2,黄金,9.1,False,False,True,0.07,15.11,15.7,14.72,15.2,15.1,False,False,4,和远气体4、宿迁联盛4,2,anchor_reorg,迪生力
2026-06-15,2026-06-16,001359,平安电工,2,化工,6.53,False,False,True,3.69,93.679,94.302,89.332,93.079,90.348,False,False,4,和远气体4、宿迁联盛4,2,anchor_reorg,迪生力
2026-06-15,2026-06-16,301176,逸豪新材,2,通信,4.3,False,False,True,15.44,78.41,81.5,75.7,81.5,67.92,True,True,4,和远气体4、宿迁联盛4,2,anchor_reorg,迪生力
2026-06-15,2026-06-16,601696,中银证券,2,证券,16.55,False,False,True,,,,,,,False,False,4,和远气体4、宿迁联盛4,2,anchor_reorg,迪生力
2026-06-15,2026-06-16,603335,迪生力,2,并购重组,0.15,True,True,False,10.05,9.75,9.75,8.4,8.81,8.86,False,False,4,和远气体4、宿迁联盛4,2,anchor_reorg,迪生力
2026-06-15,2026-06-16,603738,泰晶科技,2,通信,47.5,False,False,True,0.16,57.0,58.6,53.31,55.51,56.91,False,False,4,和远气体4、宿迁联盛4,2,anchor_reorg,迪生力
2026-06-15,2026-06-16,605198,安德利,2,食品饮料,4.71,False,False,True,10.0,78.41,78.41,75.01,78.41,71.28,True,True,4,和远气体4、宿迁联盛4,2,anchor_reorg,迪生力
2026-06-17,2026-06-18,000777,中核科技,3,中字头,17.02,False,False,True,-6.48,20.338,20.668,19.558,19.558,21.748,False,False,4,深桑达Ａ4、盛龙股份4,3,anchor_nat_yizi,旗滨集团
2026-06-17,2026-06-18,002080,中材科技,3,通信,66.99,False,False,True,-0.19,82.25,82.8,78.2,80.55,82.41,False,False,4,深桑达Ａ4、盛龙股份4,3,anchor_nat_yizi,旗滨集团
2026-06-17,2026-06-18,002741,光华科技,3,通信,8.06,False,False,True,,,,,,,False,False,4,深桑达Ａ4、盛龙股份4,3,anchor_nat_yizi,旗滨集团
2026-06-17,2026-06-18,600110,诺德股份,3,通信,2.79,True,False,True,,,,,,,False,False,4,深桑达Ａ4、盛龙股份4,3,anchor_nat_yizi,旗滨集团
2026-06-17,2026-06-18,600353,旭光电子,3,通信,11.13,False,False,True,8.67,41.5,42.01,40.55,42.01,38.19,True,True,4,深桑达Ａ4、盛龙股份4,3,anchor_nat_yizi,旗滨集团
2026-06-17,2026-06-18,601636,旗滨集团,3,芯片,5.64,True,False,True,-0.92,8.59,8.59,7.8,8.04,8.67,False,False,4,深桑达Ａ4、盛龙股份4,3,anchor_nat_yizi,旗滨集团
2026-06-17,2026-06-18,603002,宏昌电子,3,通信,18.02,False,False,True,1.9,23.64,24.65,22.67,23.58,23.2,False,False,4,深桑达Ａ4、盛龙股份4,3,anchor_nat_yizi,旗滨集团
2026-06-17,2026-06-18,603115,海星股份,3,电阻电容,5.31,False,False,True,5.05,126.0,128.4,114.0,114.7,119.94,False,False,4,深桑达Ａ4、盛龙股份4,3,anchor_nat_yizi,旗滨集团
2026-06-17,2026-06-18,603186,华正新材,3,通信,36.03,False,False,True,-1.45,223.38,239.99,221.22,238.11,226.67,False,False,4,深桑达Ａ4、盛龙股份4,3,anchor_nat_yizi,旗滨集团
2026-06-17,2026-06-18,603618,杭电股份,3,通信,15.75,False,False,True,,,,,,,False,False,4,深桑达Ａ4、盛龙股份4,3,anchor_nat_yizi,旗滨集团
2026-06-23,2026-06-24,002068,黑猫股份,3,元器件,14.44,False,False,True,-2.69,12.31,13.69,11.6,13.48,12.65,False,False,5,旭光电子5,3,anchor_nat_yizi,东方锆业
2026-06-23,2026-06-24,002167,东方锆业,3,非金属材料,19.13,True,False,True,0.46,19.6,21.46,19.52,21.46,19.51,True,True,5,旭光电子5,3,anchor_nat_yizi,东方锆业
2026-06-23,2026-06-24,002674,兴业科技,3,芯片,0.19,True,False,True,10.02,23.83,23.83,23.83,23.83,21.66,True,True,5,旭光电子5,3,anchor_nat_yizi,东方锆业
2026-06-23,2026-06-24,600851,海欣股份,3,医药,4.35,False,False,True,,,,,,,False,False,5,旭光电子5,3,anchor_nat_yizi,东方锆业
2026-06-23,2026-06-24,603407,长裕集团,3,非金属材料,8.89,False,False,True,-3.39,79.53,90.55,79.11,90.55,82.32,True,True,5,旭光电子5,3,anchor_nat_yizi,东方锆业
2026-06-24,2026-06-25,002167,东方锆业,4,非金属材料,61.79,False,False,True,-0.19,21.42,23.06,21.41,22.77,21.46,False,False,5,江钨装备5,4,anchor_nat_yizi,兴业科技
2026-06-24,2026-06-25,002674,兴业科技,4,芯片,0.55,True,False,True,9.99,26.21,26.21,26.21,26.21,23.83,True,True,5,江钨装备5,4,anchor_nat_yizi,兴业科技
2026-06-24,2026-06-25,603407,长裕集团,4,非金属材料,7.52,False,False,True,4.66,94.77,99.61,88.9,91.87,90.55,False,False,5,江钨装备5,4,anchor_nat_yizi,兴业科技
2026-06-29,2026-06-30,002180,奔图科技,2,芯片,11.49,False,False,True,,,,,,,False,False,6,兴业科技6,2,anchor_two,彤程新材
2026-06-29,2026-06-30,002568,百润股份,2,酿酒,6.85,False,False,True,-0.58,17.2,17.47,16.66,16.92,17.3,False,False,6,兴业科技6,2,anchor_two,彤程新材
2026-06-29,2026-06-30,601133,柏诚股份,2,芯片,9.01,False,False,True,,,,,,,False,False,6,兴业科技6,2,anchor_two,彤程新材
2026-06-29,2026-06-30,603155,新亚强,2,芯片,8.93,False,False,True,-4.56,26.6,30.6,26.31,28.58,27.87,False,False,6,兴业科技6,2,anchor_two,彤程新材
2026-06-29,2026-06-30,603163,圣晖集成,2,芯片,12.34,False,False,True,2.59,153.0,157.0,142.5,146.5,149.14,False,False,6,兴业科技6,2,anchor_two,彤程新材
2026-06-29,2026-06-30,603650,彤程新材,2,芯片,56.57,False,False,True,,,,,,,False,False,6,兴业科技6,2,anchor_two,彤程新材
2026-06-29,2026-06-30,603928,兴业股份,2,芯片,2.22,False,False,True,7.43,14.45,14.8,14.14,14.8,13.45,True,True,6,兴业科技6,2,anchor_two,彤程新材
2026-06-29,2026-06-30,688432,有研硅,2,光伏,32.94,False,False,True,3.83,38.5,41.21,37.0,39.97,37.08,False,False,6,兴业科技6,2,anchor_two,彤程新材
2026-06-30,2026-07-01,000017,深中华A,2,黄金,1.8,False,False,True,-0.98,6.06,6.29,5.92,6.08,6.12,False,False,3,威派格3,2,anchor_two,多氟多
2026-06-30,2026-07-01,000566,海南海药,2,医药,8.94,False,False,True,-1.8,4.9,5.49,4.77,5.49,4.99,True,True,3,威派格3,2,anchor_two,多氟多
2026-06-30,2026-07-01,001229,魅视科技,2,物理AI,1.23,False,False,True,0.0,36.32,38.3,36.27,36.94,36.32,False,False,3,威派格3,2,anchor_two,多氟多
2026-06-30,2026-07-01,001237,惠康科技,2,家电,7.41,False,False,True,,,,,,,False,False,3,威派格3,2,anchor_two,多氟多
2026-06-30,2026-07-01,002208,合肥城建,2,芯片,25.06,False,False,True,2.72,20.77,21.56,20.08,20.2,20.22,False,False,3,威派格3,2,anchor_two,多氟多
2026-06-30,2026-07-01,002407,多氟多,2,芯片,93.93,False,False,True,9.1,54.8,55.25,53.76,55.25,50.23,True,True,3,威派格3,2,anchor_two,多氟多
2026-06-30,2026-07-01,002628,成都路桥,2,机器人概念,3.14,False,False,True,0.19,5.36,5.51,5.22,5.42,5.35,False,False,3,威派格3,2,anchor_two,多氟多
2026-06-30,2026-07-01,002638,勤上股份,2,LED,0.95,False,False,True,,,,,,,False,False,3,威派格3,2,anchor_two,多氟多
2026-06-30,2026-07-01,003043,华亚智能,2,芯片,6.95,False,False,True,,,,,,,False,False,3,威派格3,2,anchor_two,多氟多
2026-06-30,2026-07-01,600113,浙江东日,2,零售,3.58,False,False,True,7.26,35.59,36.5,35.18,36.5,33.18,True,True,3,威派格3,2,anchor_two,多氟多
2026-06-30,2026-07-01,600363,联创光电,2,核电,13.71,False,False,True,,,,,,,False,False,3,威派格3,2,anchor_two,多氟多
2026-06-30,2026-07-01,600378,昊华科技,2,芯片,74.47,False,False,True,,,,,,,False,False,3,威派格3,2,anchor_two,多氟多
2026-06-30,2026-07-01,603033,三维股份,2,化工,1.29,False,False,True,,,,,,,False,False,3,威派格3,2,anchor_two,多氟多
2026-06-30,2026-07-01,603061,金海通,2,芯片,18.93,False,False,True,0.55,505.0,550.0,488.04,523.0,502.22,False,False,3,威派格3,2,anchor_two,多氟多
2026-06-30,2026-07-01,603222,济民健康,2,医药,0.81,False,False,True,6.51,9.0,9.0,7.98,8.28,8.45,False,False,3,威派格3,2,anchor_two,多氟多
2026-06-30,2026-07-01,603459,红板科技,2,通信,33.37,False,False,True,-2.08,109.88,122.1,103.22,104.69,112.21,False,False,3,威派格3,2,anchor_two,多氟多
2026-06-30,2026-07-01,603950,长源东谷,2,发电机,3.94,False,False,True,4.8,88.48,92.87,85.3,87.3,84.43,False,False,3,威派格3,2,anchor_two,多氟多
2026-06-30,2026-07-01,603983,丸美生物,2,美容护理,4.19,False,False,True,,,,,,,False,False,3,威派格3,2,anchor_two,多氟多
2026-07-01,2026-07-02,000603,盛达资源,2,中报增长,12.67,False,False,True,4.76,26.62,26.69,24.64,24.72,25.41,False,False,3,兴业股份3,2,anchor_nat_yizi,水晶光电
2026-07-01,2026-07-02,001331,胜通能源,2,机器人概念,8.61,False,False,True,1.66,63.05,65.78,60.0,61.6,62.02,False,False,3,兴业股份3,2,anchor_nat_yizi,水晶光电
2026-07-01,2026-07-02,002053,云南能投,2,电力,2.38,False,False,True,,,,,,,False,False,3,兴业股份3,2,anchor_nat_yizi,水晶光电
2026-07-01,2026-07-02,002167,东方锆业,2,非金属材料,39.66,False,False,True,-3.17,23.51,26.71,23.5,26.05,24.28,False,False,3,兴业股份3,2,anchor_nat_yizi,水晶光电
2026-07-01,2026-07-02,002273,水晶光电,2,芯片,5.73,True,False,True,2.49,40.0,42.18,38.23,39.02,39.03,False,False,3,兴业股份3,2,anchor_nat_yizi,水晶光电
2026-07-01,2026-07-02,002396,星网锐捷,2,通信,8.74,False,False,True,0.95,21.29,22.25,20.5,21.27,21.09,False,False,3,兴业股份3,2,anchor_nat_yizi,水晶光电
2026-07-01,2026-07-02,002738,中矿资源,2,锂电池,12.73,False,False,True,,,,,,,False,False,3,兴业股份3,2,anchor_nat_yizi,水晶光电
2026-07-01,2026-07-02,002747,埃斯顿,2,机器人概念,21.97,False,False,True,4.26,42.81,42.81,39.05,40.7,41.06,False,False,3,兴业股份3,2,anchor_nat_yizi,水晶光电
2026-07-01,2026-07-02,002929,润建股份,2,算力,29.19,False,False,True,-2.15,71.99,74.23,69.35,69.65,73.57,False,False,3,兴业股份3,2,anchor_nat_yizi,水晶光电
2026-07-01,2026-07-02,300518,新迅达,2,锂电池,5.27,False,False,True,,,,,,,False,False,3,兴业股份3,2,anchor_nat_yizi,水晶光电
2026-07-01,2026-07-02,600076,康欣新材,2,芯片,0.89,False,False,True,2.2,3.72,3.88,3.49,3.6,3.64,False,False,3,兴业股份3,2,anchor_nat_yizi,水晶光电
2026-07-01,2026-07-02,600641,先导基电,2,芯片,54.71,False,False,True,10.01,48.24,48.24,44.98,48.24,43.85,True,True,3,兴业股份3,2,anchor_nat_yizi,水晶光电
2026-07-01,2026-07-02,600783,鲁信创投,2,商业航天,10.46,False,False,True,,,,,,,False,False,3,兴业股份3,2,anchor_nat_yizi,水晶光电
2026-07-01,2026-07-02,603120,肯特催化,2,化工,3.84,False,False,True,-2.1,57.46,63.5,55.5,60.37,58.69,False,False,3,兴业股份3,2,anchor_nat_yizi,水晶光电
2026-07-01,2026-07-02,603137,恒尚节能,2,并购重组,0.07,True,True,False,9.98,15.65,15.65,15.65,15.65,14.23,True,True,3,兴业股份3,2,anchor_nat_yizi,水晶光电
2026-07-01,2026-07-02,603212,赛伍技术,2,光伏,4.92,False,False,True,-0.45,13.4,13.4,12.78,12.78,13.46,False,False,3,兴业股份3,2,anchor_nat_yizi,水晶光电
2026-07-01,2026-07-02,603379,三美股份,2,化工,35.91,False,False,True,,,,,,,False,False,3,兴业股份3,2,anchor_nat_yizi,水晶光电
2026-07-01,2026-07-02,603991,领先股份,2,芯片,21.03,False,False,True,-3.39,150.0,161.94,145.96,151.1,155.27,False,False,3,兴业股份3,2,anchor_nat_yizi,水晶光电
2026-07-01,2026-07-02,688728,格科微,2,芯片,42.98,False,False,True,-4.95,24.0,25.89,23.58,24.46,25.25,False,False,3,兴业股份3,2,anchor_nat_yizi,水晶光电
2026-07-03,2026-07-06,600793,宜宾纸业,3,造纸,0.59,True,False,True,9.93,17.6,17.61,15.5,17.61,16.01,True,True,4,海南海药4,3,anchor_nat_yizi,宜宾纸业
2026-07-03,2026-07-06,603559,中通国脉,3,ST摘帽,1.41,False,False,True,-0.1,9.9,10.0,8.97,8.98,9.91,False,False,4,海南海药4,3,anchor_nat_yizi,宜宾纸业
2026-07-03,2026-07-06,605189,富春染织,3,机器人概念,3.56,False,False,True,3.8,16.66,17.3,15.0,15.16,16.05,False,False,4,海南海药4,3,anchor_nat_yizi,宜宾纸业
2026-07-08,2026-07-09,001229,魅视科技,2,物理AI,0.48,True,False,True,9.81,46.89,46.89,40.0,45.47,42.7,False,False,5,宜宾纸业5,2,anchor_nat_yizi,魅视科技
2026-07-08,2026-07-09,001365,天海电子,2,机器人概念,9.73,False,False,True,-4.02,45.89,51.99,45.89,47.34,47.81,False,False,5,宜宾纸业5,2,anchor_nat_yizi,魅视科技
2026-07-08,2026-07-09,002841,视源股份,2,中报增长,13.48,False,False,True,-4.81,45.11,52.13,44.66,52.13,47.39,True,True,5,宜宾纸业5,2,anchor_nat_yizi,魅视科技
2026-07-08,2026-07-09,002951,金时科技,2,元器件,4.07,False,False,True,0.67,16.43,17.12,14.69,15.8,16.32,False,False,5,宜宾纸业5,2,anchor_nat_yizi,魅视科技
2026-07-08,2026-07-09,301251,威尔高,2,电源,13.54,False,False,True,,,,,,,False,False,5,宜宾纸业5,2,anchor_nat_yizi,魅视科技
2026-07-08,2026-07-09,600094,大名城,2,算力,0.74,False,False,True,,,,,,,False,False,5,宜宾纸业5,2,anchor_nat_yizi,魅视科技
2026-07-09,2026-07-10,000977,浪潮信息,2,中报增长,185.34,False,False,True,,,,,,,False,False,3,大恒科技3,2,anchor_two,浪潮信息
2026-07-09,2026-07-10,002490,山东墨龙,2,石油石化,6.8,False,False,True,-4.69,7.31,7.88,7.31,7.68,7.67,False,False,3,大恒科技3,2,anchor_two,浪潮信息
2026-07-09,2026-07-10,002677,浙江美大,2,家电,1.08,False,False,True,,,,,,,False,False,3,大恒科技3,2,anchor_two,浪潮信息
2026-07-09,2026-07-10,603928,兴业股份,2,芯片,11.72,False,False,True,-3.56,17.36,19.8,17.0,18.8,18.0,False,False,3,大恒科技3,2,anchor_two,浪潮信息
2026-07-10,2026-07-13,000887,中鼎股份,2,机器人概念,22.34,False,False,True,,,,,,,False,False,3,视源股份3,2,anchor_two,高德红外
2026-07-10,2026-07-13,000892,欢瑞世纪,2,AI应用,5.75,False,False,True,5.0,4.41,4.62,3.92,3.98,4.2,False,False,3,视源股份3,2,anchor_two,高德红外
2026-07-10,2026-07-13,001395,亚联机械,2,中报增长,1.08,False,False,True,0.59,28.8,31.49,28.6,31.49,28.63,True,True,3,视源股份3,2,anchor_two,高德红外
2026-07-10,2026-07-13,002346,柘中股份,2,智能电网,2.06,False,False,True,-1.65,21.45,22.39,20.22,20.33,21.81,False,False,3,视源股份3,2,anchor_two,高德红外
2026-07-10,2026-07-13,002414,高德红外,2,中报增长,29.79,False,False,True,,,,,,,False,False,3,视源股份3,2,anchor_two,高德红外
2026-07-10,2026-07-13,002829,星网宇达,2,中报增长,2.8,False,False,True,4.51,20.38,21.44,19.0,20.49,19.5,False,False,3,视源股份3,2,anchor_two,高德红外
2026-07-10,2026-07-13,003020,立方制药,2,医药,3.24,False,False,True,6.94,20.04,20.61,19.66,20.61,18.74,True,True,3,视源股份3,2,anchor_two,高德红外
2026-07-10,2026-07-13,600992,贵绳股份,2,商业航天,1.78,False,False,True,10.05,11.72,11.72,11.72,11.72,10.65,True,True,3,视源股份3,2,anchor_two,高德红外
2026-07-10,2026-07-13,603898,好莱客,2,AI应用,0.86,False,False,True,,,,,,,False,False,3,视源股份3,2,anchor_two,高德红外
2026-07-14,2026-07-15,001388,信通电子,2,机器人概念,1.02,False,False,True,4.88,22.635,23.77,22.419,23.77,21.581,True,True,3,亚联机械3、立方制药3、贵绳股份3,2,anchor_reorg,恒尚节能
2026-07-14,2026-07-15,002379,宏桥控股,2,中报增长,18.28,False,False,True,3.49,18.1,18.86,17.62,18.66,17.49,False,False,3,亚联机械3、立方制药3、贵绳股份3,2,anchor_reorg,恒尚节能
2026-07-14,2026-07-15,603065,宿迁联盛,2,芯片,12.28,False,False,True,,,,,,,False,False,3,亚联机械3、立方制药3、贵绳股份3,2,anchor_reorg,恒尚节能
2026-07-14,2026-07-15,603137,恒尚节能,2,并购重组,11.31,False,True,False,1.58,32.88,35.61,31.18,35.61,32.37,True,True,3,亚联机械3、立方制药3、贵绳股份3,2,anchor_reorg,恒尚节能
2026-07-17,2026-07-20,000676,智度股份,3,端侧AI,17.23,False,False,True,-4.24,6.55,6.73,6.22,6.34,6.84,False,False,5,哈药股份5,3,anchor_nat_yizi,浙江美大
2026-07-17,2026-07-20,002677,浙江美大,3,实控人变更,0.55,True,False,True,,,,,,,False,False,5,哈药股份5,3,anchor_nat_yizi,浙江美大
2026-07-17,2026-07-20,600162,香江控股,3,算力,11.16,False,False,True,-9.8,2.76,3.05,2.75,2.75,3.06,False,False,5,哈药股份5,3,anchor_nat_yizi,浙江美大
2026-07-20,2026-07-21,000037,深南电A,2,电力,7.47,False,False,True,-3.16,9.8,9.99,9.11,9.62,10.12,False,False,3,智度股份3、浙江美大3、香江控股3,2,anchor_two,华银电力
2026-07-20,2026-07-21,000722,湖南发展,2,电力,11.01,False,False,True,,,,,,,False,False,3,智度股份3、浙江美大3、香江控股3,2,anchor_two,华银电力
2026-07-20,2026-07-21,600236,桂冠电力,2,电力,8.49,False,False,True,0.0,11.68,11.79,10.65,11.25,11.68,False,False,3,智度股份3、浙江美大3、香江控股3,2,anchor_two,华银电力
2026-07-20,2026-07-21,600644,乐山电力,2,电力,6.71,False,False,True,-0.61,9.85,10.08,8.92,9.64,9.91,False,False,3,智度股份3、浙江美大3、香江控股3,2,anchor_two,华银电力
2026-07-20,2026-07-21,600722,金牛化工,2,化工,4.52,False,False,True,1.92,9.56,9.56,8.44,9.01,9.38,False,False,3,智度股份3、浙江美大3、香江控股3,2,anchor_two,华银电力
2026-07-20,2026-07-21,600744,华银电力,2,电力,11.26,False,False,True,6.71,7.0,7.22,6.5,7.22,6.56,True,True,3,智度股份3、浙江美大3、香江控股3,2,anchor_two,华银电力
2026-07-24,2026-07-27,002879,长缆科技,4,智能电网,3.69,False,False,True,-1.77,17.73,19.86,16.77,19.86,18.05,True,True,6,立新能源6,4,anchor_reorg,爱丽家居
2026-07-24,2026-07-27,603221,爱丽家居,4,并购重组,0.14,True,True,False,10.0,15.4,15.4,15.4,15.4,14.0,True,True,6,立新能源6,4,anchor_reorg,爱丽家居
2026-07-28,2026-07-29,000428,华天酒店,2,旅游,1.13,False,False,True,10.08,4.04,4.04,3.82,4.04,3.67,True,True,5,长缆科技5,2,anchor_reorg,嘉美包装
2026-07-28,2026-07-29,000566,海南海药,2,脑机接口,4.64,False,False,True,-2.06,5.71,5.73,5.25,5.41,5.83,False,False,5,长缆科技5,2,anchor_reorg,嘉美包装
2026-07-28,2026-07-29,001358,兴欣新材,2,芯片,0.71,False,False,True,3.02,25.27,26.98,25.27,26.98,24.53,True,True,5,长缆科技5,2,anchor_reorg,嘉美包装
2026-07-28,2026-07-29,002173,创新医疗,2,脑机接口,8.44,False,False,True,,,,,,,False,False,5,长缆科技5,2,anchor_reorg,嘉美包装
2026-07-28,2026-07-29,002309,中利集团,2,智能电网,5.39,False,False,True,,,,,,,False,False,5,长缆科技5,2,anchor_reorg,嘉美包装
2026-07-28,2026-07-29,002310,东方新能,2,电力,10.64,False,False,True,,,,,,,False,False,5,长缆科技5,2,anchor_reorg,嘉美包装
2026-07-28,2026-07-29,002969,嘉美包装,2,实控人变更,4.08,False,True,False,,,,,,,False,False,5,长缆科技5,2,anchor_reorg,嘉美包装
2026-07-28,2026-07-29,003032,传智教育,2,AI应用,2.26,False,False,True,9.97,7.28,7.28,7.28,7.28,6.62,True,True,5,长缆科技5,2,anchor_reorg,嘉美包装
2026-07-28,2026-07-29,600775,南京熊猫,2,脑机接口,5.74,False,False,True,,,,,,,False,False,5,长缆科技5,2,anchor_reorg,嘉美包装
2026-07-28,2026-07-29,603358,华达科技,2,机器人概念,1.54,False,False,True,,,,,,,False,False,5,长缆科技5,2,anchor_reorg,嘉美包装
2026-07-28,2026-07-29,603389,亚振家居,2,ST摘帽,1.33,False,False,True,,,,,,,False,False,5,长缆科技5,2,anchor_reorg,嘉美包装
2026-07-28,2026-07-29,603716,塞力医疗,2,脑机接口,3.92,False,False,True,,,,,,,False,False,5,长缆科技5,2,anchor_reorg,嘉美包装
2026-07-28,2026-07-29,605068,明新旭腾,2,机器人概念,0.82,False,False,True,9.99,18.72,18.72,18.32,18.72,17.02,True,True,5,长缆科技5,2,anchor_reorg,嘉美包装
2026-07-29,2026-07-30,000428,华天酒店,3,旅游,1.75,False,False,True,9.9,4.44,4.44,3.66,3.83,4.04,False,False,4,顺钠股份4,3,anchor_nat_yizi,传智教育
2026-07-29,2026-07-30,001358,兴欣新材,3,芯片,3.18,False,False,True,,,,,,,False,False,4,顺钠股份4,3,anchor_nat_yizi,传智教育
2026-07-29,2026-07-30,003032,传智教育,3,AI应用,0.77,True,False,True,7.14,7.8,8.01,7.7,8.01,7.28,True,True,4,顺钠股份4,3,anchor_nat_yizi,传智教育
2026-07-29,2026-07-30,605068,明新旭腾,3,机器人概念,1.05,False,False,True,9.99,20.59,20.59,20.3,20.59,18.72,True,True,4,顺钠股份4,3,anchor_nat_yizi,传智教育
