filters,outcome,n,wins,rate,h1_n,h1_w,h1,h2_n,h2_w,h2,claim
ge5&absent,maxc3,35,29,0.8286,25,20,0.8000,10,9,0.9000,False
ge4&strong&tn5,maxc3,46,38,0.8261,28,23,0.8214,18,15,0.8333,False
ge5&strong&tn5,hold_touch3,22,18,0.8182,13,11,0.8462,9,7,0.7778,False
ge5&strong&tn5,maxc3,22,18,0.8182,13,10,0.7692,9,8,0.8889,False
ge3&strong&tn5,maxc3,78,63,0.8077,40,30,0.7500,38,33,0.8684,False
ge5&strong&tn5,touch3,20,16,0.8000,12,10,0.8333,8,6,0.7500,False
ge5&strong,maxc3,33,26,0.7879,20,14,0.7000,13,12,0.9231,False
eq3&tn8,maxc3,115,90,0.7826,56,40,0.7143,59,50,0.8475,False
ge4&strong&tn5,hold_touch3,46,36,0.7826,28,22,0.7857,18,14,0.7778,False
ge4&strong&tn5,hold_close,46,36,0.7826,28,23,0.8214,18,13,0.7222,False
ge4&strong&tn5,hold_flat,46,36,0.7826,28,23,0.8214,18,13,0.7222,False
ge5&strong&tn5,hold_close,22,17,0.7727,13,10,0.7692,9,7,0.7778,False
ge5&strong&tn5,hold_flat,22,17,0.7727,13,10,0.7692,9,7,0.7778,False
ge5&strong&tn5,zt3,22,17,0.7727,13,10,0.7692,9,7,0.7778,False
ge3&tn8,maxc3,212,162,0.7642,112,78,0.6964,100,84,0.8400,False
ge5&strong,hold_touch3,33,25,0.7576,20,14,0.7000,13,11,0.8462,False
ge4&strong&tn5,touch3,41,31,0.7561,26,20,0.7692,15,11,0.7333,False
ge5&strong&tn5,open_zt3,20,15,0.7500,12,9,0.7500,8,6,0.7500,False
tn8&newh,maxc3,71,53,0.7465,21,11,0.5238,50,42,0.8400,False
mid&tn8&intact,maxc3,397,296,0.7456,196,139,0.7092,201,157,0.7811,False
tn8&intact,maxc3,462,344,0.7446,229,161,0.7031,233,183,0.7854,False
ge3&strong&tn5,hold_touch3,78,58,0.7436,40,29,0.7250,38,29,0.7632,False
ge3&strong&tn5,hold_close,78,58,0.7436,40,30,0.7500,38,28,0.7368,False
ge3&strong&tn5,hold_flat,78,58,0.7436,40,30,0.7500,38,28,0.7368,False
ge4&tn8,maxc3,97,72,0.7423,56,38,0.6786,41,34,0.8293,False
strong&tn8,maxc3,123,91,0.7398,75,54,0.7200,48,37,0.7708,False
ge4&strong&tn5,zt3,46,34,0.7391,28,20,0.7143,18,14,0.7778,False
early&tn8,maxc3,521,385,0.7390,259,181,0.6988,262,204,0.7786,False
strong&tn5,maxc3,186,137,0.7366,109,78,0.7156,77,59,0.7662,False
ge5&strong,touch3,30,22,0.7333,18,12,0.6667,12,10,0.8333,False
strong&newh,maxc3,41,30,0.7317,17,11,0.6471,24,19,0.7917,False
ge4&early&strong,hold_touch3,78,57,0.7308,53,37,0.6981,25,20,0.8000,False
ge4&early&strong,maxc3,78,57,0.7308,53,38,0.7170,25,19,0.7600,False
eq3&newh,maxc3,59,43,0.7288,12,8,0.6667,47,35,0.7447,False
ge4&strong,hold_touch3,81,59,0.7284,56,39,0.6964,25,20,0.8000,False
ge4&strong,maxc3,81,59,0.7284,56,40,0.7143,25,19,0.7600,False
ge5&strong,hold_flat,33,24,0.7273,20,14,0.7000,13,10,0.7692,False
ge5&strong,zt3,33,24,0.7273,20,13,0.6500,13,11,0.8462,False
eq3&tn5,maxc3,182,132,0.7253,89,58,0.6517,93,74,0.7957,False
tn8,maxc3,741,536,0.7233,355,237,0.6676,386,299,0.7746,False
tn5&tn8,maxc3,741,536,0.7233,355,237,0.6676,386,299,0.7746,False
tn8&mid,maxc3,644,464,0.7205,299,199,0.6656,345,265,0.7681,False
ge4&absent,maxc3,100,72,0.7200,66,45,0.6818,34,27,0.7941,False
ge3&strong&tn5,touch3,71,51,0.7183,37,26,0.7027,34,25,0.7353,False
early&tn5,maxc3,818,586,0.7164,402,282,0.7015,416,304,0.7308,False
ge5&absent,touch3,35,25,0.7143,25,18,0.7200,10,7,0.7000,False
ge5&absent,hold_touch3,35,25,0.7143,25,18,0.7200,10,7,0.7000,False
ge5&strong&tn5,hold_3d,21,15,0.7143,13,9,0.6923,8,6,0.7500,False
ge5&tn8,maxc3,45,32,0.7111,28,17,0.6071,17,15,0.8824,False
ge4&early&strong,touch3,72,51,0.7083,50,34,0.6800,22,17,0.7727,False
ge3&absent,maxc3,267,189,0.7079,140,93,0.6643,127,96,0.7559,False
ge3&tn5,maxc3,342,242,0.7076,180,116,0.6444,162,126,0.7778,False
strong&newh,hold_touch3,41,29,0.7073,17,11,0.6471,24,18,0.7500,False
ge4&strong&tn5,open_zt3,41,29,0.7073,26,18,0.6923,15,11,0.7333,False
tn5&intact,maxc3,700,495,0.7071,353,238,0.6742,347,257,0.7406,False
ge3&intact&strong,hold_touch3,99,70,0.7071,63,43,0.6825,36,27,0.7500,False
ge3&early&strong,hold_touch3,150,106,0.7067,97,66,0.6804,53,40,0.7547,False
ge3&early&strong,maxc3,150,106,0.7067,97,65,0.6701,53,41,0.7736,False
ge4&strong,touch3,75,53,0.7067,53,36,0.6792,22,17,0.7727,False
ge3&strong,hold_touch3,163,115,0.7055,107,73,0.6822,56,42,0.7500,False
eq3&early&tn5,maxc3,146,103,0.7055,77,50,0.6494,69,53,0.7681,False
ge5&suc8,hold_touch3,78,55,0.7051,51,34,0.6667,27,21,0.7778,False
tn8&opened,maxc3,484,341,0.7045,235,149,0.6340,249,192,0.7711,False
ge5&suc8,touch3,74,52,0.7027,47,31,0.6596,27,21,0.7778,False
tn5&mid,maxc3,983,690,0.7019,464,313,0.6746,519,377,0.7264,False
eq3&absent,maxc3,167,117,0.7006,74,48,0.6486,93,69,0.7419,False
ge3&newh,maxc3,210,147,0.7000,83,52,0.6265,127,95,0.7480,False
ge5&strong,open_zt3,30,21,0.7000,18,11,0.6111,12,10,0.8333,False
tn5,maxc3,1143,800,0.6999,555,371,0.6685,588,429,0.7296,False
ge3&strong,maxc3,163,114,0.6994,107,71,0.6636,56,43,0.7679,False
absent&newh,maxc3,123,86,0.6992,44,28,0.6364,79,58,0.7342,False
tn8&suc8,maxc3,299,209,0.6990,141,93,0.6596,158,116,0.7342,False
ge3&intact&strong,touch3,96,67,0.6979,61,41,0.6721,35,26,0.7429,False
ge3&intact&strong,maxc3,99,69,0.6970,63,41,0.6508,36,28,0.7778,False
ge5&strong,hold_close,33,23,0.6970,20,13,0.6500,13,10,0.7692,False
tn5&suc8,maxc3,475,331,0.6968,236,159,0.6737,239,172,0.7197,False
ge4&suc8,maxc3,164,114,0.6951,103,72,0.6990,61,42,0.6885,False
newh&mid,maxc3,72,50,0.6944,16,11,0.6875,56,39,0.6964,False
newh&suc8,maxc3,111,77,0.6937,44,30,0.6818,67,47,0.7015,False
strong&tn8,hold_touch3,123,85,0.6911,75,45,0.6000,48,40,0.8333,False
ge4&early,maxc3,262,181,0.6908,157,103,0.6561,105,78,0.7429,False
newh,maxc3,223,154,0.6906,87,55,0.6322,136,99,0.7279,False
ge4&newh,maxc3,151,104,0.6887,71,44,0.6197,80,60,0.7500,False
tn5&absent,maxc3,443,305,0.6885,202,133,0.6584,241,172,0.7137,False
ge3&strong,touch3,154,106,0.6883,102,68,0.6667,52,38,0.7308,False
tn5&opened,maxc3,773,532,0.6882,380,244,0.6421,393,288,0.7328,False
tn8&absent,maxc3,279,192,0.6882,126,76,0.6032,153,116,0.7582,False
ge3&early&strong,touch3,141,97,0.6879,92,61,0.6630,49,36,0.7347,False
ge4&tn5,maxc3,160,110,0.6875,91,58,0.6374,69,52,0.7536,False
ge5&strong,hold_3d,32,22,0.6875,20,12,0.6000,12,10,0.8333,False
tn5&newh,maxc3,115,79,0.6870,33,18,0.5455,82,61,0.7439,False
ge4,maxc3,312,214,0.6859,190,124,0.6526,122,90,0.7377,False
ge3&ge4,maxc3,312,214,0.6859,190,124,0.6526,122,90,0.7377,False
ge5&absent,open_flat,35,24,0.6857,25,16,0.6400,10,8,0.8000,False
ge5&newh,maxc3,89,61,0.6854,46,29,0.6304,43,32,0.7442,False
newh&suc8,hold_touch3,111,76,0.6847,44,29,0.6591,67,47,0.7015,False
early&intact,maxc3,977,668,0.6837,514,350,0.6809,463,318,0.6868,False
ge3&suc8,maxc3,338,231,0.6834,196,129,0.6582,142,102,0.7183,False
ge3&early,maxc3,568,388,0.6831,330,216,0.6545,238,172,0.7227,False
ge4&suc8,hold_touch3,164,112,0.6829,103,70,0.6796,61,42,0.6885,False
eq3&strong,hold_touch3,82,56,0.6829,51,34,0.6667,31,22,0.7097,False
strong&newh,hold_flat,41,28,0.6829,17,11,0.6471,24,17,0.7083,False
early&newh,maxc3,189,129,0.6825,72,46,0.6389,117,83,0.7094,False
early&opened,maxc3,1179,804,0.6819,637,427,0.6703,542,377,0.6956,False
ge3,maxc3,697,475,0.6815,398,256,0.6432,299,219,0.7324,False
early,maxc3,1625,1105,0.6800,850,575,0.6765,775,530,0.6839,False
intact&newh,maxc3,100,68,0.6800,43,27,0.6279,57,41,0.7193,False
ge5&suc8,maxc3,78,53,0.6795,51,35,0.6863,27,18,0.6667,False
ge4&early&strong,hold_flat,78,53,0.6795,53,37,0.6981,25,16,0.6400,False
ge3&strong&tn5,zt3,78,53,0.6795,40,26,0.6500,38,27,0.7105,False
ge4&strong,hold_flat,81,55,0.6790,56,39,0.6964,25,16,0.6400,False
absent&suc8,maxc3,361,245,0.6787,173,112,0.6474,188,133,0.7074,False
eq3,maxc3,385,261,0.6779,208,132,0.6346,177,129,0.7288,False
ge3&eq3,maxc3,385,261,0.6779,208,132,0.6346,177,129,0.7288,False
ge3&mid,maxc3,385,261,0.6779,208,132,0.6346,177,129,0.7288,False
eq3&mid,maxc3,385,261,0.6779,208,132,0.6346,177,129,0.7288,False
early&mid,maxc3,1363,924,0.6779,693,472,0.6811,670,452,0.6746,False
intact&mid,maxc3,1103,747,0.6772,562,372,0.6619,541,375,0.6932,False
newh&opened,maxc3,164,111,0.6768,71,45,0.6338,93,66,0.7097,False
eq3&early,maxc3,306,207,0.6765,173,113,0.6532,133,94,0.7068,False
tn8&newh,hold_close,71,48,0.6761,21,11,0.5238,50,37,0.7400,False
tn8&newh,hold_flat,71,48,0.6761,21,11,0.5238,50,37,0.7400,False
intact,maxc3,1315,889,0.6760,686,451,0.6574,629,438,0.6963,False
strong&newh,touch3,37,25,0.6757,16,10,0.6250,21,15,0.7143,False
strong&tn8,hold_flat,123,83,0.6748,75,50,0.6667,48,33,0.6875,False
early&absent,maxc3,648,437,0.6744,336,225,0.6696,312,212,0.6795,False
early&suc8,maxc3,660,445,0.6742,352,239,0.6790,308,206,0.6688,False
drop,maxc3,574,386,0.6725,277,181,0.6534,297,205,0.6902,False
eq3&suc8,maxc3,174,117,0.6724,93,57,0.6129,81,60,0.7407,False
intact&opened,maxc3,914,614,0.6718,492,319,0.6484,422,295,0.6991,False
eq3&opened,maxc3,295,198,0.6712,166,107,0.6446,129,91,0.7054,False
ge4&suc8,touch3,155,104,0.6710,96,64,0.6667,59,40,0.6780,False
eq3&strong,touch3,79,53,0.6709,49,32,0.6531,30,21,0.7000,False
eq3&strong,maxc3,82,55,0.6707,51,31,0.6078,31,24,0.7742,False
ge4&tn8,hold_close,97,65,0.6701,56,34,0.6071,41,31,0.7561,False
ge4&tn8,hold_flat,97,65,0.6701,56,34,0.6071,41,31,0.7561,False
ge3&tn8,hold_close,212,142,0.6698,112,70,0.6250,100,72,0.7200,False
ge3&tn8,hold_flat,212,142,0.6698,112,70,0.6250,100,72,0.7200,False
ge4&intact,maxc3,212,142,0.6698,124,79,0.6371,88,63,0.7159,False
ge5&early,maxc3,112,75,0.6696,66,41,0.6212,46,34,0.7391,False
eq3&tn8,hold_close,115,77,0.6696,56,36,0.6429,59,41,0.6949,False
eq3&tn8,hold_flat,115,77,0.6696,56,36,0.6429,59,41,0.6949,False
ge5,maxc3,133,89,0.6692,85,53,0.6235,48,36,0.7500,False
ge3&ge5,maxc3,133,89,0.6692,85,53,0.6235,48,36,0.7500,False
ge4&ge5,maxc3,133,89,0.6692,85,53,0.6235,48,36,0.7500,False
ge3&opened,maxc3,525,351,0.6686,309,196,0.6343,216,155,0.7176,False
strong&intact,maxc3,234,156,0.6667,155,99,0.6387,79,57,0.7215,False
strong&tn5,hold_touch3,186,124,0.6667,109,68,0.6239,77,56,0.7273,False
strong&tn8,hold_close,123,82,0.6667,75,49,0.6533,48,33,0.6875,False
ge4&strong,hold_close,81,54,0.6667,56,38,0.6786,25,16,0.6400,False
ge4&strong,zt3,81,54,0.6667,56,35,0.6250,25,19,0.7600,False
ge4&early&strong,hold_close,78,52,0.6667,53,36,0.6792,25,16,0.6400,False
ge4&early&strong,zt3,78,52,0.6667,53,33,0.6226,25,19,0.7600,False
ge5&tn8,hold_touch3,45,30,0.6667,28,18,0.6429,17,12,0.7059,False
ge5&tn8,hold_close,45,30,0.6667,28,17,0.6071,17,13,0.7647,False
ge5&tn8,hold_flat,45,30,0.6667,28,17,0.6071,17,13,0.7647,False
ge5&tn8,touch3,42,28,0.6667,26,17,0.6538,16,11,0.6875,False
mid&opened,maxc3,1293,861,0.6659,660,418,0.6333,633,443,0.6998,False
opened,maxc3,1523,1014,0.6658,803,507,0.6314,720,507,0.7042,False
ALL_ny,maxc3,2220,1477,0.6653,1135,726,0.6396,1085,751,0.6922,False
ge4&opened,maxc3,230,153,0.6652,143,89,0.6224,87,64,0.7356,False
ge3&intact,maxc3,430,286,0.6651,258,163,0.6318,172,123,0.7151,False
opened&suc8,maxc3,624,415,0.6651,329,214,0.6505,295,201,0.6814,False
unopened,maxc3,697,463,0.6643,332,219,0.6596,365,244,0.6685,False
ge4&intact&tn5,maxc3,110,73,0.6636,60,36,0.6000,50,37,0.7400,False
newh&suc8,touch3,104,69,0.6635,42,27,0.6429,62,42,0.6774,False
mid,maxc3,1908,1263,0.6619,945,602,0.6370,963,661,0.6864,False
eq3&intact,maxc3,218,144,0.6606,134,84,0.6269,84,60,0.7143,False
ge4&strong&tn5,open_flat,41,27,0.6585,26,16,0.6154,15,11,0.7333,False
eq2,maxc3,1523,1002,0.6579,737,470,0.6377,786,532,0.6768,False
ge5&absent,open_zt3,35,23,0.6571,25,17,0.6800,10,6,0.6000,False
ge5&absent,zt3,35,23,0.6571,25,17,0.6800,10,6,0.6000,False
ge5&opened,maxc3,102,67,0.6569,67,41,0.6119,35,26,0.7429,False
absent&opened,maxc3,609,400,0.6568,311,188,0.6045,298,212,0.7114,False
suc8,maxc3,906,595,0.6567,467,294,0.6296,439,301,0.6856,False
ge4&early,hold_touch3,262,172,0.6565,157,99,0.6306,105,73,0.6952,False
strong&tn5,hold_flat,186,122,0.6559,109,72,0.6606,77,50,0.6494,False
strong,maxc3,392,257,0.6556,265,168,0.6340,127,89,0.7008,False
early&strong,maxc3,353,231,0.6544,238,151,0.6345,115,80,0.6957,False
strong&suc8,hold_touch3,159,104,0.6541,115,74,0.6435,44,30,0.6818,False
strong&suc8,maxc3,159,104,0.6541,115,72,0.6261,44,32,0.7273,False
ge5&early,hold_touch3,112,73,0.6518,66,39,0.5909,46,34,0.7391,False
ge5&newh,hold_touch3,89,58,0.6517,46,27,0.5870,43,31,0.7209,False
early&tn8,hold_flat,521,339,0.6507,259,164,0.6332,262,175,0.6679,False
intact&newh,hold_touch3,100,65,0.6500,43,28,0.6512,57,37,0.6491,False
ge5&strong&tn5,open_flat,20,13,0.6500,12,7,0.5833,8,6,0.7500,False
absent,maxc3,905,588,0.6497,449,275,0.6125,456,313,0.6864,False
mid&suc8,maxc3,742,481,0.6482,364,222,0.6099,378,259,0.6852,False
ge3&strong&tn5,open_zt3,71,46,0.6479,37,23,0.6216,34,23,0.6765,False
ge4&early,touch3,251,162,0.6454,150,93,0.6200,101,69,0.6832,False
strong&tn5,hold_close,186,120,0.6452,109,71,0.6514,77,49,0.6364,False
ge5&early,touch3,107,69,0.6449,62,36,0.5806,45,33,0.7333,False
ge5&newh,touch3,87,56,0.6437,44,25,0.5682,43,31,0.7209,False
tn8&intact,hold_flat,462,297,0.6429,229,137,0.5983,233,160,0.6867,False
ge5&tn5,maxc3,70,45,0.6429,44,26,0.5909,26,19,0.7308,False
ge4&newh,hold_touch3,151,97,0.6424,71,44,0.6197,80,53,0.6625,False
intact&suc8,maxc3,545,350,0.6422,294,182,0.6190,251,168,0.6693,False
early&tn8,hold_close,521,334,0.6411,259,161,0.6216,262,173,0.6603,False
absent&mid,maxc3,805,516,0.6410,383,230,0.6005,422,286,0.6777,False
ge4&strong,open_zt3,75,48,0.6400,53,32,0.6038,22,16,0.7273,False
mid&tn8&intact,hold_flat,397,254,0.6398,196,118,0.6020,201,136,0.6766,False
strong&absent,hold_touch3,158,101,0.6392,110,71,0.6455,48,30,0.6250,False
strong&absent,maxc3,158,101,0.6392,110,69,0.6273,48,32,0.6667,False
intact&newh,touch3,97,62,0.6392,41,26,0.6341,56,36,0.6429,False
ge4&early&strong,open_zt3,72,46,0.6389,50,30,0.6000,22,16,0.7273,False
strong&tn8,touch3,105,67,0.6381,63,33,0.5238,42,34,0.8095,False
strong&mid,maxc3,311,198,0.6367,209,128,0.6124,102,70,0.6863,False
ge3&intact&strong,hold_flat,99,63,0.6364,63,40,0.6349,36,23,0.6389,False
ge4&strong&tn5,hold_3d,44,28,0.6364,27,16,0.5926,17,12,0.7059,False
tn8&intact,hold_close,462,293,0.6342,229,136,0.5939,233,157,0.6738,False
strong&newh,hold_close,41,26,0.6341,17,9,0.5294,24,17,0.7083,False
strong&newh,zt3,41,26,0.6341,17,8,0.4706,24,18,0.7500,False
strong&opened,maxc3,194,123,0.6340,141,85,0.6028,53,38,0.7170,False
ge3&early&strong,hold_flat,150,95,0.6333,97,60,0.6186,53,35,0.6604,False
ge5&newh,open_flat,87,55,0.6322,44,27,0.6136,43,28,0.6512,False
ge4&intact,hold_touch3,212,134,0.6321,124,77,0.6210,88,57,0.6477,False
ge3&strong,hold_flat,163,103,0.6319,107,66,0.6168,56,37,0.6607,False
ge5,hold_touch3,133,84,0.6316,85,50,0.5882,48,34,0.7083,False
ge3&ge5,hold_touch3,133,84,0.6316,85,50,0.5882,48,34,0.7083,False
ge4&ge5,hold_touch3,133,84,0.6316,85,50,0.5882,48,34,0.7083,False
ge3&suc8,hold_touch3,338,213,0.6302,196,124,0.6327,142,89,0.6268,False
amt_mid,maxc3,408,257,0.6299,163,102,0.6258,245,155,0.6327,False
mid&tn8&intact,hold_close,397,250,0.6297,196,117,0.5969,201,133,0.6617,False
ge5&absent,hold_flat,35,22,0.6286,25,15,0.6000,10,7,0.7000,False
ge4&suc8,hold_flat,164,103,0.6280,103,66,0.6408,61,37,0.6066,False
ge4&newh,touch3,145,91,0.6276,68,41,0.6029,77,50,0.6494,False
ge3&early&strong,hold_close,150,94,0.6267,97,59,0.6082,53,35,0.6604,False
ge3&early&strong,zt3,150,94,0.6267,97,58,0.5979,53,36,0.6792,False
ge3&intact&strong,hold_close,99,62,0.6263,63,39,0.6190,36,23,0.6389,False
ge3&strong,hold_close,163,102,0.6258,107,65,0.6075,56,37,0.6607,False
ge3&early,hold_touch3,568,355,0.6250,330,202,0.6121,238,153,0.6429,False
strong,hold_touch3,392,245,0.6250,265,164,0.6189,127,81,0.6378,False
ge4,hold_touch3,312,195,0.6250,190,118,0.6211,122,77,0.6311,False
ge3&ge4,hold_touch3,312,195,0.6250,190,118,0.6211,122,77,0.6311,False
ge4&absent,open_flat,96,60,0.6250,64,39,0.6094,32,21,0.6562,False
early&newh,hold_touch3,189,118,0.6243,72,42,0.5833,117,76,0.6496,False
ge3&newh,hold_touch3,210,131,0.6238,83,50,0.6024,127,81,0.6378,False
tn8,hold_flat,741,462,0.6235,355,206,0.5803,386,256,0.6632,False
tn5&tn8,hold_flat,741,462,0.6235,355,206,0.5803,386,256,0.6632,False
eq3&early&tn5,hold_close,146,91,0.6233,77,45,0.5844,69,46,0.6667,False
eq3&early&tn5,hold_flat,146,91,0.6233,77,45,0.5844,69,46,0.6667,False
early&strong,hold_touch3,353,220,0.6232,238,145,0.6092,115,75,0.6522,False
ge4&intact,touch3,204,127,0.6225,118,72,0.6102,86,55,0.6395,False
ge5,touch3,127,79,0.6220,80,46,0.5750,47,33,0.7021,False
ge3&ge5,touch3,127,79,0.6220,80,46,0.5750,47,33,0.7021,False
ge4&ge5,touch3,127,79,0.6220,80,46,0.5750,47,33,0.7021,False
ge5&early&intact,hold_touch3,82,51,0.6220,45,24,0.5333,37,27,0.7297,False
newh&suc8,hold_flat,111,69,0.6216,44,27,0.6136,67,42,0.6269,False
ge4&absent,hold_flat,100,62,0.6200,66,37,0.5606,34,25,0.7353,False
ge3&strong,zt3,163,101,0.6196,107,64,0.5981,56,37,0.6607,False
strong&tn5,touch3,163,101,0.6196,93,52,0.5591,70,49,0.7000,False
ge5&tn8,open_flat,42,26,0.6190,26,16,0.6154,16,10,0.6250,False
ge4&tn8,hold_touch3,97,60,0.6186,56,33,0.5893,41,27,0.6585,False
strong&suc8,touch3,144,89,0.6181,105,64,0.6095,39,25,0.6410,False
ge3&suc8,touch3,322,199,0.6180,185,115,0.6216,137,84,0.6131,False
ge5&opened,hold_touch3,102,63,0.6176,67,39,0.5821,35,24,0.6857,False
ge5&absent,hold_3d,34,21,0.6176,25,14,0.5600,9,7,0.7778,False
tn8&mid,hold_flat,644,397,0.6165,299,172,0.5753,345,225,0.6522,False
ge4&suc8,hold_close,164,101,0.6159,103,65,0.6311,61,36,0.5902,False
strong&intact,hold_touch3,234,144,0.6154,155,93,0.6000,79,51,0.6456,False
eq3&tn5,hold_close,182,112,0.6154,89,52,0.5843,93,60,0.6452,False
eq3&tn5,hold_flat,182,112,0.6154,89,52,0.5843,93,60,0.6452,False
ge5&suc8,hold_flat,78,48,0.6154,51,32,0.6275,27,16,0.5926,False
ge3&early,touch3,545,335,0.6147,313,188,0.6006,232,147,0.6336,False
ge5&tn5,hold_touch3,70,43,0.6143,44,26,0.5909,26,17,0.6538,False
ge3&tn5,hold_close,342,210,0.6140,180,104,0.5778,162,106,0.6543,False
ge3&tn5,hold_flat,342,210,0.6140,180,104,0.5778,162,106,0.6543,False
eq3&newh,open_flat,57,35,0.6140,12,8,0.6667,45,27,0.6000,False
ge4,touch3,300,184,0.6133,182,111,0.6099,118,73,0.6186,False
ge3&ge4,touch3,300,184,0.6133,182,111,0.6099,118,73,0.6186,False
ge3&strong&tn5,hold_3d,75,46,0.6133,39,23,0.5897,36,23,0.6389,False
ge4&suc8,open_flat,155,95,0.6129,96,57,0.5938,59,38,0.6441,False
tn8,hold_close,741,454,0.6127,355,203,0.5718,386,251,0.6503,False
tn5&tn8,hold_close,741,454,0.6127,355,203,0.5718,386,251,0.6503,False
newh&suc8,hold_close,111,68,0.6126,44,26,0.5909,67,42,0.6269,False
ge4&tn5,hold_close,160,98,0.6125,91,52,0.5714,69,46,0.6667,False
ge4&tn5,hold_flat,160,98,0.6125,91,52,0.5714,69,46,0.6667,False
ge5&intact,maxc3,98,60,0.6122,60,33,0.5500,38,27,0.7105,False
ge5&opened,touch3,98,60,0.6122,64,37,0.5781,34,23,0.6765,False
ge5&opened,open_flat,98,60,0.6122,64,38,0.5938,34,22,0.6471,False
ge5&early&intact,touch3,77,47,0.6104,41,21,0.5122,36,26,0.7222,False
eq3&newh,hold_close,59,36,0.6102,12,7,0.5833,47,29,0.6170,False
eq3&newh,hold_flat,59,36,0.6102,12,7,0.5833,47,29,0.6170,False
early&tn5,hold_flat,818,499,0.6100,402,246,0.6119,416,253,0.6082,False
ge4&absent,hold_touch3,100,61,0.6100,66,41,0.6212,34,20,0.5882,False
ge4&absent,hold_close,100,61,0.6100,66,37,0.5606,34,24,0.7059,False
early&newh,touch3,182,111,0.6099,69,39,0.5652,113,72,0.6372,False
newh,hold_touch3,223,136,0.6099,87,50,0.5747,136,86,0.6324,False
absent&newh,hold_flat,123,75,0.6098,44,23,0.5227,79,52,0.6582,False
ge5&early&intact,maxc3,82,50,0.6098,45,24,0.5333,37,26,0.7027,False
ge3&intact,hold_touch3,430,262,0.6093,258,156,0.6047,172,106,0.6163,False
ge3&newh,touch3,202,123,0.6089,80,47,0.5875,122,76,0.6230,False
tn5&newh,hold_close,115,70,0.6087,33,17,0.5152,82,53,0.6463,False
tn5&newh,hold_flat,115,70,0.6087,33,17,0.5152,82,53,0.6463,False
ge5&tn8,zt3,46,28,0.6087,29,18,0.6207,17,10,0.5882,False
ge3,hold_touch3,697,424,0.6083,398,239,0.6005,299,185,0.6187,False
ge5&suc8,open_flat,74,45,0.6081,47,28,0.5957,27,17,0.6296,False
ge5&early,open_flat,107,65,0.6075,62,37,0.5968,45,28,0.6222,False
ge3&absent,hold_touch3,267,162,0.6067,140,83,0.5929,127,79,0.6220,False
ge4&tn8,open_flat,89,54,0.6067,52,31,0.5962,37,23,0.6216,False
ge5,open_flat,127,77,0.6063,80,47,0.5875,47,30,0.6383,False
ge3&ge5,open_flat,127,77,0.6063,80,47,0.5875,47,30,0.6383,False
ge4&ge5,open_flat,127,77,0.6063,80,47,0.5875,47,30,0.6383,False
ge3&intact&strong,zt3,99,60,0.6061,63,37,0.5873,36,23,0.6389,False
ge5&tn5,touch3,66,40,0.6061,41,24,0.5854,25,16,0.6400,False
tn8&opened,hold_flat,484,293,0.6054,235,128,0.5447,249,165,0.6627,False
tn8&suc8,hold_flat,299,181,0.6054,141,81,0.5745,158,100,0.6329,False
newh&opened,open_flat,162,98,0.6049,70,43,0.6143,92,55,0.5978,False
eq3&absent,hold_touch3,167,101,0.6048,74,42,0.5676,93,59,0.6344,False
tn8&mid,hold_close,644,389,0.6040,299,169,0.5652,345,220,0.6377,False
strong&suc8,hold_flat,159,96,0.6038,115,69,0.6000,44,27,0.6136,False
ge3&early&strong,open_zt3,141,85,0.6028,92,53,0.5761,49,32,0.6531,False
early&tn5,hold_close,818,493,0.6027,402,243,0.6045,416,250,0.6010,False
ge5&suc8,hold_close,78,47,0.6026,51,31,0.6078,27,16,0.5926,False
ge3&intact,touch3,415,250,0.6024,245,146,0.5959,170,104,0.6118,False
ge5&intact,hold_touch3,98,59,0.6020,60,32,0.5333,38,27,0.7105,False
ge5&absent,hold_close,35,21,0.6000,25,15,0.6000,10,6,0.6000,False
ge4&early,hold_flat,262,157,0.5992,157,89,0.5669,105,68,0.6476,False
tn5&intact,hold_flat,700,419,0.5986,353,203,0.5751,347,216,0.6225,False
ge3,touch3,672,402,0.5982,380,224,0.5895,292,178,0.6096,False
strong&mid,hold_touch3,311,186,0.5981,209,125,0.5981,102,61,0.5980,False
eq3&early,hold_touch3,306,183,0.5980,173,103,0.5954,133,80,0.6015,False
ge3&suc8,hold_flat,338,202,0.5976,196,116,0.5918,142,86,0.6056,False
strong&suc8,hold_close,159,95,0.5975,115,68,0.5913,44,27,0.6136,False
ge3&strong,open_zt3,154,92,0.5974,102,59,0.5784,52,33,0.6346,False
ge5&suc8,hold_3d,77,46,0.5974,50,30,0.6000,27,16,0.5926,False
newh&mid,hold_flat,72,43,0.5972,16,10,0.6250,56,33,0.5893,False
tn8&newh,open_flat,67,40,0.5970,21,13,0.6190,46,27,0.5870,False
newh&suc8,open_flat,104,62,0.5962,42,25,0.5952,62,37,0.5968,False
strong&absent,touch3,141,84,0.5957,100,61,0.6100,41,23,0.5610,False
ge4&tn8,touch3,89,53,0.5955,52,30,0.5769,37,23,0.6216,False
ge5&newh,hold_flat,89,53,0.5955,46,25,0.5435,43,28,0.6512,False
ge3&newh,hold_flat,210,125,0.5952,83,42,0.5060,127,83,0.6535,False
ge5&tn8,open_zt3,42,25,0.5952,26,16,0.6154,16,9,0.5625,False
tn8&opened,hold_close,484,288,0.5950,235,127,0.5404,249,161,0.6466,False
ge5&suc8,zt3,79,47,0.5949,52,31,0.5962,27,16,0.5926,False
eq3,hold_touch3,385,229,0.5948,208,121,0.5817,177,108,0.6102,False
ge3&eq3,hold_touch3,385,229,0.5948,208,121,0.5817,177,108,0.6102,False
ge3&mid,hold_touch3,385,229,0.5948,208,121,0.5817,177,108,0.6102,False
eq3&mid,hold_touch3,385,229,0.5948,208,121,0.5817,177,108,0.6102,False
strong&newh,open_zt3,37,22,0.5946,16,7,0.4375,21,15,0.7143,False
ge3&tn8,hold_touch3,212,126,0.5943,112,63,0.5625,100,63,0.6300,False
newh&mid,open_flat,69,41,0.5942,16,11,0.6875,53,30,0.5660,False
ge4&absent,touch3,96,57,0.5938,64,39,0.6094,32,18,0.5625,False
ge3&intact&strong,open_zt3,96,57,0.5938,61,35,0.5738,35,22,0.6286,False
absent&newh,hold_close,123,73,0.5935,44,22,0.5000,79,51,0.6456,False
newh,touch3,214,127,0.5935,84,47,0.5595,130,80,0.6154,False
early&newh,open_flat,182,108,0.5934,69,40,0.5797,113,68,0.6018,False
ge4,hold_flat,312,185,0.5929,190,105,0.5526,122,80,0.6557,False
ge3&ge4,hold_flat,312,185,0.5929,190,105,0.5526,122,80,0.6557,False
strong,touch3,361,214,0.5928,243,142,0.5844,118,72,0.6102,False
early&newh,hold_flat,189,112,0.5926,72,38,0.5278,117,74,0.6325,False
early&strong,touch3,326,193,0.5920,218,125,0.5734,108,68,0.6296,False
tn8&suc8,hold_close,299,177,0.5920,141,80,0.5674,158,97,0.6139,False
newh,hold_flat,223,132,0.5919,87,45,0.5172,136,87,0.6397,False
ge3&suc8,hold_close,338,200,0.5917,196,115,0.5867,142,85,0.5986,False
ge3&absent,touch3,257,152,0.5914,135,78,0.5778,122,74,0.6066,False
tn5&intact,hold_close,700,414,0.5914,353,202,0.5722,347,212,0.6110,False
tn8&absent,hold_flat,279,165,0.5914,126,69,0.5476,153,96,0.6275,False
strong&intact,touch3,220,130,0.5909,143,81,0.5664,77,49,0.6364,False
ge4&intact&tn5,hold_close,110,65,0.5909,60,33,0.5500,50,32,0.6400,False
ge4&intact&tn5,hold_flat,110,65,0.5909,60,33,0.5500,50,32,0.6400,False
eq3&absent,touch3,161,95,0.5901,71,39,0.5493,90,56,0.6222,False
absent&newh,open_flat,117,69,0.5897,43,25,0.5814,74,44,0.5946,False
ge4&newh,hold_flat,151,89,0.5894,71,35,0.4930,80,54,0.6750,False
ge5&early,hold_flat,112,66,0.5893,66,37,0.5606,46,29,0.6304,False
eq3&early,touch3,294,173,0.5884,163,95,0.5828,131,78,0.5954,False
ge4&early,hold_close,262,154,0.5878,157,88,0.5605,105,66,0.6286,False
early&intact,hold_flat,975,573,0.5877,514,304,0.5914,461,269,0.5835,False
eq3&intact,hold_touch3,218,128,0.5872,134,79,0.5896,84,49,0.5833,False
ge4&opened,hold_touch3,230,135,0.5870,143,83,0.5804,87,52,0.5977,False
ge5&intact,touch3,92,54,0.5870,55,28,0.5091,37,26,0.7027,False
ge4,open_flat,300,176,0.5867,182,103,0.5659,118,73,0.6186,False
ge3&ge4,open_flat,300,176,0.5867,182,103,0.5659,118,73,0.6186,False
ge5,hold_flat,133,78,0.5865,85,47,0.5529,48,31,0.6458,False
ge3&ge5,hold_flat,133,78,0.5865,85,47,0.5529,48,31,0.6458,False
ge4&ge5,hold_flat,133,78,0.5865,85,47,0.5529,48,31,0.6458,False
eq3,touch3,372,218,0.5860,198,113,0.5707,174,105,0.6034,False
ge3&eq3,touch3,372,218,0.5860,198,113,0.5707,174,105,0.6034,False
ge3&mid,touch3,372,218,0.5860,198,113,0.5707,174,105,0.6034,False
eq3&mid,touch3,372,218,0.5860,198,113,0.5707,174,105,0.6034,False
ge3&newh,hold_close,210,123,0.5857,83,41,0.4940,127,82,0.6457,False
ge5&tn5,hold_close,70,41,0.5857,44,25,0.5682,26,16,0.6154,False
ge5&tn5,hold_flat,70,41,0.5857,44,25,0.5682,26,16,0.6154,False
ge4&early,open_flat,251,147,0.5857,150,84,0.5600,101,63,0.6238,False
eq3&strong,hold_close,82,48,0.5854,51,27,0.5294,31,21,0.6774,False
eq3&strong,hold_flat,82,48,0.5854,51,27,0.5294,31,21,0.6774,False
ge5&tn8,hold_3d,41,24,0.5854,26,14,0.5385,15,10,0.6667,False
ge3&tn8,open_flat,200,117,0.5850,105,63,0.6000,95,54,0.5684,False
tn5,hold_flat,1143,668,0.5844,555,311,0.5604,588,357,0.6071,False
ge3&newh,open_flat,202,118,0.5842,80,45,0.5625,122,73,0.5984,False
ge5&early,zt3,113,66,0.5841,67,38,0.5672,46,28,0.6087,False
ge4,hold_close,312,182,0.5833,190,104,0.5474,122,78,0.6393,False
ge3&ge4,hold_close,312,182,0.5833,190,104,0.5474,122,78,0.6393,False
newh&mid,hold_close,72,42,0.5833,16,9,0.5625,56,33,0.5893,False
ge4&opened,open_flat,223,130,0.5830,138,78,0.5652,85,52,0.6118,False
eq3&intact,touch3,211,123,0.5829,127,74,0.5827,84,49,0.5833,False
ge3&early,hold_flat,568,331,0.5827,330,185,0.5606,238,146,0.6134,False
ge4&tn8,hold_3d,91,53,0.5824,53,28,0.5283,38,25,0.6579,False
ge4&intact&tn5,hold_touch3,110,64,0.5818,60,34,0.5667,50,30,0.6000,False
ge4&tn5,hold_touch3,160,93,0.5813,91,54,0.5934,69,39,0.5652,False
strong&intact,hold_flat,234,136,0.5812,155,88,0.5677,79,48,0.6076,False
ge5&suc8,open_zt3,74,43,0.5811,47,27,0.5745,27,16,0.5926,False
eq3&suc8,hold_touch3,174,101,0.5805,93,54,0.5806,81,47,0.5802,False
ge4&intact,hold_flat,212,123,0.5802,124,68,0.5484,88,55,0.6250,False
ge3&tn8,touch3,200,116,0.5800,105,58,0.5524,95,58,0.6105,False
tn5&mid,hold_flat,983,570,0.5799,464,259,0.5582,519,311,0.5992,False
early&intact,hold_close,975,565,0.5795,514,302,0.5875,461,263,0.5705,False
newh,open_flat,214,124,0.5794,84,48,0.5714,130,76,0.5846,False
tn5&suc8,hold_flat,475,275,0.5789,236,132,0.5593,239,143,0.5983,False
early&suc8,hold_flat,660,382,0.5788,352,208,0.5909,308,174,0.5649,False
newh,hold_close,223,129,0.5785,87,43,0.4943,136,86,0.6324,False
ge4&opened,touch3,223,129,0.5785,138,79,0.5725,85,50,0.5882,False
ge3&early,hold_close,568,328,0.5775,330,184,0.5576,238,144,0.6050,False
ge3&strong&tn5,open_flat,71,41,0.5775,37,21,0.5676,34,20,0.5882,False
strong&tn8,zt3,123,71,0.5772,75,39,0.5200,48,32,0.6667,False
absent&newh,hold_touch3,123,71,0.5772,44,22,0.5000,79,49,0.6203,False
ge3&opened,hold_touch3,525,303,0.5771,309,176,0.5696,216,127,0.5880,False
tn8&absent,hold_close,279,161,0.5771,126,67,0.5317,153,94,0.6144,False
tn5&opened,hold_flat,773,446,0.5770,380,203,0.5342,393,243,0.6183,False
ge4&intact&tn5,open_flat,104,60,0.5769,56,31,0.5536,48,29,0.6042,False
ge3&intact,hold_flat,430,248,0.5767,258,143,0.5543,172,105,0.6105,False
early&newh,hold_close,189,109,0.5767,72,36,0.5000,117,73,0.6239,False
eq3&newh,hold_touch3,59,34,0.5763,12,6,0.5000,47,28,0.5957,False
ge4&tn5,open_flat,151,87,0.5762,86,48,0.5581,65,39,0.6000,False
ge4&newh,hold_close,151,87,0.5762,71,34,0.4789,80,53,0.6625,False
ge5&intact,open_flat,92,53,0.5761,55,31,0.5636,37,22,0.5946,False
ge5&tn5,open_flat,66,38,0.5758,41,25,0.6098,25,13,0.5200,False
tn5,hold_close,1143,658,0.5757,555,308,0.5550,588,350,0.5952,False
ge3,hold_flat,697,401,0.5753,398,217,0.5452,299,184,0.6154,False
ge3&opened,open_flat,510,293,0.5745,296,169,0.5709,214,124,0.5794,False
eq3&tn8,hold_touch3,115,66,0.5739,56,30,0.5357,59,36,0.6102,False
tn8&newh,hold_3d,68,39,0.5735,20,9,0.4500,48,30,0.6250,False
eq3&intact,hold_flat,218,125,0.5734,134,75,0.5597,84,50,0.5952,False
newh&opened,hold_touch3,164,94,0.5732,71,41,0.5775,93,53,0.5699,False
eq3&strong,zt3,82,47,0.5732,51,29,0.5686,31,18,0.5806,False
ge3&absent,hold_flat,267,153,0.5730,140,74,0.5286,127,79,0.6220,False
ge5&newh,hold_close,89,51,0.5730,46,24,0.5217,43,27,0.6279,False
strong&intact,hold_close,234,134,0.5726,155,86,0.5548,79,48,0.6076,False
ge4&newh,open_flat,145,83,0.5724,68,37,0.5441,77,46,0.5974,False
early,hold_flat,1623,929,0.5724,850,487,0.5729,773,442,0.5718,False
intact&opened,hold_flat,912,522,0.5724,492,269,0.5467,420,253,0.6024,False
early&strong,hold_flat,353,202,0.5722,238,134,0.5630,115,68,0.5913,False
strong,hold_flat,392,224,0.5714,265,149,0.5623,127,75,0.5906,False
ge5,hold_close,133,76,0.5714,85,46,0.5412,48,30,0.6250,False
ge3&ge5,hold_close,133,76,0.5714,85,46,0.5412,48,30,0.6250,False
ge4&ge5,hold_close,133,76,0.5714,85,46,0.5412,48,30,0.6250,False
ge5&early,hold_close,112,64,0.5714,66,36,0.5455,46,28,0.6087,False
ge5&intact,hold_flat,98,56,0.5714,60,32,0.5333,38,24,0.6316,False
ge5&early&intact,open_flat,77,44,0.5714,41,23,0.5610,36,21,0.5833,False
intact,hold_flat,1313,750,0.5712,686,381,0.5554,627,369,0.5885,False
amt_mid,hold_touch3,408,233,0.5711,163,104,0.6380,245,129,0.5265,False
ge4&intact,hold_close,212,121,0.5708,124,67,0.5403,88,54,0.6136,False
ge3&opened,touch3,510,291,0.5706,296,166,0.5608,214,125,0.5841,False
tn5&suc8,hold_close,475,271,0.5705,236,131,0.5551,239,140,0.5858,False
tn5&opened,hold_close,773,441,0.5705,380,202,0.5316,393,239,0.6081,False
ge3&tn5,hold_touch3,342,195,0.5702,180,99,0.5500,162,96,0.5926,False
ge5&early,open_zt3,107,61,0.5701,62,34,0.5484,45,27,0.6000,False
intact&newh,hold_flat,100,57,0.5700,43,22,0.5116,57,35,0.6140,False
ge3&intact,hold_close,430,245,0.5698,258,142,0.5504,172,103,0.5988,False
early&suc8,hold_close,660,376,0.5697,352,206,0.5852,308,170,0.5519,False
tn5&mid,hold_close,983,560,0.5697,464,256,0.5517,519,304,0.5857,False
ge3,hold_close,697,397,0.5696,398,216,0.5427,299,181,0.6054,False
ge4&opened,hold_flat,230,131,0.5696,143,75,0.5245,87,56,0.6437,False
eq3&opened,hold_touch3,295,168,0.5695,166,93,0.5602,129,75,0.5814,False
intact&mid,hold_flat,1101,627,0.5695,562,313,0.5569,539,314,0.5826,False
ge3&absent,hold_close,267,152,0.5693,140,74,0.5286,127,78,0.6142,False
eq3&suc8,hold_close,174,99,0.5690,93,50,0.5376,81,49,0.6049,False
eq3&suc8,hold_flat,174,99,0.5690,93,50,0.5376,81,49,0.6049,False
eq3&suc8,touch3,167,95,0.5689,89,51,0.5730,78,44,0.5641,False
eq3&intact,hold_close,218,124,0.5688,134,75,0.5597,84,49,0.5833,False
eq3&early,hold_close,306,174,0.5686,173,96,0.5549,133,78,0.5865,False
eq3&early,hold_flat,306,174,0.5686,173,96,0.5549,133,78,0.5865,False
ge4&intact,open_flat,204,116,0.5686,118,64,0.5424,86,52,0.6047,False
ge5&opened,hold_flat,102,58,0.5686,67,36,0.5373,35,22,0.6286,False
eq3&opened,open_flat,287,163,0.5679,158,91,0.5759,129,72,0.5581,False
newh&opened,touch3,162,92,0.5679,70,40,0.5714,92,52,0.5652,False
eq3&tn8,touch3,111,63,0.5676,53,28,0.5283,58,35,0.6034,False
eq3&tn8,open_flat,111,63,0.5676,53,32,0.6038,58,31,0.5345,False
newh&suc8,hold_3d,111,63,0.5676,44,26,0.5909,67,37,0.5522,False
early&opened,hold_flat,1177,668,0.5675,637,354,0.5557,540,314,0.5815,False
ge4&intact&tn5,touch3,104,59,0.5673,56,31,0.5536,48,28,0.5833,False
early&mid,hold_flat,1361,772,0.5672,693,398,0.5743,668,374,0.5599,False
newh&opened,hold_flat,164,93,0.5671,71,35,0.4930,93,58,0.6237,False
intact&newh,open_flat,97,55,0.5670,41,23,0.5610,56,32,0.5714,False
ge3&suc8,open_flat,322,182,0.5652,185,106,0.5730,137,76,0.5547,False
ge5&newh,hold_3d,85,48,0.5647,45,25,0.5556,40,23,0.5750,False
intact&opened,hold_close,912,515,0.5647,492,268,0.5447,420,247,0.5881,False
strong&tn5,zt3,186,105,0.5645,109,58,0.5321,77,47,0.6104,False
eq3&opened,touch3,287,162,0.5645,158,87,0.5506,129,75,0.5814,False
ge3&intact,open_flat,415,234,0.5639,245,139,0.5673,170,95,0.5588,False
ge3&opened,hold_flat,525,296,0.5638,309,164,0.5307,216,132,0.6111,False
early,hold_close,1623,915,0.5638,850,482,0.5671,773,433,0.5602,False
ge4&suc8,zt3,165,93,0.5636,104,59,0.5673,61,34,0.5574,False
ge5&tn5,zt3,71,40,0.5634,45,26,0.5778,26,14,0.5385,False
tn8&newh,hold_touch3,71,40,0.5634,21,8,0.3810,50,32,0.6400,False
ge3&early,open_flat,545,307,0.5633,313,178,0.5687,232,129,0.5560,False
ge5&newh,open_zt3,87,49,0.5632,44,24,0.5455,43,25,0.5814,False
ge5,zt3,135,76,0.5630,87,48,0.5517,48,28,0.5833,False
ge3&ge5,zt3,135,76,0.5630,87,48,0.5517,48,28,0.5833,False
ge4&ge5,zt3,135,76,0.5630,87,48,0.5517,48,28,0.5833,False
strong&mid,touch3,286,161,0.5629,190,106,0.5579,96,55,0.5729,False
ge4&tn5,touch3,151,85,0.5629,86,50,0.5814,65,35,0.5385,False
ge3,open_flat,672,378,0.5625,380,215,0.5658,292,163,0.5582,False
newh&suc8,zt3,112,63,0.5625,45,23,0.5111,67,40,0.5970,False
ge3&intact&strong,open_flat,96,54,0.5625,61,35,0.5738,35,19,0.5429,False
tn5&absent,hold_flat,443,249,0.5621,202,108,0.5347,241,141,0.5851,False
intact,hold_close,1313,738,0.5621,686,379,0.5525,627,359,0.5726,False
eq3&newh,touch3,57,32,0.5614,12,6,0.5000,45,26,0.5778,False
eq3&newh,open_up,57,32,0.5614,12,7,0.5833,45,25,0.5556,False
strong,hold_close,392,220,0.5612,265,146,0.5509,127,74,0.5827,False
ge5&intact,hold_close,98,55,0.5612,60,31,0.5167,38,24,0.6316,False
eq3,hold_flat,385,216,0.5610,208,112,0.5385,177,104,0.5876,False
ge3&eq3,hold_flat,385,216,0.5610,208,112,0.5385,177,104,0.5876,False
ge3&mid,hold_flat,385,216,0.5610,208,112,0.5385,177,104,0.5876,False
eq3&mid,hold_flat,385,216,0.5610,208,112,0.5385,177,104,0.5876,False
ge5&early&intact,hold_flat,82,46,0.5610,45,23,0.5111,37,23,0.6216,False
early&strong,hold_close,353,198,0.5609,238,131,0.5504,115,67,0.5826,False
eq3&tn5,hold_touch3,182,102,0.5604,89,45,0.5056,93,57,0.6129,False
ge5&newh,zt3,91,51,0.5604,48,26,0.5417,43,25,0.5814,False
intact&mid,hold_close,1101,617,0.5604,562,312,0.5552,539,305,0.5659,False
ge3&absent,open_flat,257,144,0.5603,135,76,0.5630,122,68,0.5574,False
intact&newh,hold_close,100,56,0.5600,43,21,0.4884,57,35,0.6140,False
ge4&strong,open_flat,75,42,0.5600,53,29,0.5472,22,13,0.5909,False
early&opened,hold_close,1177,659,0.5599,637,351,0.5510,540,308,0.5704,False
eq3&opened,hold_flat,295,165,0.5593,166,89,0.5361,129,76,0.5891,False
eq3&intact,open_flat,211,118,0.5592,127,75,0.5906,84,43,0.5119,False
early&mid,hold_close,1361,761,0.5591,693,394,0.5685,668,367,0.5494,False
early&suc8,hold_touch3,660,369,0.5591,352,203,0.5767,308,166,0.5390,False
opened&suc8,open_flat,610,341,0.5590,319,174,0.5455,291,167,0.5739,False
tn5&newh,open_flat,111,62,0.5586,33,20,0.6061,78,42,0.5385,False
eq3,hold_close,385,215,0.5584,208,112,0.5385,177,103,0.5819,False
ge3&eq3,hold_close,385,215,0.5584,208,112,0.5385,177,103,0.5819,False
ge3&mid,hold_close,385,215,0.5584,208,112,0.5385,177,103,0.5819,False
eq3&mid,hold_close,385,215,0.5584,208,112,0.5385,177,103,0.5819,False
ge3&intact&strong,hold_3d,95,53,0.5579,63,33,0.5238,32,20,0.6250,False
ge5&opened,zt3,104,58,0.5577,69,38,0.5507,35,20,0.5714,False
strong&absent,hold_flat,158,88,0.5570,110,61,0.5545,48,27,0.5625,False
strong&absent,zt3,158,88,0.5570,110,62,0.5636,48,26,0.5417,False
eq3&strong,open_zt3,79,44,0.5570,49,27,0.5510,30,17,0.5667,False
ge3&tn5,touch3,325,181,0.5569,168,90,0.5357,157,91,0.5796,False
ge3&tn5,open_flat,325,181,0.5569,168,95,0.5655,157,86,0.5478,False
absent&suc8,hold_flat,361,201,0.5568,173,89,0.5145,188,112,0.5957,False
ge4&opened,hold_close,230,128,0.5565,143,74,0.5175,87,54,0.6207,False
ge3&opened,hold_close,525,292,0.5562,309,163,0.5275,216,129,0.5972,False
eq3&opened,hold_close,295,164,0.5559,166,89,0.5361,129,75,0.5814,False
absent&newh,touch3,117,65,0.5556,43,21,0.4884,74,44,0.5946,False
ge4&early&strong,open_flat,72,40,0.5556,50,27,0.5400,22,13,0.5909,False
unopened,hold_flat,697,387,0.5552,332,184,0.5542,365,203,0.5562,False
ge4&early,zt3,263,146,0.5551,158,85,0.5380,105,61,0.5810,False
ge5,hold_3d,128,71,0.5547,83,44,0.5301,45,27,0.6000,False
ge3&ge5,hold_3d,128,71,0.5547,83,44,0.5301,45,27,0.6000,False
ge4&ge5,hold_3d,128,71,0.5547,83,44,0.5301,45,27,0.6000,False
strong&intact,open_flat,220,122,0.5545,143,84,0.5874,77,38,0.4935,False
intact&opened,open_flat,891,494,0.5544,474,267,0.5633,417,227,0.5444,False
ge5&early&intact,zt3,83,46,0.5542,46,24,0.5217,37,22,0.5946,False
unopened,hold_touch3,697,386,0.5538,332,193,0.5813,365,193,0.5288,False
ge4&early&strong,hold_3d,76,42,0.5526,52,26,0.5000,24,16,0.6667,False
eq3&tn5,touch3,174,96,0.5517,82,40,0.4878,92,56,0.6087,False
strong&opened,hold_touch3,194,107,0.5515,141,77,0.5461,53,30,0.5660,False
ge5&early,hold_3d,107,59,0.5514,64,33,0.5156,43,26,0.6047,False
ge5,open_zt3,127,70,0.5512,80,43,0.5375,47,27,0.5745,False
ge3&ge5,open_zt3,127,70,0.5512,80,43,0.5375,47,27,0.5745,False
ge4&ge5,open_zt3,127,70,0.5512,80,43,0.5375,47,27,0.5745,False
ge4&tn8,zt3,98,54,0.5510,57,31,0.5439,41,23,0.5610,False
ge5&opened,open_zt3,98,54,0.5510,64,35,0.5469,34,19,0.5588,False
tn5&absent,hold_close,443,244,0.5508,202,106,0.5248,241,138,0.5726,False
newh&mid,open_up,69,38,0.5507,16,10,0.6250,53,28,0.5283,False
ALL_ny,hold_flat,2218,1220,0.5500,1135,597,0.5260,1083,623,0.5753,False
early&absent,hold_flat,648,356,0.5494,336,183,0.5446,312,173,0.5545,False
ge5&opened,hold_close,102,56,0.5490,67,35,0.5224,35,21,0.6000,False
newh&opened,hold_close,164,90,0.5488,71,33,0.4648,93,57,0.6129,False
ge5&early&intact,hold_close,82,45,0.5488,45,22,0.4889,37,23,0.6216,False
strong&suc8,open_flat,144,79,0.5486,105,60,0.5714,39,19,0.4872,False
strong,zt3,392,215,0.5485,265,145,0.5472,127,70,0.5512,False
opened&suc8,hold_flat,624,342,0.5481,329,177,0.5380,295,165,0.5593,False
eq3&early&tn5,hold_touch3,146,80,0.5479,77,40,0.5195,69,40,0.5797,False
early&absent,hold_touch3,648,355,0.5478,336,184,0.5476,312,171,0.5481,False
absent&suc8,open_flat,345,189,0.5478,167,84,0.5030,178,105,0.5899,False
opened,hold_flat,1521,833,0.5477,803,413,0.5143,718,420,0.5850,False
early&strong,zt3,353,193,0.5467,238,128,0.5378,115,65,0.5652,False
suc8,hold_flat,906,495,0.5464,467,247,0.5289,439,248,0.5649,False
ge3&tn8,hold_3d,205,112,0.5463,109,52,0.4771,96,60,0.6250,False
ge3&early&strong,open_flat,141,77,0.5461,92,51,0.5543,49,26,0.5306,False
early&suc8,open_flat,634,346,0.5457,334,186,0.5569,300,160,0.5333,False
absent&suc8,hold_close,361,197,0.5457,173,88,0.5087,188,109,0.5798,False
ge3&strong,open_flat,154,84,0.5455,102,57,0.5588,52,27,0.5192,False
ge5&tn5,open_zt3,66,36,0.5455,41,23,0.5610,25,13,0.5200,False
eq3&absent,hold_close,167,91,0.5449,74,37,0.5000,93,54,0.5806,False
eq3&absent,hold_flat,167,91,0.5449,74,37,0.5000,93,54,0.5806,False
opened,open_flat,1484,808,0.5445,776,412,0.5309,708,396,0.5593,False
strong&absent,hold_close,158,86,0.5443,110,60,0.5455,48,26,0.5417,False
ge4&strong,hold_3d,79,43,0.5443,55,27,0.4909,24,16,0.6667,False
eq3&early,open_flat,294,160,0.5442,163,94,0.5767,131,66,0.5038,False
early&suc8,touch3,634,345,0.5442,334,187,0.5599,300,158,0.5267,False
mid&opened,hold_flat,1291,702,0.5438,660,338,0.5121,631,364,0.5769,False
unopened,hold_close,697,379,0.5438,332,182,0.5482,365,197,0.5397,False
eq3&early&tn5,open_flat,138,75,0.5435,70,40,0.5714,68,35,0.5147,False
strong&mid,hold_flat,311,169,0.5434,209,110,0.5263,102,59,0.5784,False
mid,hold_flat,1906,1035,0.5430,945,492,0.5206,961,543,0.5650,False
eq3,open_flat,372,202,0.5430,198,112,0.5657,174,90,0.5172,False
ge3&eq3,open_flat,372,202,0.5430,198,112,0.5657,174,90,0.5172,False
ge3&mid,open_flat,372,202,0.5430,198,112,0.5657,174,90,0.5172,False
eq3&mid,open_flat,372,202,0.5430,198,112,0.5657,174,90,0.5172,False
strong&intact,zt3,234,127,0.5427,155,83,0.5355,79,44,0.5570,False
amt_mid,touch3,378,205,0.5423,146,87,0.5959,232,118,0.5086,False
ge4&suc8,open_zt3,155,84,0.5419,96,52,0.5417,59,32,0.5424,False
newh&mid,hold_touch3,72,39,0.5417,16,6,0.3750,56,33,0.5893,False
ALL_ny,hold_close,2218,1200,0.5410,1135,592,0.5216,1083,608,0.5614,False
strong&suc8,zt3,159,86,0.5409,115,61,0.5304,44,25,0.5682,False
drop,open_flat,551,298,0.5408,265,145,0.5472,286,153,0.5350,False
strong&newh,open_flat,37,20,0.5405,16,8,0.5000,21,12,0.5714,False
early&opened,open_flat,1142,617,0.5403,611,335,0.5483,531,282,0.5311,False
eq3&tn5,open_flat,174,94,0.5402,82,47,0.5732,92,47,0.5109,False
absent&suc8,hold_touch3,361,195,0.5402,173,97,0.5607,188,98,0.5213,False
early&absent,hold_close,648,350,0.5401,336,180,0.5357,312,170,0.5449,False
tn8&opened,open_flat,465,251,0.5398,223,108,0.4843,242,143,0.5909,False
opened,hold_close,1521,821,0.5398,803,410,0.5106,718,411,0.5724,False
intact&suc8,hold_flat,545,294,0.5394,294,158,0.5374,251,136,0.5418,False
amt_mid,hold_flat,406,219,0.5394,163,90,0.5521,243,129,0.5309,False
tn5&newh,hold_touch3,115,62,0.5391,33,15,0.4545,82,47,0.5732,False
early,hold_touch3,1625,876,0.5391,850,469,0.5518,775,407,0.5252,False
tn8&intact,hold_3d,449,242,0.5390,225,109,0.4844,224,133,0.5938,False
strong&tn5,hold_3d,180,97,0.5389,107,55,0.5140,73,42,0.5753,False
eq2,hold_flat,1521,819,0.5385,737,380,0.5156,784,439,0.5599,False
opened&suc8,hold_close,624,336,0.5385,329,176,0.5350,295,160,0.5424,False
newh&suc8,open_zt3,104,56,0.5385,42,21,0.5000,62,35,0.5645,False
ge5&early&intact,hold_3d,78,42,0.5385,43,22,0.5116,35,20,0.5714,False
ge4&early,open_zt3,251,135,0.5378,150,78,0.5200,101,57,0.5644,False
mid&opened,open_flat,1261,678,0.5377,638,334,0.5235,623,344,0.5522,False
suc8,hold_close,906,487,0.5375,467,245,0.5246,439,242,0.5513,False
tn8&newh,touch3,67,36,0.5373,21,8,0.3810,46,28,0.6087,False
mid&opened,hold_close,1291,693,0.5368,660,336,0.5091,631,357,0.5658,False
drop,hold_flat,574,308,0.5366,277,148,0.5343,297,160,0.5387,False
eq3&early&tn5,touch3,138,74,0.5362,70,35,0.5000,68,39,0.5735,False
strong&opened,hold_flat,194,104,0.5361,141,73,0.5177,53,31,0.5849,False
strong&opened,zt3,194,104,0.5361,141,75,0.5319,53,29,0.5472,False
ge5&opened,hold_3d,97,52,0.5361,65,33,0.5077,32,19,0.5938,False
tn5&intact,open_flat,669,358,0.5351,327,169,0.5168,342,189,0.5526,False
tn5&opened,open_flat,746,399,0.5349,361,179,0.4958,385,220,0.5714,False
mid,hold_close,1906,1018,0.5341,945,488,0.5164,961,530,0.5515,False
early&absent,open_flat,620,331,0.5339,319,165,0.5172,301,166,0.5515,False
strong&mid,hold_close,311,166,0.5338,209,108,0.5167,102,58,0.5686,False
intact,open_flat,1271,678,0.5334,653,358,0.5482,618,320,0.5178,False
ge5&strong,open_flat,30,16,0.5333,18,8,0.4444,12,8,0.6667,False
early&intact,hold_touch3,977,521,0.5333,514,285,0.5545,463,236,0.5097,False
drop,hold_close,574,306,0.5331,277,147,0.5307,297,159,0.5354,False
tn8&intact,open_flat,439,234,0.5330,211,104,0.4929,228,130,0.5702,False
ge5&early&intact,open_zt3,77,41,0.5325,41,20,0.4878,36,21,0.5833,False
intact&suc8,hold_close,545,290,0.5321,294,157,0.5340,251,133,0.5299,False
ge5&intact,hold_3d,94,50,0.5319,58,30,0.5172,36,20,0.5556,False
eq3&strong,open_flat,79,42,0.5316,49,28,0.5714,30,14,0.4667,False
early,open_flat,1557,827,0.5311,803,442,0.5504,754,385,0.5106,False
ge3&early&strong,hold_3d,145,77,0.5310,96,48,0.5000,49,29,0.5918,False
suc8,open_flat,872,463,0.5310,447,232,0.5190,425,231,0.5435,False
ge4&suc8,hold_3d,162,86,0.5309,101,53,0.5248,61,33,0.5410,False
early&absent,touch3,620,329,0.5306,319,168,0.5266,301,161,0.5349,False
tn8,open_flat,705,374,0.5305,333,162,0.4865,372,212,0.5699,False
tn5&tn8,open_flat,705,374,0.5305,333,162,0.4865,372,212,0.5699,False
ge5&tn5,hold_3d,66,35,0.5303,42,21,0.5000,24,14,0.5833,False
ge4&absent,zt3,100,53,0.5300,66,36,0.5455,34,17,0.5000,False
ge5&intact,zt3,100,53,0.5300,62,31,0.5000,38,22,0.5789,False
absent&opened,open_flat,593,314,0.5295,302,145,0.4801,291,169,0.5808,False
strong&tn8,hold_3d,119,63,0.5294,73,38,0.5205,46,25,0.5435,False
early&intact,open_flat,937,496,0.5293,484,277,0.5723,453,219,0.4834,False
ge4,zt3,314,166,0.5287,192,102,0.5312,122,64,0.5246,False
ge3&ge4,zt3,314,166,0.5287,192,102,0.5312,122,64,0.5246,False
mid&suc8,hold_flat,742,392,0.5283,364,181,0.4973,378,211,0.5582,False
ge4&intact,zt3,214,113,0.5280,126,66,0.5238,88,47,0.5341,False
ALL_ny,open_flat,2142,1131,0.5280,1084,565,0.5212,1058,566,0.5350,False
eq2,hold_close,1521,803,0.5279,737,376,0.5102,784,427,0.5446,False
tn5&suc8,open_flat,449,237,0.5278,218,105,0.4817,231,132,0.5714,False
unopened,touch3,658,347,0.5274,308,169,0.5487,350,178,0.5086,False
strong&opened,touch3,184,97,0.5272,133,69,0.5188,51,28,0.5490,False
strong&opened,open_flat,184,97,0.5272,133,71,0.5338,51,26,0.5098,False
amt_mid,hold_close,406,214,0.5271,163,88,0.5399,243,126,0.5185,False
mid&tn8&intact,hold_3d,389,205,0.5270,194,91,0.4691,195,114,0.5846,False
eq3&absent,hold_3d,167,88,0.5269,74,37,0.5000,93,51,0.5484,False
intact&mid,open_flat,1067,562,0.5267,535,294,0.5495,532,268,0.5038,False
tn8&absent,open_flat,266,140,0.5263,122,58,0.4754,144,82,0.5694,False
strong&opened,hold_close,194,102,0.5258,141,71,0.5035,53,31,0.5849,False
intact&newh,hold_3d,97,51,0.5258,42,22,0.5238,55,29,0.5273,False
ge3&early,zt3,569,299,0.5255,331,173,0.5227,238,126,0.5294,False
eq3&newh,zt3,59,31,0.5254,12,4,0.3333,47,27,0.5745,False
strong05,open_flat,80,42,0.5250,72,37,0.5139,8,5,0.6250,False
tn8,hold_3d,726,381,0.5248,349,156,0.4470,377,225,0.5968,False
tn5&tn8,hold_3d,726,381,0.5248,349,156,0.4470,377,225,0.5968,False
early,touch3,1557,815,0.5234,803,426,0.5305,754,389,0.5159,False
tn8&suc8,open_flat,281,147,0.5231,129,60,0.4651,152,87,0.5724,False
ge3&suc8,hold_3d,333,174,0.5225,193,97,0.5026,140,77,0.5500,False
tn5&newh,touch3,111,58,0.5225,33,15,0.4545,78,43,0.5513,False
eq3&tn5,hold_3d,180,94,0.5222,89,38,0.4270,91,56,0.6154,False
tn5,open_flat,1090,569,0.5220,519,255,0.4913,571,314,0.5499,False
early&tn5,hold_touch3,818,427,0.5220,402,212,0.5274,416,215,0.5168,False
eq3&absent,open_flat,161,84,0.5217,71,37,0.5211,90,47,0.5222,False
newh&mid,touch3,69,36,0.5217,16,6,0.3750,53,30,0.5660,False
early&tn8,hold_3d,508,265,0.5217,253,114,0.4506,255,151,0.5922,False
early&newh,zt3,190,99,0.5211,73,34,0.4658,117,65,0.5556,False
suc8,hold_touch3,906,472,0.5210,467,248,0.5310,439,224,0.5103,False
eq3&suc8,open_flat,167,87,0.5210,89,49,0.5506,78,38,0.4872,False
strong,open_flat,361,188,0.5208,243,134,0.5514,118,54,0.4576,False
early&mid,open_flat,1306,680,0.5207,653,358,0.5482,653,322,0.4931,False
absent&newh,zt3,123,64,0.5203,44,21,0.4773,79,43,0.5443,False
mid&suc8,hold_close,742,386,0.5202,364,180,0.4945,378,206,0.5450,False
absent,open_flat,871,453,0.5201,431,207,0.4803,440,246,0.5591,False
intact&suc8,open_flat,527,274,0.5199,280,148,0.5286,247,126,0.5101,False
tn8&mid,open_flat,616,320,0.5195,281,131,0.4662,335,189,0.5642,False
absent,hold_flat,905,470,0.5193,449,216,0.4811,456,254,0.5570,False
ge3&strong,hold_3d,158,82,0.5190,106,52,0.4906,52,30,0.5769,False
ge3&newh,zt3,212,110,0.5189,85,40,0.4706,127,70,0.5512,False
absent&suc8,touch3,345,179,0.5188,167,91,0.5449,178,88,0.4944,False
early&intact,touch3,937,486,0.5187,484,258,0.5331,453,228,0.5033,False
newh&opened,open_up,162,84,0.5185,70,35,0.5000,92,49,0.5326,False
mid,open_flat,1842,955,0.5185,902,462,0.5122,940,493,0.5245,False
strong&mid,zt3,311,161,0.5177,209,110,0.5263,102,51,0.5000,False
eq3&tn8,hold_3d,114,59,0.5175,56,24,0.4286,58,35,0.6034,False
mid&tn8&intact,open_flat,379,196,0.5172,181,87,0.4807,198,109,0.5505,False
ge4&newh,hold_3d,147,76,0.5170,70,33,0.4714,77,43,0.5584,False
ge4&intact,hold_3d,207,107,0.5169,122,62,0.5082,85,45,0.5294,False
ge4&tn8,open_zt3,89,46,0.5169,52,27,0.5192,37,19,0.5135,False
tn8&mid,hold_3d,635,328,0.5165,296,128,0.4324,339,200,0.5900,False
early&mid,hold_touch3,1363,704,0.5165,693,370,0.5339,670,334,0.4985,False
ge4&newh,zt3,153,79,0.5163,73,36,0.4932,80,43,0.5375,False
early&tn5,open_flat,773,399,0.5162,370,191,0.5162,403,208,0.5161,False
ge4&early,hold_3d,254,131,0.5157,153,72,0.4706,101,59,0.5842,False
drop,hold_touch3,574,296,0.5157,277,142,0.5126,297,154,0.5185,False
ge4&intact,open_zt3,204,105,0.5147,118,60,0.5085,86,45,0.5233,False
eq3&suc8,hold_3d,171,88,0.5146,92,44,0.4783,79,44,0.5570,False
early&tn8,open_flat,488,251,0.5143,238,118,0.4958,250,133,0.5320,False
strong&intact,open_zt3,220,113,0.5136,143,71,0.4965,77,42,0.5455,False
ge4,open_zt3,300,154,0.5133,182,94,0.5165,118,60,0.5085,False
ge3&ge4,open_zt3,300,154,0.5133,182,94,0.5165,118,60,0.5085,False
tn5&mid,open_flat,939,482,0.5133,433,207,0.4781,506,275,0.5435,False
mid&suc8,open_flat,717,368,0.5132,351,175,0.4986,366,193,0.5273,False
tn5&intact,hold_3d,684,351,0.5132,349,163,0.4670,335,188,0.5612,False
early&strong,open_flat,326,167,0.5123,218,117,0.5367,108,50,0.4630,False
eq2,open_flat,1470,753,0.5122,704,350,0.4972,766,403,0.5261,False
intact,hold_touch3,1315,672,0.5110,686,365,0.5321,629,307,0.4881,False
strong&opened,open_zt3,184,94,0.5109,133,67,0.5038,51,27,0.5294,False
ge5&intact,open_zt3,92,47,0.5109,55,26,0.4727,37,21,0.5676,False
absent&opened,hold_flat,609,311,0.5107,311,144,0.4630,298,167,0.5604,False
early&opened,hold_touch3,1179,602,0.5106,637,331,0.5196,542,271,0.5000,False
early&tn8,hold_touch3,521,266,0.5106,259,129,0.4981,262,137,0.5229,False
absent,hold_close,905,462,0.5105,449,213,0.4744,456,249,0.5461,False
strong&mid,open_flat,286,146,0.5105,190,105,0.5526,96,41,0.4271,False
ge4&absent,open_zt3,96,49,0.5104,64,34,0.5312,32,15,0.4688,False
ge3&suc8,zt3,339,173,0.5103,197,100,0.5076,142,73,0.5141,False
tn5&intact,hold_touch3,700,357,0.5100,353,185,0.5241,347,172,0.4957,False
ge3&newh,hold_3d,206,105,0.5097,82,39,0.4756,124,66,0.5323,False
strong,open_zt3,361,184,0.5097,243,123,0.5062,118,61,0.5169,False
intact&opened,open_up,891,454,0.5095,474,241,0.5084,417,213,0.5108,False
early&tn5,hold_3d,801,408,0.5094,394,182,0.4619,407,226,0.5553,False
ge4&tn5,zt3,161,82,0.5093,92,48,0.5217,69,34,0.4928,False
early&strong,open_zt3,326,166,0.5092,218,108,0.4954,108,58,0.5370,False
tn5&newh,hold_3d,112,57,0.5089,32,14,0.4375,80,43,0.5375,False
eq3&newh,open_zt3,57,29,0.5088,12,4,0.3333,45,25,0.5556,False
tn8&intact,hold_touch3,462,235,0.5087,229,119,0.5197,233,116,0.4979,False
ge4&opened,zt3,232,118,0.5086,145,75,0.5172,87,43,0.4943,False
intact&suc8,hold_touch3,545,277,0.5083,294,151,0.5136,251,126,0.5020,False
opened&suc8,hold_touch3,624,317,0.5080,329,176,0.5350,295,141,0.4780,False
tn5&mid,hold_3d,969,492,0.5077,460,207,0.4500,509,285,0.5599,False
ge3&tn5,hold_3d,333,169,0.5075,176,78,0.4432,157,91,0.5796,False
tn5&suc8,hold_touch3,475,241,0.5074,236,123,0.5212,239,118,0.4937,False
absent&mid,open_flat,775,393,0.5071,367,168,0.4578,408,225,0.5515,False
ge3&tn8,zt3,213,108,0.5070,113,56,0.4956,100,52,0.5200,False
eq3&early&tn5,zt3,146,74,0.5068,77,37,0.4805,69,37,0.5362,False
absent&mid,hold_flat,805,408,0.5068,383,179,0.4674,422,229,0.5427,False
newh,zt3,225,114,0.5067,89,41,0.4607,136,73,0.5368,False
opened&suc8,open_up,610,309,0.5066,319,155,0.4859,291,154,0.5292,False
ge3&early,open_zt3,545,276,0.5064,313,156,0.4984,232,120,0.5172,False
ge5&newh,open_up,87,44,0.5057,44,21,0.4773,43,23,0.5349,False
ge3&absent,zt3,267,135,0.5056,140,72,0.5143,127,63,0.4961,False
early&newh,open_zt3,182,92,0.5055,69,31,0.4493,113,61,0.5398,False
ALL_ny,hold_touch3,2220,1122,0.5054,1135,585,0.5154,1085,537,0.4949,False
tn5,hold_3d,1122,567,0.5053,547,247,0.4516,575,320,0.5565,False
ge3,zt3,699,353,0.5050,400,203,0.5075,299,150,0.5017,False
ge3&newh,open_zt3,202,102,0.5050,80,37,0.4625,122,65,0.5328,False
strong&tn8,open_zt3,105,53,0.5048,63,27,0.4286,42,26,0.6190,False
ge4&intact&tn5,hold_3d,105,53,0.5048,58,27,0.4655,47,26,0.5532,False
ge3&intact,zt3,432,218,0.5046,260,131,0.5038,172,87,0.5058,False
suc8,touch3,872,440,0.5046,447,230,0.5145,425,210,0.4941,False
ge4&intact&tn5,zt3,111,56,0.5045,61,31,0.5082,50,25,0.5000,False
strong&absent,open_zt3,141,71,0.5035,100,52,0.5200,41,19,0.4634,False
ge4&newh,open_zt3,145,73,0.5034,68,33,0.4853,77,40,0.5195,False
strong&tn5,open_zt3,163,82,0.5031,93,42,0.4516,70,40,0.5714,False
early&newh,hold_3d,185,93,0.5027,71,33,0.4648,114,60,0.5263,False
absent&opened,hold_close,609,306,0.5025,311,142,0.4566,298,164,0.5503,False
newh,hold_3d,219,110,0.5023,86,41,0.4767,133,69,0.5188,False
tn8&absent,hold_3d,277,139,0.5018,124,47,0.3790,153,92,0.6013,False
tn5&absent,open_flat,421,211,0.5012,192,86,0.4479,229,125,0.5459,False
early&opened,touch3,1142,572,0.5009,611,309,0.5057,531,263,0.4953,False
early&tn5,touch3,773,387,0.5006,370,184,0.4973,403,203,0.5037,False
early&mid,touch3,1306,653,0.5000,653,333,0.5100,653,320,0.4900,False
opened&suc8,touch3,610,305,0.5000,319,168,0.5266,291,137,0.4708,False
amt_mid,open_flat,378,189,0.5000,146,80,0.5479,232,109,0.4698,False
eq3&early,zt3,306,153,0.5000,173,88,0.5087,133,65,0.4887,False
ge3&absent,hold_3d,264,132,0.5000,138,62,0.4493,126,70,0.5556,False
tn8&newh,zt3,72,36,0.5000,22,7,0.3182,50,29,0.5800,False
ge5&tn8,open_up,42,21,0.5000,26,12,0.4615,16,9,0.5625,False
strong&newh,hold_3d,40,20,0.5000,17,5,0.2941,23,15,0.6522,False
mid&opened,open_up,1261,629,0.4988,638,305,0.4781,623,324,0.5201,False
eq3,hold_3d,379,189,0.4987,207,96,0.4638,172,93,0.5407,False
ge3&eq3,hold_3d,379,189,0.4987,207,96,0.4638,172,93,0.5407,False
ge3&mid,hold_3d,379,189,0.4987,207,96,0.4638,172,93,0.5407,False
eq3&mid,hold_3d,379,189,0.4987,207,96,0.4638,172,93,0.5407,False
ge3&tn5,zt3,343,171,0.4985,181,88,0.4862,162,83,0.5123,False
absent&mid,hold_close,805,401,0.4981,383,176,0.4595,422,225,0.5332,False
intact,touch3,1271,633,0.4980,653,335,0.5130,618,298,0.4822,False
tn8&opened,hold_3d,474,236,0.4979,231,94,0.4069,243,142,0.5844,False
ge3,hold_3d,683,340,0.4978,393,183,0.4656,290,157,0.5414,False
ge4&opened,open_zt3,223,111,0.4978,138,70,0.5072,85,41,0.4824,False
drop,touch3,551,274,0.4973,265,130,0.4906,286,144,0.5035,False
absent,hold_touch3,905,450,0.4972,449,220,0.4900,456,230,0.5044,False
ge3&opened,zt3,527,262,0.4972,311,156,0.5016,216,106,0.4907,False
tn5,hold_touch3,1143,568,0.4969,555,275,0.4955,588,293,0.4983,False
ge4,hold_3d,304,151,0.4967,186,87,0.4677,118,64,0.5424,False
ge3&ge4,hold_3d,304,151,0.4967,186,87,0.4677,118,64,0.5424,False
ge3&intact,hold_3d,419,208,0.4964,255,121,0.4745,164,87,0.5305,False
opened,open_up,1484,736,0.4960,776,366,0.4716,708,370,0.5226,False
absent&newh,open_up,117,58,0.4957,43,21,0.4884,74,37,0.5000,False
absent&newh,open_zt3,117,58,0.4957,43,20,0.4651,74,38,0.5135,False
ge3&early,hold_3d,555,275,0.4955,325,152,0.4677,230,123,0.5348,False
intact&suc8,touch3,527,261,0.4953,280,139,0.4964,247,122,0.4939,False
eq3&opened,hold_3d,289,143,0.4948,165,78,0.4727,124,65,0.5242,False
newh&opened,zt3,166,82,0.4940,73,36,0.4932,93,46,0.4946,False
newh&opened,open_zt3,162,80,0.4938,70,35,0.5000,92,45,0.4891,False
eq3&strong,hold_3d,79,39,0.4937,51,25,0.4902,28,14,0.5000,False
tn5&absent,hold_3d,438,216,0.4932,198,84,0.4242,240,132,0.5500,False
strong&suc8,open_zt3,144,71,0.4931,105,51,0.4857,39,20,0.5128,False
early&intact,hold_3d,954,470,0.4927,509,245,0.4813,445,225,0.5056,False
tn8&newh,open_up,67,33,0.4925,21,11,0.5238,46,22,0.4783,False
tn5&intact,touch3,669,329,0.4918,327,162,0.4954,342,167,0.4883,False
eq3&newh,hold_3d,59,29,0.4915,12,6,0.5000,47,23,0.4894,False
intact&opened,hold_touch3,914,449,0.4912,492,251,0.5102,422,198,0.4692,False
eq3&absent,zt3,167,82,0.4910,74,36,0.4865,93,46,0.4946,False
unopened,open_flat,658,323,0.4909,308,153,0.4968,350,170,0.4857,False
ALL_ny,touch3,2142,1051,0.4907,1084,538,0.4963,1058,513,0.4849,False
newh,open_zt3,214,105,0.4907,84,38,0.4524,130,67,0.5154,False
newh&suc8,open_up,104,51,0.4904,42,21,0.5000,62,30,0.4839,False
drop,hold_3d,571,280,0.4904,274,122,0.4453,297,158,0.5320,False
absent&suc8,hold_3d,359,176,0.4903,171,77,0.4503,188,99,0.5266,False
ge4&tn5,hold_3d,153,75,0.4902,87,40,0.4598,66,35,0.5303,False
intact&newh,zt3,102,50,0.4902,45,20,0.4444,57,30,0.5263,False
tn8,hold_touch3,741,363,0.4899,355,167,0.4704,386,196,0.5078,False
tn5&tn8,hold_touch3,741,363,0.4899,355,167,0.4704,386,196,0.5078,False
early,hold_3d,1597,782,0.4897,841,396,0.4709,756,386,0.5106,False
ge3&intact,open_zt3,415,203,0.4892,245,118,0.4816,170,85,0.5000,False
unopened,hold_3d,687,336,0.4891,330,153,0.4636,357,183,0.5126,False
eq3&tn5,zt3,182,89,0.4890,89,40,0.4494,93,49,0.5269,False
eq3&opened,zt3,295,144,0.4881,166,81,0.4880,129,63,0.4884,False
ge3,open_zt3,672,328,0.4881,380,185,0.4868,292,143,0.4897,False
eq3&opened,open_up,287,140,0.4878,158,79,0.5000,129,61,0.4729,False
intact&mid,hold_touch3,1103,538,0.4878,562,288,0.5125,541,250,0.4621,False
ge3&suc8,open_zt3,322,157,0.4876,185,89,0.4811,137,68,0.4964,False
intact,hold_3d,1286,627,0.4876,681,314,0.4611,605,313,0.5174,False
tn8&intact,touch3,439,214,0.4875,211,103,0.4882,228,111,0.4868,False
tn5&suc8,hold_3d,466,227,0.4871,231,106,0.4589,235,121,0.5149,False
ge5&suc8,open_up,74,36,0.4865,47,21,0.4468,27,15,0.5556,False
ge3&absent,open_zt3,257,125,0.4864,135,67,0.4963,122,58,0.4754,False
mid&tn8&intact,hold_touch3,397,193,0.4861,196,99,0.5051,201,94,0.4677,False
newh&mid,zt3,72,35,0.4861,16,5,0.3125,56,30,0.5357,False
mid,hold_touch3,1908,927,0.4858,945,467,0.4942,963,460,0.4777,False
eq3,zt3,385,187,0.4857,208,101,0.4856,177,86,0.4859,False
ge3&eq3,zt3,385,187,0.4857,208,101,0.4856,177,86,0.4859,False
ge3&mid,zt3,385,187,0.4857,208,101,0.4856,177,86,0.4859,False
eq3&mid,zt3,385,187,0.4857,208,101,0.4856,177,86,0.4859,False
ge5&absent,open_up,35,17,0.4857,25,11,0.4400,10,6,0.6000,False
early&absent,hold_3d,643,312,0.4852,332,151,0.4548,311,161,0.5177,False
mid&suc8,hold_touch3,742,360,0.4852,364,178,0.4890,378,182,0.4815,False
early&mid,hold_3d,1343,651,0.4847,688,324,0.4709,655,327,0.4992,False
intact&newh,open_zt3,97,47,0.4845,41,18,0.4390,56,29,0.5179,False
early&opened,hold_3d,1158,561,0.4845,630,291,0.4619,528,270,0.5114,False
ge3&opened,open_up,510,247,0.4843,296,140,0.4730,214,107,0.5000,False
ge3&opened,open_zt3,510,247,0.4843,296,143,0.4831,214,104,0.4860,False
absent&suc8,open_up,345,167,0.4841,167,70,0.4192,178,97,0.5449,False
tn8&opened,open_up,465,225,0.4839,223,91,0.4081,242,134,0.5537,False
ge4&suc8,open_up,155,75,0.4839,96,45,0.4688,59,30,0.5085,False
early&suc8,hold_3d,649,314,0.4838,346,165,0.4769,303,149,0.4917,False
intact&opened,touch3,891,431,0.4837,474,236,0.4979,417,195,0.4676,False
absent&newh,hold_3d,122,59,0.4836,44,19,0.4318,78,40,0.5128,False
early&newh,open_up,182,88,0.4835,69,32,0.4638,113,56,0.4956,False
ge4&tn5,open_zt3,151,73,0.4834,86,43,0.5000,65,30,0.4615,False
tn5&suc8,touch3,449,217,0.4833,218,107,0.4908,231,110,0.4762,False
opened,hold_touch3,1523,736,0.4833,803,392,0.4882,720,344,0.4778,False
absent&mid,hold_touch3,805,389,0.4832,383,179,0.4674,422,210,0.4976,False
tn5&mid,hold_touch3,983,475,0.4832,464,221,0.4763,519,254,0.4894,False
intact&mid,hold_3d,1079,520,0.4819,559,252,0.4508,520,268,0.5154,False
eq3&intact,zt3,218,105,0.4817,134,65,0.4851,84,40,0.4762,False
early&opened,open_up,1142,550,0.4816,611,291,0.4763,531,259,0.4878,False
early&tn8,touch3,488,235,0.4816,238,110,0.4622,250,125,0.5000,False
tn5&opened,hold_3d,758,365,0.4815,374,157,0.4198,384,208,0.5417,False
newh,open_up,214,103,0.4813,84,39,0.4643,130,64,0.4923,False
newh&opened,hold_3d,160,77,0.4813,70,33,0.4714,90,44,0.4889,False
intact&opened,hold_3d,892,429,0.4809,487,222,0.4559,405,207,0.5111,False
ge4&intact&tn5,open_zt3,104,50,0.4808,56,27,0.4821,48,23,0.4792,False
ge3&newh,open_up,202,97,0.4802,80,36,0.4500,122,61,0.5000,False
ge3&tn8,open_zt3,200,96,0.4800,105,49,0.4667,95,47,0.4947,False
absent,touch3,871,418,0.4799,431,203,0.4710,440,215,0.4886,False
intact&mid,open_up,1067,512,0.4799,535,266,0.4972,532,246,0.4624,False
ge4&opened,open_up,223,107,0.4798,138,61,0.4420,85,46,0.5412,False
eq3&early,open_zt3,294,141,0.4796,163,78,0.4785,131,63,0.4809,False
ge5&opened,open_up,98,47,0.4796,64,28,0.4375,34,19,0.5588,False
eq3&early&tn5,hold_3d,144,69,0.4792,77,31,0.4026,67,38,0.5672,False
ge3&opened,hold_3d,512,245,0.4785,305,138,0.4525,207,107,0.5169,False
eq3&early,hold_3d,301,144,0.4784,172,80,0.4651,129,64,0.4961,False
eq3&early&tn5,open_zt3,138,66,0.4783,70,30,0.4286,68,36,0.5294,False
early&suc8,open_up,634,303,0.4779,334,161,0.4820,300,142,0.4733,False
ALL_ny,hold_3d,2185,1044,0.4778,1126,500,0.4440,1059,544,0.5137,False
tn8&newh,open_zt3,67,32,0.4776,21,7,0.3333,46,25,0.5435,False
tn5,touch3,1090,520,0.4771,519,243,0.4682,571,277,0.4851,False
intact,open_up,1271,606,0.4768,653,316,0.4839,618,290,0.4693,False
eq3&intact,hold_3d,212,101,0.4764,133,59,0.4436,79,42,0.5316,False
tn5&absent,hold_touch3,443,211,0.4763,202,90,0.4455,241,121,0.5021,False
suc8,open_up,872,415,0.4759,447,204,0.4564,425,211,0.4965,False
absent&opened,open_up,593,282,0.4755,302,125,0.4139,291,157,0.5395,False
strong&mid,open_zt3,286,136,0.4755,190,91,0.4789,96,45,0.4688,False
mid&opened,hold_3d,1275,606,0.4753,656,287,0.4375,619,319,0.5153,False
mid,hold_3d,1881,893,0.4747,940,413,0.4394,941,480,0.5101,False
opened,touch3,1484,704,0.4744,776,369,0.4755,708,335,0.4732,False
intact&mid,touch3,1067,506,0.4742,535,263,0.4916,532,243,0.4568,False
mid&suc8,open_up,717,340,0.4742,351,159,0.4530,366,181,0.4945,False
tn5&newh,zt3,116,55,0.4741,34,13,0.3824,82,42,0.5122,False
eq3&opened,open_zt3,287,136,0.4739,158,73,0.4620,129,63,0.4884,False
ge3&tn5,open_zt3,325,154,0.4738,168,76,0.4524,157,78,0.4968,False
eq2,open_up,1470,696,0.4735,704,317,0.4503,766,379,0.4948,False
strong&intact,hold_3d,226,107,0.4735,155,69,0.4452,71,38,0.5352,False
opened&suc8,hold_3d,613,290,0.4731,323,149,0.4613,290,141,0.4862,False
opened,hold_3d,1498,708,0.4726,796,347,0.4359,702,361,0.5142,False
newh&mid,hold_3d,72,34,0.4722,16,8,0.5000,56,26,0.4643,False
eq3&absent,open_zt3,161,76,0.4720,71,33,0.4648,90,43,0.4778,False
tn5&opened,open_up,746,352,0.4718,361,148,0.4100,385,204,0.5299,False
mid,open_up,1842,869,0.4718,902,412,0.4568,940,457,0.4862,False
tn8&suc8,hold_touch3,299,141,0.4716,141,68,0.4823,158,73,0.4620,False
absent&opened,hold_touch3,609,287,0.4713,311,141,0.4534,298,146,0.4899,False
tn8&suc8,hold_3d,293,138,0.4710,138,59,0.4275,155,79,0.5097,False
mid,touch3,1842,867,0.4707,902,427,0.4734,940,440,0.4681,False
ALL_ny,open_up,2142,1008,0.4706,1084,492,0.4539,1058,516,0.4877,False
intact&suc8,open_up,527,248,0.4706,280,134,0.4786,247,114,0.4615,False
tn8&mid,hold_touch3,644,303,0.4705,299,134,0.4482,345,169,0.4899,False
tn8&absent,open_up,266,125,0.4699,122,48,0.3934,144,77,0.5347,False
eq3&tn8,zt3,115,54,0.4696,56,25,0.4464,59,29,0.4915,False
suc8,hold_3d,893,419,0.4692,461,203,0.4403,432,216,0.5000,False
eq3&intact,open_up,211,99,0.4692,127,64,0.5039,84,35,0.4167,False
tn8&mid,open_up,616,289,0.4692,281,111,0.3950,335,178,0.5313,False
ge4&absent,open_up,96,45,0.4688,64,30,0.4688,32,15,0.4688,False
eq2,hold_3d,1502,704,0.4687,733,317,0.4325,769,387,0.5033,False
mid&suc8,touch3,717,336,0.4686,351,166,0.4729,366,170,0.4645,False
eq3&tn8,open_up,111,52,0.4685,53,24,0.4528,58,28,0.4828,False
drop,open_up,551,258,0.4682,265,121,0.4566,286,137,0.4790,False
strong&absent,open_flat,141,66,0.4681,100,50,0.5000,41,16,0.3902,False
eq3,open_zt3,372,174,0.4677,198,91,0.4596,174,83,0.4770,False
ge3&eq3,open_zt3,372,174,0.4677,198,91,0.4596,174,83,0.4770,False
ge3&mid,open_zt3,372,174,0.4677,198,91,0.4596,174,83,0.4770,False
eq3&mid,open_zt3,372,174,0.4677,198,91,0.4596,174,83,0.4770,False
tn8,touch3,705,329,0.4667,333,147,0.4414,372,182,0.4892,False
tn8,open_up,705,329,0.4667,333,134,0.4024,372,195,0.5242,False
tn5&tn8,touch3,705,329,0.4667,333,147,0.4414,372,182,0.4892,False
tn5&tn8,open_up,705,329,0.4667,333,134,0.4024,372,195,0.5242,False
strong&tn5,open_flat,163,76,0.4663,93,42,0.4516,70,34,0.4857,False
absent&mid,touch3,775,361,0.4658,367,164,0.4469,408,197,0.4828,False
eq3&tn5,open_zt3,174,81,0.4655,82,33,0.4024,92,48,0.5217,False
absent&mid,hold_3d,802,373,0.4651,381,161,0.4226,421,212,0.5036,False
ge3&intact,open_up,415,193,0.4651,245,114,0.4653,170,79,0.4647,False
eq3,open_up,372,173,0.4651,198,95,0.4798,174,78,0.4483,False
ge3&eq3,open_up,372,173,0.4651,198,95,0.4798,174,78,0.4483,False
ge3&mid,open_up,372,173,0.4651,198,95,0.4798,174,78,0.4483,False
eq3&mid,open_up,372,173,0.4651,198,95,0.4798,174,78,0.4483,False
tn5&intact,open_up,669,311,0.4649,327,138,0.4220,342,173,0.5058,False
mid&opened,hold_touch3,1293,601,0.4648,660,309,0.4682,633,292,0.4613,False
tn8&intact,open_up,439,204,0.4647,211,86,0.4076,228,118,0.5175,False
eq3&intact,open_zt3,211,98,0.4645,127,58,0.4567,84,40,0.4762,False
mid&tn8&intact,touch3,379,176,0.4644,181,85,0.4696,198,91,0.4596,False
ge3,open_up,672,312,0.4643,380,175,0.4605,292,137,0.4692,False
intact&newh,open_up,97,45,0.4639,41,18,0.4390,56,27,0.4821,False
absent,hold_3d,899,417,0.4638,445,186,0.4180,454,231,0.5088,False
newh&mid,open_zt3,69,32,0.4638,16,5,0.3125,53,27,0.5094,False
ge4,open_up,300,139,0.4633,182,80,0.4396,118,59,0.5000,False
ge3&ge4,open_up,300,139,0.4633,182,80,0.4396,118,59,0.5000,False
tn5&mid,touch3,939,435,0.4633,433,193,0.4457,506,242,0.4783,False
ge3&absent,open_up,257,119,0.4630,135,61,0.4519,122,58,0.4754,False
ge3&suc8,open_up,322,149,0.4627,185,87,0.4703,137,62,0.4526,False
tn8&suc8,open_up,281,130,0.4626,129,52,0.4031,152,78,0.5132,False
early&mid,open_up,1306,604,0.4625,653,314,0.4809,653,290,0.4441,False
mid&tn8&intact,open_up,379,175,0.4617,181,74,0.4088,198,101,0.5101,False
absent,open_up,871,402,0.4615,431,176,0.4084,440,226,0.5136,False
tn5&mid,open_up,939,433,0.4611,433,176,0.4065,506,257,0.5079,False
tn5&suc8,open_up,449,207,0.4610,218,89,0.4083,231,118,0.5108,False
amt_mid,zt3,410,189,0.4610,164,91,0.5549,246,98,0.3984,False
ge4&intact,open_up,204,94,0.4608,118,50,0.4237,86,44,0.5116,False
early&absent,zt3,649,299,0.4607,337,157,0.4659,312,142,0.4551,False
absent&mid,open_up,775,357,0.4606,367,146,0.3978,408,211,0.5172,False
absent&opened,hold_3d,606,279,0.4604,309,125,0.4045,297,154,0.5185,False
absent&opened,touch3,593,273,0.4604,302,133,0.4404,291,140,0.4811,False
ge3&tn8,open_up,200,92,0.4600,105,47,0.4476,95,45,0.4737,False
early&intact,open_up,937,431,0.4600,484,241,0.4979,453,190,0.4194,False
early,open_up,1557,716,0.4599,803,377,0.4695,754,339,0.4496,False
eq3&suc8,zt3,174,80,0.4598,93,41,0.4409,81,39,0.4815,False
early&absent,open_up,620,285,0.4597,319,136,0.4263,301,149,0.4950,False
eq3&absent,open_up,161,74,0.4596,71,31,0.4366,90,43,0.4778,False
tn5&newh,open_zt3,111,51,0.4595,33,13,0.3939,78,38,0.4872,False
eq3&early,open_up,294,135,0.4592,163,80,0.4908,131,55,0.4198,False
tn8&absent,hold_touch3,279,128,0.4588,126,48,0.3810,153,80,0.5229,False
eq2,hold_touch3,1523,698,0.4583,737,346,0.4695,786,352,0.4478,False
early&strong,hold_3d,343,157,0.4577,236,104,0.4407,107,53,0.4953,False
ge4&opened,hold_3d,223,102,0.4574,140,60,0.4286,83,42,0.5060,False
ge5,open_up,127,58,0.4567,80,33,0.4125,47,25,0.5319,False
ge3&ge5,open_up,127,58,0.4567,80,33,0.4125,47,25,0.5319,False
ge4&ge5,open_up,127,58,0.4567,80,33,0.4125,47,25,0.5319,False
mid&opened,touch3,1261,575,0.4560,638,290,0.4545,623,285,0.4575,False
strong&suc8,hold_3d,158,72,0.4557,115,51,0.4435,43,21,0.4884,False
mid&suc8,hold_3d,731,333,0.4555,360,150,0.4167,371,183,0.4933,False
strong,hold_3d,382,174,0.4555,263,116,0.4411,119,58,0.4874,False
tn5&opened,hold_touch3,773,352,0.4554,380,175,0.4605,393,177,0.4504,False
intact&suc8,hold_3d,534,243,0.4551,290,126,0.4345,244,117,0.4795,False
tn5,open_up,1090,496,0.4550,519,208,0.4008,571,288,0.5044,False
tn5&absent,touch3,421,191,0.4537,192,81,0.4219,229,110,0.4803,False
ge4&absent,hold_3d,97,44,0.4536,64,25,0.3906,33,19,0.5758,False
ge3&early,open_up,545,247,0.4532,313,143,0.4569,232,104,0.4483,False
eq3&tn8,open_zt3,111,50,0.4505,53,22,0.4151,58,28,0.4828,False
tn5&newh,open_up,111,50,0.4505,33,15,0.4545,78,35,0.4487,False
tn8&opened,hold_touch3,484,218,0.4504,235,103,0.4383,249,115,0.4618,False
ge4&tn8,open_up,89,40,0.4494,52,23,0.4423,37,17,0.4595,False
ge5&early,open_up,107,48,0.4486,62,25,0.4032,45,23,0.5111,False
ge4&newh,open_up,145,65,0.4483,68,29,0.4265,77,36,0.4675,False
tn8&mid,touch3,616,276,0.4481,281,117,0.4164,335,159,0.4746,False
early,zt3,1628,729,0.4478,852,405,0.4754,776,324,0.4175,False
early&suc8,zt3,662,296,0.4471,354,164,0.4633,308,132,0.4286,False
ge4&early,open_up,251,112,0.4462,150,63,0.4200,101,49,0.4851,False
ge5&intact,open_up,92,41,0.4457,55,22,0.4000,37,19,0.5135,False
eq3&suc8,open_up,167,74,0.4431,89,42,0.4719,78,32,0.4103,False
eq3&tn5,open_up,174,77,0.4425,82,38,0.4634,92,39,0.4239,False
tn5&opened,touch3,746,330,0.4424,361,160,0.4432,385,170,0.4416,False
ge5&early&intact,open_up,77,34,0.4416,41,16,0.3902,36,18,0.5000,False
eq2,touch3,1470,649,0.4415,704,314,0.4460,766,335,0.4373,False
tn8&suc8,touch3,281,124,0.4413,129,57,0.4419,152,67,0.4408,False
early&tn5,zt3,818,360,0.4401,402,187,0.4652,416,173,0.4159,False
tn5&absent,open_up,421,185,0.4394,192,70,0.3646,229,115,0.5022,False
early&intact,zt3,979,430,0.4392,515,248,0.4816,464,182,0.3922,False
strong&tn8,open_flat,105,46,0.4381,63,25,0.3968,42,21,0.5000,False
eq3&suc8,open_zt3,167,73,0.4371,89,37,0.4157,78,36,0.4615,False
early&absent,open_zt3,620,271,0.4371,319,140,0.4389,301,131,0.4352,False
early&opened,zt3,1180,514,0.4356,638,294,0.4608,542,220,0.4059,False
strong05,zt3,83,36,0.4337,75,32,0.4267,8,4,0.5000,False
early&tn8,open_up,488,211,0.4324,238,94,0.3950,250,117,0.4680,False
strong&mid,hold_3d,303,131,0.4323,208,89,0.4279,95,42,0.4421,False
tn8&absent,touch3,266,115,0.4323,122,44,0.3607,144,71,0.4931,False
tn8&opened,touch3,465,201,0.4323,223,93,0.4170,242,108,0.4463,False
amt_mid,hold_3d,398,172,0.4322,163,67,0.4110,235,105,0.4468,False
absent&suc8,zt3,362,156,0.4309,174,77,0.4425,188,79,0.4202,False
ge3&tn5,open_up,325,140,0.4308,168,70,0.4167,157,70,0.4459,False
early&tn8,zt3,521,224,0.4299,259,111,0.4286,262,113,0.4313,False
drop,zt3,575,247,0.4296,278,124,0.4460,297,123,0.4141,False
early&tn5,open_up,773,332,0.4295,370,149,0.4027,403,183,0.4541,False
strong&absent,hold_3d,156,67,0.4295,108,47,0.4352,48,20,0.4167,False
eq3&early&tn5,open_up,138,59,0.4275,70,32,0.4571,68,27,0.3971,False
strong&intact,open_up,220,94,0.4273,143,68,0.4755,77,26,0.3377,False
early&mid,zt3,1365,583,0.4271,694,320,0.4611,671,263,0.3920,False
amt_mid,open_zt3,378,161,0.4259,146,74,0.5068,232,87,0.3750,False
early&suc8,open_zt3,634,270,0.4259,334,146,0.4371,300,124,0.4133,False
early,open_zt3,1557,663,0.4258,803,358,0.4458,754,305,0.4045,False
strong05,open_up,80,34,0.4250,72,32,0.4444,8,2,0.2500,False
ge5&tn5,open_up,66,28,0.4242,41,16,0.3902,25,12,0.4800,False
strong&opened,open_up,184,78,0.4239,133,59,0.4436,51,19,0.3725,False
ge4&intact&tn5,open_up,104,44,0.4231,56,20,0.3571,48,24,0.5000,False
strong&mid,open_up,286,120,0.4196,190,88,0.4632,96,32,0.3333,False
early&opened,open_zt3,1142,479,0.4194,611,268,0.4386,531,211,0.3974,False
early&intact,open_zt3,937,392,0.4184,484,218,0.4504,453,174,0.3841,False
ge4&tn5,open_up,151,63,0.4172,86,32,0.3721,65,31,0.4769,False
unopened,zt3,700,292,0.4171,334,149,0.4461,366,143,0.3907,False
intact,zt3,1319,548,0.4155,689,308,0.4470,630,240,0.3810,False
unopened,open_up,658,272,0.4134,308,126,0.4091,350,146,0.4171,False
tn5&absent,zt3,443,183,0.4131,202,82,0.4059,241,101,0.4191,False
opened&suc8,zt3,625,258,0.4128,330,142,0.4303,295,116,0.3932,False
amt_mid,open_up,378,156,0.4127,146,63,0.4315,232,93,0.4009,False
strong05,open_zt3,80,33,0.4125,72,29,0.4028,8,4,0.5000,False
ALL_ny,zt3,2225,915,0.4112,1139,494,0.4337,1086,421,0.3877,False
tn5,zt3,1145,470,0.4105,557,237,0.4255,588,233,0.3963,False
intact&opened,zt3,916,376,0.4105,494,221,0.4474,422,155,0.3673,False
tn8&intact,zt3,463,190,0.4104,230,97,0.4217,233,93,0.3991,False
tn5&intact,zt3,702,287,0.4088,355,155,0.4366,347,132,0.3804,False
opened,zt3,1525,623,0.4085,805,345,0.4286,720,278,0.3861,False
suc8,zt3,909,371,0.4081,470,196,0.4170,439,175,0.3986,False
early&tn5,open_zt3,773,315,0.4075,370,155,0.4189,403,160,0.3970,False
drop,open_zt3,551,224,0.4065,265,112,0.4226,286,112,0.3916,False
absent&suc8,open_zt3,345,140,0.4058,167,71,0.4251,178,69,0.3876,False
tn8,zt3,742,301,0.4057,356,142,0.3989,386,159,0.4119,False
tn5&tn8,zt3,742,301,0.4057,356,142,0.3989,386,159,0.4119,False
absent&opened,zt3,609,247,0.4056,311,124,0.3987,298,123,0.4128,False
tn5&suc8,zt3,476,193,0.4055,237,100,0.4219,239,93,0.3891,False
absent,zt3,906,367,0.4051,450,186,0.4133,456,181,0.3969,False
eq3&strong,open_up,79,32,0.4051,49,23,0.4694,30,9,0.3000,False
strong,open_up,361,146,0.4044,243,106,0.4362,118,40,0.3390,False
early&mid,open_zt3,1306,528,0.4043,653,280,0.4288,653,248,0.3798,False
opened&suc8,open_zt3,610,244,0.4000,319,132,0.4138,291,112,0.3849,False
ge5&strong&tn5,open_up,20,8,0.4000,12,3,0.2500,8,5,0.6250,False
intact&opened,open_zt3,891,355,0.3984,474,203,0.4283,417,152,0.3645,False
intact,open_zt3,1271,506,0.3981,653,275,0.4211,618,231,0.3738,False
tn8&absent,zt3,279,111,0.3978,126,45,0.3571,153,66,0.4314,False
strong05,hold_touch3,83,33,0.3976,75,30,0.4000,8,3,0.3750,False
strong05,hold_close,83,33,0.3976,75,29,0.3867,8,4,0.5000,False
strong05,hold_flat,83,33,0.3976,75,29,0.3867,8,4,0.5000,False
strong05,maxc3,83,33,0.3976,75,29,0.3867,8,4,0.5000,False
opened,open_zt3,1484,586,0.3949,776,318,0.4098,708,268,0.3785,False
tn5&mid,zt3,984,388,0.3943,465,189,0.4065,519,199,0.3834,False
intact&mid,zt3,1105,435,0.3937,563,242,0.4298,542,193,0.3561,False
intact&suc8,zt3,547,215,0.3931,296,119,0.4020,251,96,0.3825,False
tn5&opened,zt3,774,304,0.3928,381,159,0.4173,393,145,0.3690,False
mid,zt3,1911,749,0.3919,947,392,0.4139,964,357,0.3703,False
ALL_ny,open_zt3,2142,839,0.3917,1084,443,0.4087,1058,396,0.3743,False
early&tn8,open_zt3,488,191,0.3914,238,90,0.3782,250,101,0.4040,False
mid&opened,zt3,1293,505,0.3906,660,270,0.4091,633,235,0.3712,False
absent&mid,zt3,806,314,0.3896,384,150,0.3906,422,164,0.3886,False
early&strong,open_up,326,127,0.3896,218,91,0.4174,108,36,0.3333,False
absent&opened,open_zt3,593,231,0.3895,302,115,0.3808,291,116,0.3986,False
strong&suc8,open_up,144,56,0.3889,105,43,0.4095,39,13,0.3333,False
suc8,open_zt3,872,337,0.3865,447,176,0.3937,425,161,0.3788,False
tn8&opened,zt3,485,187,0.3856,236,92,0.3898,249,95,0.3815,False
unopened,open_zt3,658,253,0.3845,308,125,0.4058,350,128,0.3657,False
tn8&mid,zt3,644,247,0.3835,299,111,0.3712,345,136,0.3942,False
strong&opened,hold_3d,188,72,0.3830,141,51,0.3617,47,21,0.4468,False
tn5&intact,open_zt3,669,256,0.3827,327,129,0.3945,342,127,0.3713,False
tn5,open_zt3,1090,417,0.3826,519,201,0.3873,571,216,0.3783,False
tn5&absent,open_zt3,421,161,0.3824,192,72,0.3750,229,89,0.3886,False
absent,open_zt3,871,333,0.3823,431,168,0.3898,440,165,0.3750,False
tn8&intact,open_zt3,439,167,0.3804,211,79,0.3744,228,88,0.3860,False
mid&tn8&intact,zt3,397,151,0.3804,196,76,0.3878,201,75,0.3731,False
strong&newh,open_up,37,14,0.3784,16,5,0.3125,21,9,0.4286,False
mid&opened,open_zt3,1261,475,0.3767,638,248,0.3887,623,227,0.3644,False
ge3&strong,open_up,154,58,0.3766,102,41,0.4020,52,17,0.3269,False
tn8,open_zt3,705,265,0.3759,333,120,0.3604,372,145,0.3898,False
tn5&tn8,open_zt3,705,265,0.3759,333,120,0.3604,372,145,0.3898,False
intact&mid,open_zt3,1067,401,0.3758,535,215,0.4019,532,186,0.3496,False
ge3&intact&strong,open_up,96,36,0.3750,61,25,0.4098,35,11,0.3143,False
strong05,touch3,80,30,0.3750,72,27,0.3750,8,3,0.3750,False
intact&suc8,open_zt3,527,197,0.3738,280,105,0.3750,247,92,0.3725,False
mid&suc8,zt3,744,278,0.3737,366,137,0.3743,378,141,0.3730,False
tn5&suc8,open_zt3,449,167,0.3719,218,82,0.3761,231,85,0.3680,False
mid,open_zt3,1842,685,0.3719,902,349,0.3869,940,336,0.3574,False
tn5&opened,open_zt3,746,277,0.3713,361,140,0.3878,385,137,0.3558,False
strong&absent,open_up,141,52,0.3688,100,38,0.3800,41,14,0.3415,False
ge3&early&strong,open_up,141,52,0.3688,92,36,0.3913,49,16,0.3265,False
tn8&absent,open_zt3,266,98,0.3684,122,41,0.3361,144,57,0.3958,False
eq2,zt3,1526,562,0.3683,739,291,0.3938,787,271,0.3443,False
tn8&suc8,zt3,299,110,0.3679,141,53,0.3759,158,57,0.3608,False
absent&mid,open_zt3,775,284,0.3665,367,134,0.3651,408,150,0.3676,False
tn5&mid,open_zt3,939,344,0.3663,433,158,0.3649,506,186,0.3676,False
ge4&strong&tn5,open_up,41,15,0.3659,26,8,0.3077,15,7,0.4667,False
tn8&opened,open_zt3,465,168,0.3613,223,80,0.3587,242,88,0.3636,False
tn8&mid,open_zt3,616,219,0.3555,281,93,0.3310,335,126,0.3761,False
mid&suc8,open_zt3,717,253,0.3529,351,124,0.3533,366,129,0.3525,False
ge3&strong&tn5,open_up,71,25,0.3521,37,12,0.3243,34,13,0.3824,False
mid&tn8&intact,open_zt3,379,133,0.3509,181,61,0.3370,198,72,0.3636,False
eq2,open_zt3,1470,511,0.3476,704,258,0.3665,766,253,0.3303,False
ge4&early&strong,open_up,72,25,0.3472,50,17,0.3400,22,8,0.3636,False
ge4&strong,open_up,75,26,0.3467,53,18,0.3396,22,8,0.3636,False
tn8&suc8,open_zt3,281,92,0.3274,129,41,0.3178,152,51,0.3355,False
strong&tn5,open_up,163,51,0.3129,93,28,0.3011,70,23,0.3286,False
ge5&strong,open_up,30,9,0.3000,18,3,0.1667,12,6,0.5000,False
strong&tn8,open_up,105,28,0.2667,63,15,0.2381,42,13,0.3095,False
strong05,hold_3d,81,15,0.1852,75,14,0.1867,6,1,0.1667,False
