event,outcome,lookahead_sel,n,wins,rate,n_sel,h1_n,h1_w,h1,h2_n,h2_w,h2,claim,desc
ALL_non_yizi_t,zt_3d,False,2225,915,0.4112,2225,1139,494,0.4337,1086,421,0.3877,False,"in zt_pool t+1/t+2/t+3 (membership, not a fill)"
ALL_non_yizi_t,hold_then_zt3,False,2225,915,0.4112,2225,1139,494,0.4337,1086,421,0.3877,False,"non-yizi t AND zt_3d (entry at t, membership win)"
ALL_non_yizi_t,cons_not_lose,False,2225,789,0.3546,2225,1139,433,0.3802,1086,356,0.3278,False,zt_next OR (zha and change_rate>0); absent=loss
ALL_non_yizi_t,print_not_lose,False,868,789,0.9090,2225,477,433,0.9078,391,356,0.9105,True,among zt-or-zha prints only: not lose vs t close
ALL_non_yizi_t,hold_close,False,2218,1200,0.5410,2225,1135,592,0.5216,1083,608,0.5614,False,"buy t close, t+1 close > t close (needs bar)"
ALL_non_yizi_t,hold_not_lose,False,2218,1220,0.5500,2225,1135,597,0.5260,1083,623,0.5753,False,"buy t close, t+1 close >= t close"
ALL_non_yizi_t,hold_touch3,False,2220,1122,0.5054,2225,1135,585,0.5154,1085,537,0.4949,False,"buy t close, any of t+1..t+3 high touches limit"
ALL_non_yizi_t,open_follow,False,2142,1008,0.4706,2225,1084,492,0.4539,1058,516,0.4877,False,"buy t+1 open if not yizi-open, t+1 close > open"
ALL_non_yizi_t,open_follow_flat,False,2142,1131,0.5280,2225,1084,565,0.5212,1058,566,0.5350,False,"buy t+1 open if not yizi-open, close >= open"
ALL_non_yizi_t,open_then_zt3,False,2142,839,0.3917,2225,1084,443,0.4087,1058,396,0.3743,False,"buy t+1 open if not yizi-open, then zt within 3d"
ALL_non_yizi_t,touch3,False,2142,1051,0.4907,2225,1084,538,0.4963,1058,513,0.4849,False,"buy t+1 open if not yizi-open, 3d high touches limit"
ALL_non_yizi_t,tradable_zt,False,2225,2225,1.0000,2225,1139,1139,1.0000,1086,1086,1.0000,True,"next-day tradable zt (old ceiling, baseline only)"
ALL_non_yizi_t,hold_3d,False,2185,1044,0.4778,2225,1126,500,0.4440,1059,544,0.5137,False,"buy t close, t+3 close > t close"
ALL_non_yizi_t,open_3d,False,2110,954,0.4521,2225,1077,451,0.4188,1033,503,0.4869,False,"buy t+1 open if not yizi-open, t+3 close > open"
ALL_non_yizi_t,maxclose3,False,2220,1477,0.6653,2225,1135,726,0.6396,1085,751,0.6922,False,"buy t close, max(t+1..t+3 close) > t close"
non_yizi_2,zt_3d,False,1526,562,0.3683,1526,739,291,0.3938,787,271,0.3443,False,"in zt_pool t+1/t+2/t+3 (membership, not a fill)"
non_yizi_2,hold_then_zt3,False,1526,562,0.3683,1526,739,291,0.3938,787,271,0.3443,False,"non-yizi t AND zt_3d (entry at t, membership win)"
non_yizi_2,cons_not_lose,False,1526,476,0.3119,1526,739,250,0.3383,787,226,0.2872,False,zt_next OR (zha and change_rate>0); absent=loss
non_yizi_2,print_not_lose,False,513,476,0.9279,1526,267,250,0.9363,246,226,0.9187,True,among zt-or-zha prints only: not lose vs t close
non_yizi_2,hold_close,False,1521,803,0.5279,1526,737,376,0.5102,784,427,0.5446,False,"buy t close, t+1 close > t close (needs bar)"
non_yizi_2,hold_not_lose,False,1521,819,0.5385,1526,737,380,0.5156,784,439,0.5599,False,"buy t close, t+1 close >= t close"
non_yizi_2,hold_touch3,False,1523,698,0.4583,1526,737,346,0.4695,786,352,0.4478,False,"buy t close, any of t+1..t+3 high touches limit"
non_yizi_2,open_follow,False,1470,696,0.4735,1526,704,317,0.4503,766,379,0.4948,False,"buy t+1 open if not yizi-open, t+1 close > open"
non_yizi_2,open_follow_flat,False,1470,753,0.5122,1526,704,350,0.4972,766,403,0.5261,False,"buy t+1 open if not yizi-open, close >= open"
non_yizi_2,open_then_zt3,False,1470,511,0.3476,1526,704,258,0.3665,766,253,0.3303,False,"buy t+1 open if not yizi-open, then zt within 3d"
non_yizi_2,touch3,False,1470,649,0.4415,1526,704,314,0.4460,766,335,0.4373,False,"buy t+1 open if not yizi-open, 3d high touches limit"
non_yizi_2,tradable_zt,False,1526,1526,1.0000,1526,739,739,1.0000,787,787,1.0000,True,"next-day tradable zt (old ceiling, baseline only)"
non_yizi_2,hold_3d,False,1502,704,0.4687,1526,733,317,0.4325,769,387,0.5033,False,"buy t close, t+3 close > t close"
non_yizi_2,open_3d,False,1451,663,0.4569,1526,701,292,0.4165,750,371,0.4947,False,"buy t+1 open if not yizi-open, t+3 close > open"
non_yizi_2,maxclose3,False,1523,1002,0.6579,1526,737,470,0.6377,786,532,0.6768,False,"buy t close, max(t+1..t+3 close) > t close"
non_yizi_3,zt_3d,False,385,187,0.4857,385,208,101,0.4856,177,86,0.4859,False,"in zt_pool t+1/t+2/t+3 (membership, not a fill)"
non_yizi_3,hold_then_zt3,False,385,187,0.4857,385,208,101,0.4856,177,86,0.4859,False,"non-yizi t AND zt_3d (entry at t, membership win)"
non_yizi_3,cons_not_lose,False,385,169,0.4390,385,208,94,0.4519,177,75,0.4237,False,zt_next OR (zha and change_rate>0); absent=loss
non_yizi_3,print_not_lose,False,195,169,0.8667,385,112,94,0.8393,83,75,0.9036,False,among zt-or-zha prints only: not lose vs t close
non_yizi_3,hold_close,False,385,215,0.5584,385,208,112,0.5385,177,103,0.5819,False,"buy t close, t+1 close > t close (needs bar)"
non_yizi_3,hold_not_lose,False,385,216,0.5610,385,208,112,0.5385,177,104,0.5876,False,"buy t close, t+1 close >= t close"
non_yizi_3,hold_touch3,False,385,229,0.5948,385,208,121,0.5817,177,108,0.6102,False,"buy t close, any of t+1..t+3 high touches limit"
non_yizi_3,open_follow,False,372,173,0.4651,385,198,95,0.4798,174,78,0.4483,False,"buy t+1 open if not yizi-open, t+1 close > open"
non_yizi_3,open_follow_flat,False,372,202,0.5430,385,198,112,0.5657,174,90,0.5172,False,"buy t+1 open if not yizi-open, close >= open"
non_yizi_3,open_then_zt3,False,372,174,0.4677,385,198,91,0.4596,174,83,0.4770,False,"buy t+1 open if not yizi-open, then zt within 3d"
non_yizi_3,touch3,False,372,218,0.5860,385,198,113,0.5707,174,105,0.6034,False,"buy t+1 open if not yizi-open, 3d high touches limit"
non_yizi_3,tradable_zt,False,385,385,1.0000,385,208,208,1.0000,177,177,1.0000,True,"next-day tradable zt (old ceiling, baseline only)"
non_yizi_3,hold_3d,False,379,189,0.4987,385,207,96,0.4638,172,93,0.5407,False,"buy t close, t+3 close > t close"
non_yizi_3,open_3d,False,366,162,0.4426,385,197,81,0.4112,169,81,0.4793,False,"buy t+1 open if not yizi-open, t+3 close > open"
non_yizi_3,maxclose3,False,385,261,0.6779,385,208,132,0.6346,177,129,0.7288,False,"buy t close, max(t+1..t+3 close) > t close"
non_yizi_4,zt_3d,False,179,90,0.5028,179,105,54,0.5143,74,36,0.4865,False,"in zt_pool t+1/t+2/t+3 (membership, not a fill)"
non_yizi_4,hold_then_zt3,False,179,90,0.5028,179,105,54,0.5143,74,36,0.4865,False,"non-yizi t AND zt_3d (entry at t, membership win)"
non_yizi_4,cons_not_lose,False,179,78,0.4358,179,105,48,0.4571,74,30,0.4054,False,zt_next OR (zha and change_rate>0); absent=loss
non_yizi_4,print_not_lose,False,88,78,0.8864,179,54,48,0.8889,34,30,0.8824,False,among zt-or-zha prints only: not lose vs t close
non_yizi_4,hold_close,False,179,106,0.5922,179,105,58,0.5524,74,48,0.6486,False,"buy t close, t+1 close > t close (needs bar)"
non_yizi_4,hold_not_lose,False,179,107,0.5978,179,105,58,0.5524,74,49,0.6622,False,"buy t close, t+1 close >= t close"
non_yizi_4,hold_touch3,False,179,111,0.6201,179,105,68,0.6476,74,43,0.5811,False,"buy t close, any of t+1..t+3 high touches limit"
non_yizi_4,open_follow,False,173,81,0.4682,179,102,47,0.4608,71,34,0.4789,False,"buy t+1 open if not yizi-open, t+1 close > open"
non_yizi_4,open_follow_flat,False,173,99,0.5723,179,102,56,0.5490,71,43,0.6056,False,"buy t+1 open if not yizi-open, close >= open"
non_yizi_4,open_then_zt3,False,173,84,0.4855,179,102,51,0.5000,71,33,0.4648,False,"buy t+1 open if not yizi-open, then zt within 3d"
non_yizi_4,touch3,False,173,105,0.6069,179,102,65,0.6373,71,40,0.5634,False,"buy t+1 open if not yizi-open, 3d high touches limit"
non_yizi_4,tradable_zt,False,179,179,1.0000,179,105,105,1.0000,74,74,1.0000,True,"next-day tradable zt (old ceiling, baseline only)"
non_yizi_4,hold_3d,False,176,80,0.4545,179,103,43,0.4175,73,37,0.5068,False,"buy t close, t+3 close > t close"
non_yizi_4,open_3d,False,170,72,0.4235,179,100,41,0.4100,70,31,0.4429,False,"buy t+1 open if not yizi-open, t+3 close > open"
non_yizi_4,maxclose3,False,179,125,0.6983,179,105,71,0.6762,74,54,0.7297,False,"buy t close, max(t+1..t+3 close) > t close"
non_yizi_5p,zt_3d,False,135,76,0.5630,135,87,48,0.5517,48,28,0.5833,False,"in zt_pool t+1/t+2/t+3 (membership, not a fill)"
non_yizi_5p,hold_then_zt3,False,135,76,0.5630,135,87,48,0.5517,48,28,0.5833,False,"non-yizi t AND zt_3d (entry at t, membership win)"
non_yizi_5p,cons_not_lose,False,135,66,0.4889,135,87,41,0.4713,48,25,0.5208,False,zt_next OR (zha and change_rate>0); absent=loss
non_yizi_5p,print_not_lose,False,72,66,0.9167,135,44,41,0.9318,28,25,0.8929,False,among zt-or-zha prints only: not lose vs t close
non_yizi_5p,hold_close,False,133,76,0.5714,135,85,46,0.5412,48,30,0.6250,False,"buy t close, t+1 close > t close (needs bar)"
non_yizi_5p,hold_not_lose,False,133,78,0.5865,135,85,47,0.5529,48,31,0.6458,False,"buy t close, t+1 close >= t close"
non_yizi_5p,hold_touch3,False,133,84,0.6316,135,85,50,0.5882,48,34,0.7083,False,"buy t close, any of t+1..t+3 high touches limit"
non_yizi_5p,open_follow,False,127,58,0.4567,135,80,33,0.4125,47,25,0.5319,False,"buy t+1 open if not yizi-open, t+1 close > open"
non_yizi_5p,open_follow_flat,False,127,77,0.6063,135,80,47,0.5875,47,30,0.6383,False,"buy t+1 open if not yizi-open, close >= open"
non_yizi_5p,open_then_zt3,False,127,70,0.5512,135,80,43,0.5375,47,27,0.5745,False,"buy t+1 open if not yizi-open, then zt within 3d"
non_yizi_5p,touch3,False,127,79,0.6220,135,80,46,0.5750,47,33,0.7021,False,"buy t+1 open if not yizi-open, 3d high touches limit"
non_yizi_5p,tradable_zt,False,135,135,1.0000,135,87,87,1.0000,48,48,1.0000,True,"next-day tradable zt (old ceiling, baseline only)"
non_yizi_5p,hold_3d,False,128,71,0.5547,135,83,44,0.5301,45,27,0.6000,False,"buy t close, t+3 close > t close"
non_yizi_5p,open_3d,False,123,57,0.4634,135,79,37,0.4684,44,20,0.4545,False,"buy t+1 open if not yizi-open, t+3 close > open"
non_yizi_5p,maxclose3,False,133,89,0.6692,135,85,53,0.6235,48,36,0.7500,False,"buy t close, max(t+1..t+3 close) > t close"
non_yizi_mid23,zt_3d,False,1911,749,0.3919,1911,947,392,0.4139,964,357,0.3703,False,"in zt_pool t+1/t+2/t+3 (membership, not a fill)"
non_yizi_mid23,hold_then_zt3,False,1911,749,0.3919,1911,947,392,0.4139,964,357,0.3703,False,"non-yizi t AND zt_3d (entry at t, membership win)"
non_yizi_mid23,cons_not_lose,False,1911,645,0.3375,1911,947,344,0.3633,964,301,0.3122,False,zt_next OR (zha and change_rate>0); absent=loss
non_yizi_mid23,print_not_lose,False,708,645,0.9110,1911,379,344,0.9077,329,301,0.9149,True,among zt-or-zha prints only: not lose vs t close
non_yizi_mid23,hold_close,False,1906,1018,0.5341,1911,945,488,0.5164,961,530,0.5515,False,"buy t close, t+1 close > t close (needs bar)"
non_yizi_mid23,hold_not_lose,False,1906,1035,0.5430,1911,945,492,0.5206,961,543,0.5650,False,"buy t close, t+1 close >= t close"
non_yizi_mid23,hold_touch3,False,1908,927,0.4858,1911,945,467,0.4942,963,460,0.4777,False,"buy t close, any of t+1..t+3 high touches limit"
non_yizi_mid23,open_follow,False,1842,869,0.4718,1911,902,412,0.4568,940,457,0.4862,False,"buy t+1 open if not yizi-open, t+1 close > open"
non_yizi_mid23,open_follow_flat,False,1842,955,0.5185,1911,902,462,0.5122,940,493,0.5245,False,"buy t+1 open if not yizi-open, close >= open"
non_yizi_mid23,open_then_zt3,False,1842,685,0.3719,1911,902,349,0.3869,940,336,0.3574,False,"buy t+1 open if not yizi-open, then zt within 3d"
non_yizi_mid23,touch3,False,1842,867,0.4707,1911,902,427,0.4734,940,440,0.4681,False,"buy t+1 open if not yizi-open, 3d high touches limit"
non_yizi_mid23,tradable_zt,False,1911,1911,1.0000,1911,947,947,1.0000,964,964,1.0000,True,"next-day tradable zt (old ceiling, baseline only)"
non_yizi_mid23,hold_3d,False,1881,893,0.4747,1911,940,413,0.4394,941,480,0.5101,False,"buy t close, t+3 close > t close"
non_yizi_mid23,open_3d,False,1817,825,0.4540,1911,898,373,0.4154,919,452,0.4918,False,"buy t+1 open if not yizi-open, t+3 close > open"
non_yizi_mid23,maxclose3,False,1908,1263,0.6619,1911,945,602,0.6370,963,661,0.6864,False,"buy t close, max(t+1..t+3 close) > t close"
non_yizi_sub_high,zt_3d,False,347,117,0.3372,347,142,46,0.3239,205,71,0.3463,False,"in zt_pool t+1/t+2/t+3 (membership, not a fill)"
non_yizi_sub_high,hold_then_zt3,False,347,117,0.3372,347,142,46,0.3239,205,71,0.3463,False,"non-yizi t AND zt_3d (entry at t, membership win)"
non_yizi_sub_high,cons_not_lose,False,347,106,0.3055,347,142,39,0.2746,205,67,0.3268,False,zt_next OR (zha and change_rate>0); absent=loss
non_yizi_sub_high,print_not_lose,False,116,106,0.9138,347,46,39,0.8478,70,67,0.9571,False,among zt-or-zha prints only: not lose vs t close
non_yizi_sub_high,hold_close,False,347,159,0.4582,347,142,55,0.3873,205,104,0.5073,False,"buy t close, t+1 close > t close (needs bar)"
non_yizi_sub_high,hold_not_lose,False,347,164,0.4726,347,142,57,0.4014,205,107,0.5220,False,"buy t close, t+1 close >= t close"
non_yizi_sub_high,hold_touch3,False,347,153,0.4409,347,142,55,0.3873,205,98,0.4780,False,"buy t close, any of t+1..t+3 high touches limit"
non_yizi_sub_high,open_follow,False,338,151,0.4467,347,137,50,0.3650,201,101,0.5025,False,"buy t+1 open if not yizi-open, t+1 close > open"
non_yizi_sub_high,open_follow_flat,False,338,165,0.4882,347,137,55,0.4015,201,110,0.5473,False,"buy t+1 open if not yizi-open, close >= open"
non_yizi_sub_high,open_then_zt3,False,338,108,0.3195,347,137,41,0.2993,201,67,0.3333,False,"buy t+1 open if not yizi-open, then zt within 3d"
non_yizi_sub_high,touch3,False,338,145,0.4290,347,137,51,0.3723,201,94,0.4677,False,"buy t+1 open if not yizi-open, 3d high touches limit"
non_yizi_sub_high,tradable_zt,False,347,347,1.0000,347,142,142,1.0000,205,205,1.0000,True,"next-day tradable zt (old ceiling, baseline only)"
non_yizi_sub_high,hold_3d,False,346,147,0.4249,347,141,46,0.3262,205,101,0.4927,False,"buy t close, t+3 close > t close"
non_yizi_sub_high,open_3d,False,337,145,0.4303,347,136,48,0.3529,201,97,0.4826,False,"buy t+1 open if not yizi-open, t+3 close > open"
non_yizi_sub_high,maxclose3,False,347,216,0.6225,347,142,75,0.5282,205,141,0.6878,False,"buy t close, max(t+1..t+3 close) > t close"
non_yizi_new_high,zt_3d,False,225,114,0.5067,225,89,41,0.4607,136,73,0.5368,False,"in zt_pool t+1/t+2/t+3 (membership, not a fill)"
non_yizi_new_high,hold_then_zt3,False,225,114,0.5067,225,89,41,0.4607,136,73,0.5368,False,"non-yizi t AND zt_3d (entry at t, membership win)"
non_yizi_new_high,cons_not_lose,False,225,99,0.4400,225,89,36,0.4045,136,63,0.4632,False,zt_next OR (zha and change_rate>0); absent=loss
non_yizi_new_high,print_not_lose,False,112,99,0.8839,225,40,36,0.9000,72,63,0.8750,False,among zt-or-zha prints only: not lose vs t close
non_yizi_new_high,hold_close,False,223,129,0.5785,225,87,43,0.4943,136,86,0.6324,False,"buy t close, t+1 close > t close (needs bar)"
non_yizi_new_high,hold_not_lose,False,223,132,0.5919,225,87,45,0.5172,136,87,0.6397,False,"buy t close, t+1 close >= t close"
non_yizi_new_high,hold_touch3,False,223,136,0.6099,225,87,50,0.5747,136,86,0.6324,False,"buy t close, any of t+1..t+3 high touches limit"
non_yizi_new_high,open_follow,False,214,103,0.4813,225,84,39,0.4643,130,64,0.4923,False,"buy t+1 open if not yizi-open, t+1 close > open"
non_yizi_new_high,open_follow_flat,False,214,124,0.5794,225,84,48,0.5714,130,76,0.5846,False,"buy t+1 open if not yizi-open, close >= open"
non_yizi_new_high,open_then_zt3,False,214,105,0.4907,225,84,38,0.4524,130,67,0.5154,False,"buy t+1 open if not yizi-open, then zt within 3d"
non_yizi_new_high,touch3,False,214,127,0.5935,225,84,47,0.5595,130,80,0.6154,False,"buy t+1 open if not yizi-open, 3d high touches limit"
non_yizi_new_high,tradable_zt,False,225,225,1.0000,225,89,89,1.0000,136,136,1.0000,True,"next-day tradable zt (old ceiling, baseline only)"
non_yizi_new_high,hold_3d,False,219,110,0.5023,225,86,41,0.4767,133,69,0.5188,False,"buy t close, t+3 close > t close"
non_yizi_new_high,open_3d,False,210,99,0.4714,225,83,42,0.5060,127,57,0.4488,False,"buy t+1 open if not yizi-open, t+3 close > open"
non_yizi_new_high,maxclose3,False,223,154,0.6906,225,87,55,0.6322,136,99,0.7279,False,"buy t close, max(t+1..t+3 close) > t close"
break_all_non_yizi,zt_3d,False,906,367,0.4051,906,450,186,0.4133,456,181,0.3969,False,"in zt_pool t+1/t+2/t+3 (membership, not a fill)"
break_all_non_yizi,hold_then_zt3,False,906,367,0.4051,906,450,186,0.4133,456,181,0.3969,False,"non-yizi t AND zt_3d (entry at t, membership win)"
break_all_non_yizi,cons_not_lose,False,906,304,0.3355,906,450,152,0.3378,456,152,0.3333,False,zt_next OR (zha and change_rate>0); absent=loss
break_all_non_yizi,print_not_lose,False,335,304,0.9075,906,169,152,0.8994,166,152,0.9157,False,among zt-or-zha prints only: not lose vs t close
break_all_non_yizi,hold_close,False,905,462,0.5105,906,449,213,0.4744,456,249,0.5461,False,"buy t close, t+1 close > t close (needs bar)"
break_all_non_yizi,hold_not_lose,False,905,470,0.5193,906,449,216,0.4811,456,254,0.5570,False,"buy t close, t+1 close >= t close"
break_all_non_yizi,hold_touch3,False,905,450,0.4972,906,449,220,0.4900,456,230,0.5044,False,"buy t close, any of t+1..t+3 high touches limit"
break_all_non_yizi,open_follow,False,871,402,0.4615,906,431,176,0.4084,440,226,0.5136,False,"buy t+1 open if not yizi-open, t+1 close > open"
break_all_non_yizi,open_follow_flat,False,871,453,0.5201,906,431,207,0.4803,440,246,0.5591,False,"buy t+1 open if not yizi-open, close >= open"
break_all_non_yizi,open_then_zt3,False,871,333,0.3823,906,431,168,0.3898,440,165,0.3750,False,"buy t+1 open if not yizi-open, then zt within 3d"
break_all_non_yizi,touch3,False,871,418,0.4799,906,431,203,0.4710,440,215,0.4886,False,"buy t+1 open if not yizi-open, 3d high touches limit"
break_all_non_yizi,tradable_zt,False,906,906,1.0000,906,450,450,1.0000,456,456,1.0000,True,"next-day tradable zt (old ceiling, baseline only)"
break_all_non_yizi,hold_3d,False,899,417,0.4638,906,445,186,0.4180,454,231,0.5088,False,"buy t close, t+3 close > t close"
break_all_non_yizi,open_3d,False,866,397,0.4584,906,428,178,0.4159,438,219,0.5000,False,"buy t+1 open if not yizi-open, t+3 close > open"
break_all_non_yizi,maxclose3,False,905,588,0.6497,906,449,275,0.6125,456,313,0.6864,False,"buy t close, max(t+1..t+3 close) > t close"
break_same_theme_non_yizi,zt_3d,False,86,32,0.3721,86,33,14,0.4242,53,18,0.3396,False,"in zt_pool t+1/t+2/t+3 (membership, not a fill)"
break_same_theme_non_yizi,hold_then_zt3,False,86,32,0.3721,86,33,14,0.4242,53,18,0.3396,False,"non-yizi t AND zt_3d (entry at t, membership win)"
break_same_theme_non_yizi,cons_not_lose,False,86,25,0.2907,86,33,10,0.3030,53,15,0.2830,False,zt_next OR (zha and change_rate>0); absent=loss
break_same_theme_non_yizi,print_not_lose,False,27,25,0.9259,86,10,10,1.0000,17,15,0.8824,False,among zt-or-zha prints only: not lose vs t close
break_same_theme_non_yizi,hold_close,False,86,39,0.4535,86,33,15,0.4545,53,24,0.4528,False,"buy t close, t+1 close > t close (needs bar)"
break_same_theme_non_yizi,hold_not_lose,False,86,39,0.4535,86,33,15,0.4545,53,24,0.4528,False,"buy t close, t+1 close >= t close"
break_same_theme_non_yizi,hold_touch3,False,86,36,0.4186,86,33,16,0.4848,53,20,0.3774,False,"buy t close, any of t+1..t+3 high touches limit"
break_same_theme_non_yizi,open_follow,False,83,38,0.4578,86,33,14,0.4242,50,24,0.4800,False,"buy t+1 open if not yizi-open, t+1 close > open"
break_same_theme_non_yizi,open_follow_flat,False,83,45,0.5422,86,33,18,0.5455,50,27,0.5400,False,"buy t+1 open if not yizi-open, close >= open"
break_same_theme_non_yizi,open_then_zt3,False,83,29,0.3494,86,33,14,0.4242,50,15,0.3000,False,"buy t+1 open if not yizi-open, then zt within 3d"
break_same_theme_non_yizi,touch3,False,83,33,0.3976,86,33,16,0.4848,50,17,0.3400,False,"buy t+1 open if not yizi-open, 3d high touches limit"
break_same_theme_non_yizi,tradable_zt,False,86,86,1.0000,86,33,33,1.0000,53,53,1.0000,True,"next-day tradable zt (old ceiling, baseline only)"
break_same_theme_non_yizi,hold_3d,False,86,38,0.4419,86,33,15,0.4545,53,23,0.4340,False,"buy t close, t+3 close > t close"
break_same_theme_non_yizi,open_3d,False,83,37,0.4458,86,33,15,0.4545,50,22,0.4400,False,"buy t+1 open if not yizi-open, t+3 close > open"
break_same_theme_non_yizi,maxclose3,False,86,51,0.5930,86,33,21,0.6364,53,30,0.5660,False,"buy t close, max(t+1..t+3 close) > t close"
break_same_theme_mid23,zt_3d,False,79,29,0.3671,79,27,11,0.4074,52,18,0.3462,False,"in zt_pool t+1/t+2/t+3 (membership, not a fill)"
break_same_theme_mid23,hold_then_zt3,False,79,29,0.3671,79,27,11,0.4074,52,18,0.3462,False,"non-yizi t AND zt_3d (entry at t, membership win)"
break_same_theme_mid23,cons_not_lose,False,79,23,0.2911,79,27,8,0.2963,52,15,0.2885,False,zt_next OR (zha and change_rate>0); absent=loss
break_same_theme_mid23,print_not_lose,False,25,23,0.9200,79,8,8,1.0000,17,15,0.8824,False,among zt-or-zha prints only: not lose vs t close
break_same_theme_mid23,hold_close,False,79,36,0.4557,79,27,12,0.4444,52,24,0.4615,False,"buy t close, t+1 close > t close (needs bar)"
break_same_theme_mid23,hold_not_lose,False,79,36,0.4557,79,27,12,0.4444,52,24,0.4615,False,"buy t close, t+1 close >= t close"
break_same_theme_mid23,hold_touch3,False,79,32,0.4051,79,27,12,0.4444,52,20,0.3846,False,"buy t close, any of t+1..t+3 high touches limit"
break_same_theme_mid23,open_follow,False,76,35,0.4605,79,27,11,0.4074,49,24,0.4898,False,"buy t+1 open if not yizi-open, t+1 close > open"
break_same_theme_mid23,open_follow_flat,False,76,40,0.5263,79,27,13,0.4815,49,27,0.5510,False,"buy t+1 open if not yizi-open, close >= open"
break_same_theme_mid23,open_then_zt3,False,76,26,0.3421,79,27,11,0.4074,49,15,0.3061,False,"buy t+1 open if not yizi-open, then zt within 3d"
break_same_theme_mid23,touch3,False,76,29,0.3816,79,27,12,0.4444,49,17,0.3469,False,"buy t+1 open if not yizi-open, 3d high touches limit"
break_same_theme_mid23,tradable_zt,False,79,79,1.0000,79,27,27,1.0000,52,52,1.0000,True,"next-day tradable zt (old ceiling, baseline only)"
break_same_theme_mid23,hold_3d,False,79,36,0.4557,79,27,13,0.4815,52,23,0.4423,False,"buy t close, t+3 close > t close"
break_same_theme_mid23,open_3d,False,76,34,0.4474,79,27,12,0.4444,49,22,0.4490,False,"buy t+1 open if not yizi-open, t+3 close > open"
break_same_theme_mid23,maxclose3,False,79,48,0.6076,79,27,18,0.6667,52,30,0.5769,False,"buy t close, max(t+1..t+3 close) > t close"
break_same_theme_2,zt_3d,False,66,22,0.3333,66,24,9,0.3750,42,13,0.3095,False,"in zt_pool t+1/t+2/t+3 (membership, not a fill)"
break_same_theme_2,hold_then_zt3,False,66,22,0.3333,66,24,9,0.3750,42,13,0.3095,False,"non-yizi t AND zt_3d (entry at t, membership win)"
break_same_theme_2,cons_not_lose,False,66,17,0.2576,66,24,7,0.2917,42,10,0.2381,False,zt_next OR (zha and change_rate>0); absent=loss
break_same_theme_2,print_not_lose,False,18,17,0.9444,66,7,7,1.0000,11,10,0.9091,False,among zt-or-zha prints only: not lose vs t close
break_same_theme_2,hold_close,False,66,30,0.4545,66,24,11,0.4583,42,19,0.4524,False,"buy t close, t+1 close > t close (needs bar)"
break_same_theme_2,hold_not_lose,False,66,30,0.4545,66,24,11,0.4583,42,19,0.4524,False,"buy t close, t+1 close >= t close"
break_same_theme_2,hold_touch3,False,66,24,0.3636,66,24,10,0.4167,42,14,0.3333,False,"buy t close, any of t+1..t+3 high touches limit"
break_same_theme_2,open_follow,False,64,30,0.4688,66,24,10,0.4167,40,20,0.5000,False,"buy t+1 open if not yizi-open, t+1 close > open"
break_same_theme_2,open_follow_flat,False,64,34,0.5312,66,24,12,0.5000,40,22,0.5500,False,"buy t+1 open if not yizi-open, close >= open"
break_same_theme_2,open_then_zt3,False,64,20,0.3125,66,24,9,0.3750,40,11,0.2750,False,"buy t+1 open if not yizi-open, then zt within 3d"
break_same_theme_2,touch3,False,64,22,0.3438,66,24,10,0.4167,40,12,0.3000,False,"buy t+1 open if not yizi-open, 3d high touches limit"
break_same_theme_2,tradable_zt,False,66,66,1.0000,66,24,24,1.0000,42,42,1.0000,True,"next-day tradable zt (old ceiling, baseline only)"
break_same_theme_2,hold_3d,False,66,29,0.4394,66,24,11,0.4583,42,18,0.4286,False,"buy t close, t+3 close > t close"
break_same_theme_2,open_3d,False,64,28,0.4375,66,24,10,0.4167,40,18,0.4500,False,"buy t+1 open if not yizi-open, t+3 close > open"
break_same_theme_2,maxclose3,False,66,41,0.6212,66,24,16,0.6667,42,25,0.5952,False,"buy t close, max(t+1..t+3 close) > t close"
break_same_theme_3,zt_3d,False,13,7,0.5385,13,3,2,0.6667,10,5,0.5000,False,"in zt_pool t+1/t+2/t+3 (membership, not a fill)"
break_same_theme_3,hold_then_zt3,False,13,7,0.5385,13,3,2,0.6667,10,5,0.5000,False,"non-yizi t AND zt_3d (entry at t, membership win)"
break_same_theme_3,cons_not_lose,False,13,6,0.4615,13,3,1,0.3333,10,5,0.5000,False,zt_next OR (zha and change_rate>0); absent=loss
break_same_theme_3,print_not_lose,False,7,6,0.8571,13,1,1,1.0000,6,5,0.8333,False,among zt-or-zha prints only: not lose vs t close
break_same_theme_3,hold_close,False,13,6,0.4615,13,3,1,0.3333,10,5,0.5000,False,"buy t close, t+1 close > t close (needs bar)"
break_same_theme_3,hold_not_lose,False,13,6,0.4615,13,3,1,0.3333,10,5,0.5000,False,"buy t close, t+1 close >= t close"
break_same_theme_3,hold_touch3,False,13,8,0.6154,13,3,2,0.6667,10,6,0.6000,False,"buy t close, any of t+1..t+3 high touches limit"
break_same_theme_3,open_follow,False,12,5,0.4167,13,3,1,0.3333,9,4,0.4444,False,"buy t+1 open if not yizi-open, t+1 close > open"
break_same_theme_3,open_follow_flat,False,12,6,0.5000,13,3,1,0.3333,9,5,0.5556,False,"buy t+1 open if not yizi-open, close >= open"
break_same_theme_3,open_then_zt3,False,12,6,0.5000,13,3,2,0.6667,9,4,0.4444,False,"buy t+1 open if not yizi-open, then zt within 3d"
break_same_theme_3,touch3,False,12,7,0.5833,13,3,2,0.6667,9,5,0.5556,False,"buy t+1 open if not yizi-open, 3d high touches limit"
break_same_theme_3,tradable_zt,False,13,13,1.0000,13,3,3,1.0000,10,10,1.0000,False,"next-day tradable zt (old ceiling, baseline only)"
break_same_theme_3,hold_3d,False,13,7,0.5385,13,3,2,0.6667,10,5,0.5000,False,"buy t close, t+3 close > t close"
break_same_theme_3,open_3d,False,12,6,0.5000,13,3,2,0.6667,9,4,0.4444,False,"buy t+1 open if not yizi-open, t+3 close > open"
break_same_theme_3,maxclose3,False,13,7,0.5385,13,3,2,0.6667,10,5,0.5000,False,"buy t close, max(t+1..t+3 close) > t close"
break_mid23,zt_3d,False,806,314,0.3896,806,384,150,0.3906,422,164,0.3886,False,"in zt_pool t+1/t+2/t+3 (membership, not a fill)"
break_mid23,hold_then_zt3,False,806,314,0.3896,806,384,150,0.3906,422,164,0.3886,False,"non-yizi t AND zt_3d (entry at t, membership win)"
break_mid23,cons_not_lose,False,806,258,0.3201,806,384,121,0.3151,422,137,0.3246,False,zt_next OR (zha and change_rate>0); absent=loss
break_mid23,print_not_lose,False,287,258,0.8990,806,137,121,0.8832,150,137,0.9133,False,among zt-or-zha prints only: not lose vs t close
break_mid23,hold_close,False,805,401,0.4981,806,383,176,0.4595,422,225,0.5332,False,"buy t close, t+1 close > t close (needs bar)"
break_mid23,hold_not_lose,False,805,408,0.5068,806,383,179,0.4674,422,229,0.5427,False,"buy t close, t+1 close >= t close"
break_mid23,hold_touch3,False,805,389,0.4832,806,383,179,0.4674,422,210,0.4976,False,"buy t close, any of t+1..t+3 high touches limit"
break_mid23,open_follow,False,775,357,0.4606,806,367,146,0.3978,408,211,0.5172,False,"buy t+1 open if not yizi-open, t+1 close > open"
break_mid23,open_follow_flat,False,775,393,0.5071,806,367,168,0.4578,408,225,0.5515,False,"buy t+1 open if not yizi-open, close >= open"
break_mid23,open_then_zt3,False,775,284,0.3665,806,367,134,0.3651,408,150,0.3676,False,"buy t+1 open if not yizi-open, then zt within 3d"
break_mid23,touch3,False,775,361,0.4658,806,367,164,0.4469,408,197,0.4828,False,"buy t+1 open if not yizi-open, 3d high touches limit"
break_mid23,tradable_zt,False,806,806,1.0000,806,384,384,1.0000,422,422,1.0000,True,"next-day tradable zt (old ceiling, baseline only)"
break_mid23,hold_3d,False,802,373,0.4651,806,381,161,0.4226,421,212,0.5036,False,"buy t close, t+3 close > t close"
break_mid23,open_3d,False,773,355,0.4592,806,366,153,0.4180,407,202,0.4963,False,"buy t+1 open if not yizi-open, t+3 close > open"
break_mid23,maxclose3,False,805,516,0.6410,806,383,230,0.6005,422,286,0.6777,False,"buy t close, max(t+1..t+3 close) > t close"
break_new_high_non_yizi,zt_3d,False,123,64,0.5203,123,44,21,0.4773,79,43,0.5443,False,"in zt_pool t+1/t+2/t+3 (membership, not a fill)"
break_new_high_non_yizi,hold_then_zt3,False,123,64,0.5203,123,44,21,0.4773,79,43,0.5443,False,"non-yizi t AND zt_3d (entry at t, membership win)"
break_new_high_non_yizi,cons_not_lose,False,123,52,0.4228,123,44,17,0.3864,79,35,0.4430,False,zt_next OR (zha and change_rate>0); absent=loss
break_new_high_non_yizi,print_not_lose,False,56,52,0.9286,123,18,17,0.9444,38,35,0.9211,True,among zt-or-zha prints only: not lose vs t close
break_new_high_non_yizi,hold_close,False,123,73,0.5935,123,44,22,0.5000,79,51,0.6456,False,"buy t close, t+1 close > t close (needs bar)"
break_new_high_non_yizi,hold_not_lose,False,123,75,0.6098,123,44,23,0.5227,79,52,0.6582,False,"buy t close, t+1 close >= t close"
break_new_high_non_yizi,hold_touch3,False,123,71,0.5772,123,44,22,0.5000,79,49,0.6203,False,"buy t close, any of t+1..t+3 high touches limit"
break_new_high_non_yizi,open_follow,False,117,58,0.4957,123,43,21,0.4884,74,37,0.5000,False,"buy t+1 open if not yizi-open, t+1 close > open"
break_new_high_non_yizi,open_follow_flat,False,117,69,0.5897,123,43,25,0.5814,74,44,0.5946,False,"buy t+1 open if not yizi-open, close >= open"
break_new_high_non_yizi,open_then_zt3,False,117,58,0.4957,123,43,20,0.4651,74,38,0.5135,False,"buy t+1 open if not yizi-open, then zt within 3d"
break_new_high_non_yizi,touch3,False,117,65,0.5556,123,43,21,0.4884,74,44,0.5946,False,"buy t+1 open if not yizi-open, 3d high touches limit"
break_new_high_non_yizi,tradable_zt,False,123,123,1.0000,123,44,44,1.0000,79,79,1.0000,True,"next-day tradable zt (old ceiling, baseline only)"
break_new_high_non_yizi,hold_3d,False,122,59,0.4836,123,44,19,0.4318,78,40,0.5128,False,"buy t close, t+3 close > t close"
break_new_high_non_yizi,open_3d,False,116,59,0.5086,123,43,23,0.5349,73,36,0.4932,False,"buy t+1 open if not yizi-open, t+3 close > open"
break_new_high_non_yizi,maxclose3,False,123,86,0.6992,123,44,28,0.6364,79,58,0.7342,False,"buy t close, max(t+1..t+3 close) > t close"
break_theme_alive_mid23,zt_3d,False,476,181,0.3803,476,159,61,0.3836,317,120,0.3785,False,"in zt_pool t+1/t+2/t+3 (membership, not a fill)"
break_theme_alive_mid23,hold_then_zt3,False,476,181,0.3803,476,159,61,0.3836,317,120,0.3785,False,"non-yizi t AND zt_3d (entry at t, membership win)"
break_theme_alive_mid23,cons_not_lose,False,476,154,0.3235,476,159,52,0.3270,317,102,0.3218,False,zt_next OR (zha and change_rate>0); absent=loss
break_theme_alive_mid23,print_not_lose,False,170,154,0.9059,476,57,52,0.9123,113,102,0.9027,True,among zt-or-zha prints only: not lose vs t close
break_theme_alive_mid23,hold_close,False,475,245,0.5158,476,158,79,0.5000,317,166,0.5237,False,"buy t close, t+1 close > t close (needs bar)"
break_theme_alive_mid23,hold_not_lose,False,475,249,0.5242,476,158,79,0.5000,317,170,0.5363,False,"buy t close, t+1 close >= t close"
break_theme_alive_mid23,hold_touch3,False,475,230,0.4842,476,158,75,0.4747,317,155,0.4890,False,"buy t close, any of t+1..t+3 high touches limit"
break_theme_alive_mid23,open_follow,False,461,221,0.4794,476,153,66,0.4314,308,155,0.5032,False,"buy t+1 open if not yizi-open, t+1 close > open"
break_theme_alive_mid23,open_follow_flat,False,461,244,0.5293,476,153,77,0.5033,308,167,0.5422,False,"buy t+1 open if not yizi-open, close >= open"
break_theme_alive_mid23,open_then_zt3,False,461,167,0.3623,476,153,56,0.3660,308,111,0.3604,False,"buy t+1 open if not yizi-open, then zt within 3d"
break_theme_alive_mid23,touch3,False,461,216,0.4685,476,153,70,0.4575,308,146,0.4740,False,"buy t+1 open if not yizi-open, 3d high touches limit"
break_theme_alive_mid23,tradable_zt,False,476,476,1.0000,476,159,159,1.0000,317,317,1.0000,True,"next-day tradable zt (old ceiling, baseline only)"
break_theme_alive_mid23,hold_3d,False,474,237,0.5000,476,158,78,0.4937,316,159,0.5032,False,"buy t close, t+3 close > t close"
break_theme_alive_mid23,open_3d,False,460,226,0.4913,476,153,75,0.4902,307,151,0.4919,False,"buy t+1 open if not yizi-open, t+3 close > open"
break_theme_alive_mid23,maxclose3,False,475,314,0.6611,476,158,102,0.6456,317,212,0.6688,False,"buy t close, max(t+1..t+3 close) > t close"
break_theme_alive_same_mid23,zt_3d,False,76,26,0.3421,76,24,8,0.3333,52,18,0.3462,False,"in zt_pool t+1/t+2/t+3 (membership, not a fill)"
break_theme_alive_same_mid23,hold_then_zt3,False,76,26,0.3421,76,24,8,0.3333,52,18,0.3462,False,"non-yizi t AND zt_3d (entry at t, membership win)"
break_theme_alive_same_mid23,cons_not_lose,False,76,21,0.2763,76,24,6,0.2500,52,15,0.2885,False,zt_next OR (zha and change_rate>0); absent=loss
break_theme_alive_same_mid23,print_not_lose,False,23,21,0.9130,76,6,6,1.0000,17,15,0.8824,False,among zt-or-zha prints only: not lose vs t close
break_theme_alive_same_mid23,hold_close,False,76,34,0.4474,76,24,10,0.4167,52,24,0.4615,False,"buy t close, t+1 close > t close (needs bar)"
break_theme_alive_same_mid23,hold_not_lose,False,76,34,0.4474,76,24,10,0.4167,52,24,0.4615,False,"buy t close, t+1 close >= t close"
break_theme_alive_same_mid23,hold_touch3,False,76,29,0.3816,76,24,9,0.3750,52,20,0.3846,False,"buy t close, any of t+1..t+3 high touches limit"
break_theme_alive_same_mid23,open_follow,False,73,33,0.4521,76,24,9,0.3750,49,24,0.4898,False,"buy t+1 open if not yizi-open, t+1 close > open"
break_theme_alive_same_mid23,open_follow_flat,False,73,38,0.5205,76,24,11,0.4583,49,27,0.5510,False,"buy t+1 open if not yizi-open, close >= open"
break_theme_alive_same_mid23,open_then_zt3,False,73,23,0.3151,76,24,8,0.3333,49,15,0.3061,False,"buy t+1 open if not yizi-open, then zt within 3d"
break_theme_alive_same_mid23,touch3,False,73,26,0.3562,76,24,9,0.3750,49,17,0.3469,False,"buy t+1 open if not yizi-open, 3d high touches limit"
break_theme_alive_same_mid23,tradable_zt,False,76,76,1.0000,76,24,24,1.0000,52,52,1.0000,True,"next-day tradable zt (old ceiling, baseline only)"
break_theme_alive_same_mid23,hold_3d,False,76,34,0.4474,76,24,11,0.4583,52,23,0.4423,False,"buy t close, t+3 close > t close"
break_theme_alive_same_mid23,open_3d,False,73,32,0.4384,76,24,10,0.4167,49,22,0.4490,False,"buy t+1 open if not yizi-open, t+3 close > open"
break_theme_alive_same_mid23,maxclose3,False,76,45,0.5921,76,24,15,0.6250,52,30,0.5769,False,"buy t close, max(t+1..t+3 close) > t close"
intact_mid23,zt_3d,False,1105,435,0.3937,1105,563,242,0.4298,542,193,0.3561,False,"in zt_pool t+1/t+2/t+3 (membership, not a fill)"
intact_mid23,hold_then_zt3,False,1105,435,0.3937,1105,563,242,0.4298,542,193,0.3561,False,"non-yizi t AND zt_3d (entry at t, membership win)"
intact_mid23,cons_not_lose,False,1105,387,0.3502,1105,563,223,0.3961,542,164,0.3026,False,zt_next OR (zha and change_rate>0); absent=loss
intact_mid23,print_not_lose,False,421,387,0.9192,1105,242,223,0.9215,179,164,0.9162,True,among zt-or-zha prints only: not lose vs t close
intact_mid23,hold_close,False,1101,617,0.5604,1105,562,312,0.5552,539,305,0.5659,False,"buy t close, t+1 close > t close (needs bar)"
intact_mid23,hold_not_lose,False,1101,627,0.5695,1105,562,313,0.5569,539,314,0.5826,False,"buy t close, t+1 close >= t close"
intact_mid23,hold_touch3,False,1103,538,0.4878,1105,562,288,0.5125,541,250,0.4621,False,"buy t close, any of t+1..t+3 high touches limit"
intact_mid23,open_follow,False,1067,512,0.4799,1105,535,266,0.4972,532,246,0.4624,False,"buy t+1 open if not yizi-open, t+1 close > open"
intact_mid23,open_follow_flat,False,1067,562,0.5267,1105,535,294,0.5495,532,268,0.5038,False,"buy t+1 open if not yizi-open, close >= open"
intact_mid23,open_then_zt3,False,1067,401,0.3758,1105,535,215,0.4019,532,186,0.3496,False,"buy t+1 open if not yizi-open, then zt within 3d"
intact_mid23,touch3,False,1067,506,0.4742,1105,535,263,0.4916,532,243,0.4568,False,"buy t+1 open if not yizi-open, 3d high touches limit"
intact_mid23,tradable_zt,False,1105,1105,1.0000,1105,563,563,1.0000,542,542,1.0000,True,"next-day tradable zt (old ceiling, baseline only)"
intact_mid23,hold_3d,False,1079,520,0.4819,1105,559,252,0.4508,520,268,0.5154,False,"buy t close, t+3 close > t close"
intact_mid23,open_3d,False,1044,470,0.4502,1105,532,220,0.4135,512,250,0.4883,False,"buy t+1 open if not yizi-open, t+3 close > open"
intact_mid23,maxclose3,False,1103,747,0.6772,1105,562,372,0.6619,541,375,0.6932,False,"buy t close, max(t+1..t+3 close) > t close"
intact_sub_high,zt_3d,False,64,29,0.4531,64,28,12,0.4286,36,17,0.4722,False,"in zt_pool t+1/t+2/t+3 (membership, not a fill)"
intact_sub_high,hold_then_zt3,False,64,29,0.4531,64,28,12,0.4286,36,17,0.4722,False,"non-yizi t AND zt_3d (entry at t, membership win)"
intact_sub_high,cons_not_lose,False,64,23,0.3594,64,28,11,0.3929,36,12,0.3333,False,zt_next OR (zha and change_rate>0); absent=loss
intact_sub_high,print_not_lose,False,27,23,0.8519,64,14,11,0.7857,13,12,0.9231,False,among zt-or-zha prints only: not lose vs t close
intact_sub_high,hold_close,False,64,33,0.5156,64,28,13,0.4643,36,20,0.5556,False,"buy t close, t+1 close > t close (needs bar)"
intact_sub_high,hold_not_lose,False,64,34,0.5312,64,28,13,0.4643,36,21,0.5833,False,"buy t close, t+1 close >= t close"
intact_sub_high,hold_touch3,False,64,37,0.5781,64,28,17,0.6071,36,20,0.5556,False,"buy t close, any of t+1..t+3 high touches limit"
intact_sub_high,open_follow,False,62,36,0.5806,64,26,16,0.6154,36,20,0.5556,False,"buy t+1 open if not yizi-open, t+1 close > open"
intact_sub_high,open_follow_flat,False,62,38,0.6129,64,26,16,0.6154,36,22,0.6111,False,"buy t+1 open if not yizi-open, close >= open"
intact_sub_high,open_then_zt3,False,62,27,0.4355,64,26,10,0.3846,36,17,0.4722,False,"buy t+1 open if not yizi-open, then zt within 3d"
intact_sub_high,touch3,False,62,36,0.5806,64,26,16,0.6154,36,20,0.5556,False,"buy t+1 open if not yizi-open, 3d high touches limit"
intact_sub_high,tradable_zt,False,64,64,1.0000,64,28,28,1.0000,36,36,1.0000,True,"next-day tradable zt (old ceiling, baseline only)"
intact_sub_high,hold_3d,False,64,29,0.4531,64,28,10,0.3571,36,19,0.5278,False,"buy t close, t+3 close > t close"
intact_sub_high,open_3d,False,62,29,0.4677,64,26,10,0.3846,36,19,0.5278,False,"buy t+1 open if not yizi-open, t+3 close > open"
intact_sub_high,maxclose3,False,64,42,0.6562,64,28,17,0.6071,36,25,0.6944,False,"buy t close, max(t+1..t+3 close) > t close"
intact_new_high,zt_3d,False,102,50,0.4902,102,45,20,0.4444,57,30,0.5263,False,"in zt_pool t+1/t+2/t+3 (membership, not a fill)"
intact_new_high,hold_then_zt3,False,102,50,0.4902,102,45,20,0.4444,57,30,0.5263,False,"non-yizi t AND zt_3d (entry at t, membership win)"
intact_new_high,cons_not_lose,False,102,47,0.4608,102,45,19,0.4222,57,28,0.4912,False,zt_next OR (zha and change_rate>0); absent=loss
intact_new_high,print_not_lose,False,56,47,0.8393,102,22,19,0.8636,34,28,0.8235,False,among zt-or-zha prints only: not lose vs t close
intact_new_high,hold_close,False,100,56,0.5600,102,43,21,0.4884,57,35,0.6140,False,"buy t close, t+1 close > t close (needs bar)"
intact_new_high,hold_not_lose,False,100,57,0.5700,102,43,22,0.5116,57,35,0.6140,False,"buy t close, t+1 close >= t close"
intact_new_high,hold_touch3,False,100,65,0.6500,102,43,28,0.6512,57,37,0.6491,False,"buy t close, any of t+1..t+3 high touches limit"
intact_new_high,open_follow,False,97,45,0.4639,102,41,18,0.4390,56,27,0.4821,False,"buy t+1 open if not yizi-open, t+1 close > open"
intact_new_high,open_follow_flat,False,97,55,0.5670,102,41,23,0.5610,56,32,0.5714,False,"buy t+1 open if not yizi-open, close >= open"
intact_new_high,open_then_zt3,False,97,47,0.4845,102,41,18,0.4390,56,29,0.5179,False,"buy t+1 open if not yizi-open, then zt within 3d"
intact_new_high,touch3,False,97,62,0.6392,102,41,26,0.6341,56,36,0.6429,False,"buy t+1 open if not yizi-open, 3d high touches limit"
intact_new_high,tradable_zt,False,102,102,1.0000,102,45,45,1.0000,57,57,1.0000,True,"next-day tradable zt (old ceiling, baseline only)"
intact_new_high,hold_3d,False,97,51,0.5258,102,42,22,0.5238,55,29,0.5273,False,"buy t close, t+3 close > t close"
intact_new_high,open_3d,False,94,40,0.4255,102,40,19,0.4750,54,21,0.3889,False,"buy t+1 open if not yizi-open, t+3 close > open"
intact_new_high,maxclose3,False,100,68,0.6800,102,43,27,0.6279,57,41,0.7193,False,"buy t close, max(t+1..t+3 close) > t close"
drop_mid23,zt_3d,False,509,213,0.4185,509,232,98,0.4224,277,115,0.4152,False,"in zt_pool t+1/t+2/t+3 (membership, not a fill)"
drop_mid23,hold_then_zt3,False,509,213,0.4185,509,232,98,0.4224,277,115,0.4152,False,"non-yizi t AND zt_3d (entry at t, membership win)"
drop_mid23,cons_not_lose,False,509,176,0.3458,509,232,86,0.3707,277,90,0.3249,False,zt_next OR (zha and change_rate>0); absent=loss
drop_mid23,print_not_lose,False,195,176,0.9026,509,94,86,0.9149,101,90,0.8911,False,among zt-or-zha prints only: not lose vs t close
drop_mid23,hold_close,False,508,262,0.5157,509,231,119,0.5152,277,143,0.5162,False,"buy t close, t+1 close > t close (needs bar)"
drop_mid23,hold_not_lose,False,508,264,0.5197,509,231,120,0.5195,277,144,0.5199,False,"buy t close, t+1 close >= t close"
drop_mid23,hold_touch3,False,508,257,0.5059,509,231,113,0.4892,277,144,0.5199,False,"buy t close, any of t+1..t+3 high touches limit"
drop_mid23,open_follow,False,487,229,0.4702,509,220,99,0.4500,267,130,0.4869,False,"buy t+1 open if not yizi-open, t+1 close > open"
drop_mid23,open_follow_flat,False,487,255,0.5236,509,220,115,0.5227,267,140,0.5243,False,"buy t+1 open if not yizi-open, close >= open"
drop_mid23,open_then_zt3,False,487,192,0.3943,509,220,87,0.3955,267,105,0.3933,False,"buy t+1 open if not yizi-open, then zt within 3d"
drop_mid23,touch3,False,487,237,0.4867,509,220,102,0.4636,267,135,0.5056,False,"buy t+1 open if not yizi-open, 3d high touches limit"
drop_mid23,tradable_zt,False,509,509,1.0000,509,232,232,1.0000,277,277,1.0000,True,"next-day tradable zt (old ceiling, baseline only)"
drop_mid23,hold_3d,False,507,250,0.4931,509,230,104,0.4522,277,146,0.5271,False,"buy t close, t+3 close > t close"
drop_mid23,open_3d,False,487,238,0.4887,509,220,100,0.4545,267,138,0.5169,False,"buy t+1 open if not yizi-open, t+3 close > open"
drop_mid23,maxclose3,False,508,335,0.6594,509,231,147,0.6364,277,188,0.6787,False,"buy t close, max(t+1..t+3 close) > t close"
drop_same_theme_mid23,zt_3d,False,51,18,0.3529,51,15,5,0.3333,36,13,0.3611,False,"in zt_pool t+1/t+2/t+3 (membership, not a fill)"
drop_same_theme_mid23,hold_then_zt3,False,51,18,0.3529,51,15,5,0.3333,36,13,0.3611,False,"non-yizi t AND zt_3d (entry at t, membership win)"
drop_same_theme_mid23,cons_not_lose,False,51,16,0.3137,51,15,5,0.3333,36,11,0.3056,False,zt_next OR (zha and change_rate>0); absent=loss
drop_same_theme_mid23,print_not_lose,False,18,16,0.8889,51,5,5,1.0000,13,11,0.8462,False,among zt-or-zha prints only: not lose vs t close
drop_same_theme_mid23,hold_close,False,51,25,0.4902,51,15,8,0.5333,36,17,0.4722,False,"buy t close, t+1 close > t close (needs bar)"
drop_same_theme_mid23,hold_not_lose,False,51,25,0.4902,51,15,8,0.5333,36,17,0.4722,False,"buy t close, t+1 close >= t close"
drop_same_theme_mid23,hold_touch3,False,51,19,0.3725,51,15,5,0.3333,36,14,0.3889,False,"buy t close, any of t+1..t+3 high touches limit"
drop_same_theme_mid23,open_follow,False,48,23,0.4792,51,15,8,0.5333,33,15,0.4545,False,"buy t+1 open if not yizi-open, t+1 close > open"
drop_same_theme_mid23,open_follow_flat,False,48,27,0.5625,51,15,10,0.6667,33,17,0.5152,False,"buy t+1 open if not yizi-open, close >= open"
drop_same_theme_mid23,open_then_zt3,False,48,15,0.3125,51,15,5,0.3333,33,10,0.3030,False,"buy t+1 open if not yizi-open, then zt within 3d"
drop_same_theme_mid23,touch3,False,48,16,0.3333,51,15,5,0.3333,33,11,0.3333,False,"buy t+1 open if not yizi-open, 3d high touches limit"
drop_same_theme_mid23,tradable_zt,False,51,51,1.0000,51,15,15,1.0000,36,36,1.0000,True,"next-day tradable zt (old ceiling, baseline only)"
drop_same_theme_mid23,hold_3d,False,51,21,0.4118,51,15,5,0.3333,36,16,0.4444,False,"buy t close, t+3 close > t close"
drop_same_theme_mid23,open_3d,False,48,19,0.3958,51,15,5,0.3333,33,14,0.4242,False,"buy t+1 open if not yizi-open, t+3 close > open"
drop_same_theme_mid23,maxclose3,False,51,31,0.6078,51,15,9,0.6000,36,22,0.6111,False,"buy t close, max(t+1..t+3 close) > t close"
drop_theme_alive_mid23,zt_3d,False,315,127,0.4032,315,117,47,0.4017,198,80,0.4040,False,"in zt_pool t+1/t+2/t+3 (membership, not a fill)"
drop_theme_alive_mid23,hold_then_zt3,False,315,127,0.4032,315,117,47,0.4017,198,80,0.4040,False,"non-yizi t AND zt_3d (entry at t, membership win)"
drop_theme_alive_mid23,cons_not_lose,False,315,106,0.3365,315,117,43,0.3675,198,63,0.3182,False,zt_next OR (zha and change_rate>0); absent=loss
drop_theme_alive_mid23,print_not_lose,False,119,106,0.8908,315,47,43,0.9149,72,63,0.8750,False,among zt-or-zha prints only: not lose vs t close
drop_theme_alive_mid23,hold_close,False,314,165,0.5255,315,116,62,0.5345,198,103,0.5202,False,"buy t close, t+1 close > t close (needs bar)"
drop_theme_alive_mid23,hold_not_lose,False,314,166,0.5287,315,116,62,0.5345,198,104,0.5253,False,"buy t close, t+1 close >= t close"
drop_theme_alive_mid23,hold_touch3,False,314,156,0.4968,315,116,55,0.4741,198,101,0.5101,False,"buy t close, any of t+1..t+3 high touches limit"
drop_theme_alive_mid23,open_follow,False,302,141,0.4669,315,111,50,0.4505,191,91,0.4764,False,"buy t+1 open if not yizi-open, t+1 close > open"
drop_theme_alive_mid23,open_follow_flat,False,302,159,0.5265,315,111,60,0.5405,191,99,0.5183,False,"buy t+1 open if not yizi-open, close >= open"
drop_theme_alive_mid23,open_then_zt3,False,302,115,0.3808,315,111,42,0.3784,191,73,0.3822,False,"buy t+1 open if not yizi-open, then zt within 3d"
drop_theme_alive_mid23,touch3,False,302,144,0.4768,315,111,50,0.4505,191,94,0.4921,False,"buy t+1 open if not yizi-open, 3d high touches limit"
drop_theme_alive_mid23,tradable_zt,False,315,315,1.0000,315,117,117,1.0000,198,198,1.0000,True,"next-day tradable zt (old ceiling, baseline only)"
drop_theme_alive_mid23,hold_3d,False,314,163,0.5191,315,116,55,0.4741,198,108,0.5455,False,"buy t close, t+3 close > t close"
drop_theme_alive_mid23,open_3d,False,302,154,0.5099,315,111,52,0.4685,191,102,0.5340,False,"buy t+1 open if not yizi-open, t+3 close > open"
drop_theme_alive_mid23,maxclose3,False,314,207,0.6592,315,116,73,0.6293,198,134,0.6768,False,"buy t close, max(t+1..t+3 close) > t close"
intact_theme_alive_mid23,zt_3d,False,917,363,0.3959,917,466,195,0.4185,451,168,0.3725,False,"in zt_pool t+1/t+2/t+3 (membership, not a fill)"
intact_theme_alive_mid23,hold_then_zt3,False,917,363,0.3959,917,466,195,0.4185,451,168,0.3725,False,"non-yizi t AND zt_3d (entry at t, membership win)"
intact_theme_alive_mid23,cons_not_lose,False,917,323,0.3522,917,466,189,0.4056,451,134,0.2971,False,zt_next OR (zha and change_rate>0); absent=loss
intact_theme_alive_mid23,print_not_lose,False,352,323,0.9176,917,205,189,0.9220,147,134,0.9116,True,among zt-or-zha prints only: not lose vs t close
intact_theme_alive_mid23,hold_close,False,915,516,0.5639,917,465,262,0.5634,450,254,0.5644,False,"buy t close, t+1 close > t close (needs bar)"
intact_theme_alive_mid23,hold_not_lose,False,915,523,0.5716,917,465,263,0.5656,450,260,0.5778,False,"buy t close, t+1 close >= t close"
intact_theme_alive_mid23,hold_touch3,False,916,447,0.4880,917,465,236,0.5075,451,211,0.4678,False,"buy t close, any of t+1..t+3 high touches limit"
intact_theme_alive_mid23,open_follow,False,885,423,0.4780,917,441,214,0.4853,444,209,0.4707,False,"buy t+1 open if not yizi-open, t+1 close > open"
intact_theme_alive_mid23,open_follow_flat,False,885,466,0.5266,917,441,239,0.5420,444,227,0.5113,False,"buy t+1 open if not yizi-open, close >= open"
intact_theme_alive_mid23,open_then_zt3,False,885,333,0.3763,917,441,171,0.3878,444,162,0.3649,False,"buy t+1 open if not yizi-open, then zt within 3d"
intact_theme_alive_mid23,touch3,False,885,419,0.4734,917,441,214,0.4853,444,205,0.4617,False,"buy t+1 open if not yizi-open, 3d high touches limit"
intact_theme_alive_mid23,tradable_zt,False,917,917,1.0000,917,466,466,1.0000,451,451,1.0000,True,"next-day tradable zt (old ceiling, baseline only)"
intact_theme_alive_mid23,hold_3d,False,897,433,0.4827,917,462,206,0.4459,435,227,0.5218,False,"buy t close, t+3 close > t close"
intact_theme_alive_mid23,open_3d,False,867,392,0.4521,917,438,177,0.4041,429,215,0.5012,False,"buy t+1 open if not yizi-open, t+3 close > open"
intact_theme_alive_mid23,maxclose3,False,916,624,0.6812,917,465,310,0.6667,451,314,0.6962,False,"buy t close, max(t+1..t+3 close) > t close"
theme_n_ge3_mid23,zt_3d,False,1321,524,0.3967,1321,646,263,0.4071,675,261,0.3867,False,"in zt_pool t+1/t+2/t+3 (membership, not a fill)"
theme_n_ge3_mid23,hold_then_zt3,False,1321,524,0.3967,1321,646,263,0.4071,675,261,0.3867,False,"non-yizi t AND zt_3d (entry at t, membership win)"
theme_n_ge3_mid23,cons_not_lose,False,1321,444,0.3361,1321,646,241,0.3731,675,203,0.3007,False,zt_next OR (zha and change_rate>0); absent=loss
theme_n_ge3_mid23,print_not_lose,False,488,444,0.9098,1321,264,241,0.9129,224,203,0.9062,True,among zt-or-zha prints only: not lose vs t close
theme_n_ge3_mid23,hold_close,False,1319,724,0.5489,1321,644,345,0.5357,675,379,0.5615,False,"buy t close, t+1 close > t close (needs bar)"
theme_n_ge3_mid23,hold_not_lose,False,1319,738,0.5595,1321,644,349,0.5419,675,389,0.5763,False,"buy t close, t+1 close >= t close"
theme_n_ge3_mid23,hold_touch3,False,1319,636,0.4822,1321,644,310,0.4814,675,326,0.4830,False,"buy t close, any of t+1..t+3 high touches limit"
theme_n_ge3_mid23,open_follow,False,1266,586,0.4629,1321,609,269,0.4417,657,317,0.4825,False,"buy t+1 open if not yizi-open, t+1 close > open"
theme_n_ge3_mid23,open_follow_flat,False,1266,651,0.5142,1321,609,308,0.5057,657,343,0.5221,False,"buy t+1 open if not yizi-open, close >= open"
theme_n_ge3_mid23,open_then_zt3,False,1266,471,0.3720,1321,609,228,0.3744,657,243,0.3699,False,"buy t+1 open if not yizi-open, then zt within 3d"
theme_n_ge3_mid23,touch3,False,1266,587,0.4637,1321,609,278,0.4565,657,309,0.4703,False,"buy t+1 open if not yizi-open, 3d high touches limit"
theme_n_ge3_mid23,tradable_zt,False,1321,1321,1.0000,1321,646,646,1.0000,675,675,1.0000,True,"next-day tradable zt (old ceiling, baseline only)"
theme_n_ge3_mid23,hold_3d,False,1299,634,0.4881,1321,639,282,0.4413,660,352,0.5333,False,"buy t close, t+3 close > t close"
theme_n_ge3_mid23,open_3d,False,1248,570,0.4567,1321,605,243,0.4017,643,327,0.5086,False,"buy t+1 open if not yizi-open, t+3 close > open"
theme_n_ge3_mid23,maxclose3,False,1319,894,0.6778,1321,644,422,0.6553,675,472,0.6993,False,"buy t close, max(t+1..t+3 close) > t close"
theme_n_ge4_mid23,zt_3d,False,1129,448,0.3968,1129,535,213,0.3981,594,235,0.3956,False,"in zt_pool t+1/t+2/t+3 (membership, not a fill)"
theme_n_ge4_mid23,hold_then_zt3,False,1129,448,0.3968,1129,535,213,0.3981,594,235,0.3956,False,"non-yizi t AND zt_3d (entry at t, membership win)"
theme_n_ge4_mid23,cons_not_lose,False,1129,381,0.3375,1129,535,193,0.3607,594,188,0.3165,False,zt_next OR (zha and change_rate>0); absent=loss
theme_n_ge4_mid23,print_not_lose,False,419,381,0.9093,1129,213,193,0.9061,206,188,0.9126,True,among zt-or-zha prints only: not lose vs t close
theme_n_ge4_mid23,hold_close,False,1128,633,0.5612,1129,534,288,0.5393,594,345,0.5808,False,"buy t close, t+1 close > t close (needs bar)"
theme_n_ge4_mid23,hold_not_lose,False,1128,644,0.5709,1129,534,292,0.5468,594,352,0.5926,False,"buy t close, t+1 close >= t close"
theme_n_ge4_mid23,hold_touch3,False,1128,549,0.4867,1129,534,255,0.4775,594,294,0.4949,False,"buy t close, any of t+1..t+3 high touches limit"
theme_n_ge4_mid23,open_follow,False,1081,502,0.4644,1129,502,211,0.4203,579,291,0.5026,False,"buy t+1 open if not yizi-open, t+1 close > open"
theme_n_ge4_mid23,open_follow_flat,False,1081,558,0.5162,1129,502,243,0.4841,579,315,0.5440,False,"buy t+1 open if not yizi-open, close >= open"
theme_n_ge4_mid23,open_then_zt3,False,1081,401,0.3710,1129,502,181,0.3606,579,220,0.3800,False,"buy t+1 open if not yizi-open, then zt within 3d"
theme_n_ge4_mid23,touch3,False,1081,506,0.4681,1129,502,226,0.4502,579,280,0.4836,False,"buy t+1 open if not yizi-open, 3d high touches limit"
theme_n_ge4_mid23,tradable_zt,False,1129,1129,1.0000,1129,535,535,1.0000,594,594,1.0000,True,"next-day tradable zt (old ceiling, baseline only)"
theme_n_ge4_mid23,hold_3d,False,1109,556,0.5014,1129,530,236,0.4453,579,320,0.5527,False,"buy t close, t+3 close > t close"
theme_n_ge4_mid23,open_3d,False,1064,497,0.4671,1129,499,202,0.4048,565,295,0.5221,False,"buy t+1 open if not yizi-open, t+3 close > open"
theme_n_ge4_mid23,maxclose3,False,1128,783,0.6941,1129,534,354,0.6629,594,429,0.7222,False,"buy t close, max(t+1..t+3 close) > t close"
theme_n_ge5_2,zt_3d,False,802,299,0.3728,802,376,149,0.3963,426,150,0.3521,False,"in zt_pool t+1/t+2/t+3 (membership, not a fill)"
theme_n_ge5_2,hold_then_zt3,False,802,299,0.3728,802,376,149,0.3963,426,150,0.3521,False,"non-yizi t AND zt_3d (entry at t, membership win)"
theme_n_ge5_2,cons_not_lose,False,802,250,0.3117,802,376,131,0.3484,426,119,0.2793,False,zt_next OR (zha and change_rate>0); absent=loss
theme_n_ge5_2,print_not_lose,False,271,250,0.9225,802,141,131,0.9291,130,119,0.9154,True,among zt-or-zha prints only: not lose vs t close
theme_n_ge5_2,hold_close,False,801,448,0.5593,802,375,204,0.5440,426,244,0.5728,False,"buy t close, t+1 close > t close (needs bar)"
theme_n_ge5_2,hold_not_lose,False,801,458,0.5718,802,375,207,0.5520,426,251,0.5892,False,"buy t close, t+1 close >= t close"
theme_n_ge5_2,hold_touch3,False,801,373,0.4657,802,375,176,0.4693,426,197,0.4624,False,"buy t close, any of t+1..t+3 high touches limit"
theme_n_ge5_2,open_follow,False,765,356,0.4654,802,351,138,0.3932,414,218,0.5266,False,"buy t+1 open if not yizi-open, t+1 close > open"
theme_n_ge5_2,open_follow_flat,False,765,388,0.5072,802,351,160,0.4558,414,228,0.5507,False,"buy t+1 open if not yizi-open, close >= open"
theme_n_ge5_2,open_then_zt3,False,765,263,0.3438,802,351,125,0.3561,414,138,0.3333,False,"buy t+1 open if not yizi-open, then zt within 3d"
theme_n_ge5_2,touch3,False,765,339,0.4431,802,351,153,0.4359,414,186,0.4493,False,"buy t+1 open if not yizi-open, 3d high touches limit"
theme_n_ge5_2,tradable_zt,False,802,802,1.0000,802,376,376,1.0000,426,426,1.0000,True,"next-day tradable zt (old ceiling, baseline only)"
theme_n_ge5_2,hold_3d,False,789,398,0.5044,802,371,169,0.4555,418,229,0.5478,False,"buy t close, t+3 close > t close"
theme_n_ge5_2,open_3d,False,754,352,0.4668,802,348,138,0.3966,406,214,0.5271,False,"buy t+1 open if not yizi-open, t+3 close > open"
theme_n_ge5_2,maxclose3,False,801,558,0.6966,802,375,255,0.6800,426,303,0.7113,False,"buy t close, max(t+1..t+3 close) > t close"
opened_today_mid23,zt_3d,False,1293,505,0.3906,1293,660,270,0.4091,633,235,0.3712,False,"in zt_pool t+1/t+2/t+3 (membership, not a fill)"
opened_today_mid23,hold_then_zt3,False,1293,505,0.3906,1293,660,270,0.4091,633,235,0.3712,False,"non-yizi t AND zt_3d (entry at t, membership win)"
opened_today_mid23,cons_not_lose,False,1293,431,0.3333,1293,660,233,0.3530,633,198,0.3128,False,zt_next OR (zha and change_rate>0); absent=loss
opened_today_mid23,print_not_lose,False,462,431,0.9329,1293,251,233,0.9283,211,198,0.9384,True,among zt-or-zha prints only: not lose vs t close
opened_today_mid23,hold_close,False,1291,693,0.5368,1293,660,336,0.5091,631,357,0.5658,False,"buy t close, t+1 close > t close (needs bar)"
opened_today_mid23,hold_not_lose,False,1291,702,0.5438,1293,660,338,0.5121,631,364,0.5769,False,"buy t close, t+1 close >= t close"
opened_today_mid23,hold_touch3,False,1293,601,0.4648,1293,660,309,0.4682,633,292,0.4613,False,"buy t close, any of t+1..t+3 high touches limit"
opened_today_mid23,open_follow,False,1261,629,0.4988,1293,638,305,0.4781,623,324,0.5201,False,"buy t+1 open if not yizi-open, t+1 close > open"
opened_today_mid23,open_follow_flat,False,1261,678,0.5377,1293,638,334,0.5235,623,344,0.5522,False,"buy t+1 open if not yizi-open, close >= open"
opened_today_mid23,open_then_zt3,False,1261,475,0.3767,1293,638,248,0.3887,623,227,0.3644,False,"buy t+1 open if not yizi-open, then zt within 3d"
opened_today_mid23,touch3,False,1261,575,0.4560,1293,638,290,0.4545,623,285,0.4575,False,"buy t+1 open if not yizi-open, 3d high touches limit"
opened_today_mid23,tradable_zt,False,1293,1293,1.0000,1293,660,660,1.0000,633,633,1.0000,True,"next-day tradable zt (old ceiling, baseline only)"
opened_today_mid23,hold_3d,False,1275,606,0.4753,1293,656,287,0.4375,619,319,0.5153,False,"buy t close, t+3 close > t close"
opened_today_mid23,open_3d,False,1243,581,0.4674,1293,634,269,0.4243,609,312,0.5123,False,"buy t+1 open if not yizi-open, t+3 close > open"
opened_today_mid23,maxclose3,False,1293,861,0.6659,1293,660,418,0.6333,633,443,0.6998,False,"buy t close, max(t+1..t+3 close) > t close"
unopened_non_yizi_mid23,zt_3d,False,618,244,0.3948,618,287,122,0.4251,331,122,0.3686,False,"in zt_pool t+1/t+2/t+3 (membership, not a fill)"
unopened_non_yizi_mid23,hold_then_zt3,False,618,244,0.3948,618,287,122,0.4251,331,122,0.3686,False,"non-yizi t AND zt_3d (entry at t, membership win)"
unopened_non_yizi_mid23,cons_not_lose,False,618,214,0.3463,618,287,111,0.3868,331,103,0.3112,False,zt_next OR (zha and change_rate>0); absent=loss
unopened_non_yizi_mid23,print_not_lose,False,246,214,0.8699,618,128,111,0.8672,118,103,0.8729,False,among zt-or-zha prints only: not lose vs t close
unopened_non_yizi_mid23,hold_close,False,615,325,0.5285,618,285,152,0.5333,330,173,0.5242,False,"buy t close, t+1 close > t close (needs bar)"
unopened_non_yizi_mid23,hold_not_lose,False,615,333,0.5415,618,285,154,0.5404,330,179,0.5424,False,"buy t close, t+1 close >= t close"
unopened_non_yizi_mid23,hold_touch3,False,615,326,0.5301,618,285,158,0.5544,330,168,0.5091,False,"buy t close, any of t+1..t+3 high touches limit"
unopened_non_yizi_mid23,open_follow,False,581,240,0.4131,618,264,107,0.4053,317,133,0.4196,False,"buy t+1 open if not yizi-open, t+1 close > open"
unopened_non_yizi_mid23,open_follow_flat,False,581,277,0.4768,618,264,128,0.4848,317,149,0.4700,False,"buy t+1 open if not yizi-open, close >= open"
unopened_non_yizi_mid23,open_then_zt3,False,581,210,0.3614,618,264,101,0.3826,317,109,0.3438,False,"buy t+1 open if not yizi-open, then zt within 3d"
unopened_non_yizi_mid23,touch3,False,581,292,0.5026,618,264,137,0.5189,317,155,0.4890,False,"buy t+1 open if not yizi-open, 3d high touches limit"
unopened_non_yizi_mid23,tradable_zt,False,618,618,1.0000,618,287,287,1.0000,331,331,1.0000,True,"next-day tradable zt (old ceiling, baseline only)"
unopened_non_yizi_mid23,hold_3d,False,606,287,0.4736,618,284,126,0.4437,322,161,0.5000,False,"buy t close, t+3 close > t close"
unopened_non_yizi_mid23,open_3d,False,574,244,0.4251,618,264,104,0.3939,310,140,0.4516,False,"buy t+1 open if not yizi-open, t+3 close > open"
unopened_non_yizi_mid23,maxclose3,False,615,402,0.6537,618,285,184,0.6456,330,218,0.6606,False,"buy t close, max(t+1..t+3 close) > t close"
break_opened_mid23,zt_3d,False,533,207,0.3884,533,261,95,0.3640,272,112,0.4118,False,"in zt_pool t+1/t+2/t+3 (membership, not a fill)"
break_opened_mid23,hold_then_zt3,False,533,207,0.3884,533,261,95,0.3640,272,112,0.4118,False,"non-yizi t AND zt_3d (entry at t, membership win)"
break_opened_mid23,cons_not_lose,False,533,161,0.3021,533,261,73,0.2797,272,88,0.3235,False,zt_next OR (zha and change_rate>0); absent=loss
break_opened_mid23,print_not_lose,False,174,161,0.9253,533,80,73,0.9125,94,88,0.9362,True,among zt-or-zha prints only: not lose vs t close
break_opened_mid23,hold_close,False,533,262,0.4916,533,261,115,0.4406,272,147,0.5404,False,"buy t close, t+1 close > t close (needs bar)"
break_opened_mid23,hold_not_lose,False,533,266,0.4991,533,261,117,0.4483,272,149,0.5478,False,"buy t close, t+1 close >= t close"
break_opened_mid23,hold_touch3,False,533,243,0.4559,533,261,111,0.4253,272,132,0.4853,False,"buy t close, any of t+1..t+3 high touches limit"
break_opened_mid23,open_follow,False,519,247,0.4759,533,253,103,0.4071,266,144,0.5414,False,"buy t+1 open if not yizi-open, t+1 close > open"
break_opened_mid23,open_follow_flat,False,519,268,0.5164,533,253,115,0.4545,266,153,0.5752,False,"buy t+1 open if not yizi-open, close >= open"
break_opened_mid23,open_then_zt3,False,519,193,0.3719,533,253,87,0.3439,266,106,0.3985,False,"buy t+1 open if not yizi-open, then zt within 3d"
break_opened_mid23,touch3,False,519,231,0.4451,533,253,104,0.4111,266,127,0.4774,False,"buy t+1 open if not yizi-open, 3d high touches limit"
break_opened_mid23,tradable_zt,False,533,533,1.0000,533,261,261,1.0000,272,272,1.0000,True,"next-day tradable zt (old ceiling, baseline only)"
break_opened_mid23,hold_3d,False,532,251,0.4718,533,260,109,0.4192,272,142,0.5221,False,"buy t close, t+3 close > t close"
break_opened_mid23,open_3d,False,518,248,0.4788,533,252,107,0.4246,266,141,0.5301,False,"buy t+1 open if not yizi-open, t+3 close > open"
break_opened_mid23,maxclose3,False,533,347,0.6510,533,261,155,0.5939,272,192,0.7059,False,"buy t close, max(t+1..t+3 close) > t close"
amt_mid_mid23,zt_3d,False,367,158,0.4305,367,145,77,0.5310,222,81,0.3649,False,"in zt_pool t+1/t+2/t+3 (membership, not a fill)"
amt_mid_mid23,hold_then_zt3,False,367,158,0.4305,367,145,77,0.5310,222,81,0.3649,False,"non-yizi t AND zt_3d (entry at t, membership win)"
amt_mid_mid23,cons_not_lose,False,367,144,0.3924,367,145,71,0.4897,222,73,0.3288,False,zt_next OR (zha and change_rate>0); absent=loss
amt_mid_mid23,print_not_lose,False,172,144,0.8372,367,86,71,0.8256,86,73,0.8488,False,among zt-or-zha prints only: not lose vs t close
amt_mid_mid23,hold_close,False,363,187,0.5152,367,144,76,0.5278,219,111,0.5068,False,"buy t close, t+1 close > t close (needs bar)"
amt_mid_mid23,hold_not_lose,False,363,191,0.5262,367,144,78,0.5417,219,113,0.5160,False,"buy t close, t+1 close >= t close"
amt_mid_mid23,hold_touch3,False,365,199,0.5452,367,144,90,0.6250,221,109,0.4932,False,"buy t close, any of t+1..t+3 high touches limit"
amt_mid_mid23,open_follow,False,340,143,0.4206,367,130,58,0.4462,210,85,0.4048,False,"buy t+1 open if not yizi-open, t+1 close > open"
amt_mid_mid23,open_follow_flat,False,340,165,0.4853,367,130,70,0.5385,210,95,0.4524,False,"buy t+1 open if not yizi-open, close >= open"
amt_mid_mid23,open_then_zt3,False,340,135,0.3971,367,130,63,0.4846,210,72,0.3429,False,"buy t+1 open if not yizi-open, then zt within 3d"
amt_mid_mid23,touch3,False,340,176,0.5176,367,130,76,0.5846,210,100,0.4762,False,"buy t+1 open if not yizi-open, 3d high touches limit"
amt_mid_mid23,tradable_zt,False,367,367,1.0000,367,145,145,1.0000,222,222,1.0000,True,"next-day tradable zt (old ceiling, baseline only)"
amt_mid_mid23,hold_3d,False,356,148,0.4157,367,144,56,0.3889,212,92,0.4340,False,"buy t close, t+3 close > t close"
amt_mid_mid23,open_3d,False,332,126,0.3795,367,130,47,0.3615,202,79,0.3911,False,"buy t+1 open if not yizi-open, t+3 close > open"
amt_mid_mid23,maxclose3,False,365,227,0.6219,367,144,89,0.6181,221,138,0.6244,False,"buy t close, max(t+1..t+3 close) > t close"
break_amt_mid_same,zt_3d,False,12,7,0.5833,12,2,2,1.0000,10,5,0.5000,False,"in zt_pool t+1/t+2/t+3 (membership, not a fill)"
break_amt_mid_same,hold_then_zt3,False,12,7,0.5833,12,2,2,1.0000,10,5,0.5000,False,"non-yizi t AND zt_3d (entry at t, membership win)"
break_amt_mid_same,cons_not_lose,False,12,5,0.4167,12,2,2,1.0000,10,3,0.3000,False,zt_next OR (zha and change_rate>0); absent=loss
break_amt_mid_same,print_not_lose,False,6,5,0.8333,12,2,2,1.0000,4,3,0.7500,False,among zt-or-zha prints only: not lose vs t close
break_amt_mid_same,hold_close,False,12,6,0.5000,12,2,2,1.0000,10,4,0.4000,False,"buy t close, t+1 close > t close (needs bar)"
break_amt_mid_same,hold_not_lose,False,12,6,0.5000,12,2,2,1.0000,10,4,0.4000,False,"buy t close, t+1 close >= t close"
break_amt_mid_same,hold_touch3,False,12,7,0.5833,12,2,1,0.5000,10,6,0.6000,False,"buy t close, any of t+1..t+3 high touches limit"
break_amt_mid_same,open_follow,False,10,5,0.5000,12,2,2,1.0000,8,3,0.3750,False,"buy t+1 open if not yizi-open, t+1 close > open"
break_amt_mid_same,open_follow_flat,False,10,5,0.5000,12,2,2,1.0000,8,3,0.3750,False,"buy t+1 open if not yizi-open, close >= open"
break_amt_mid_same,open_then_zt3,False,10,5,0.5000,12,2,2,1.0000,8,3,0.3750,False,"buy t+1 open if not yizi-open, then zt within 3d"
break_amt_mid_same,touch3,False,10,5,0.5000,12,2,1,0.5000,8,4,0.5000,False,"buy t+1 open if not yizi-open, 3d high touches limit"
break_amt_mid_same,tradable_zt,False,12,12,1.0000,12,2,2,1.0000,10,10,1.0000,False,"next-day tradable zt (old ceiling, baseline only)"
break_amt_mid_same,hold_3d,False,12,6,0.5000,12,2,0,0.0000,10,6,0.6000,False,"buy t close, t+3 close > t close"
break_amt_mid_same,open_3d,False,10,4,0.4000,12,2,0,0.0000,8,4,0.5000,False,"buy t+1 open if not yizi-open, t+3 close > open"
break_amt_mid_same,maxclose3,False,12,9,0.7500,12,2,2,1.0000,10,7,0.7000,False,"buy t close, max(t+1..t+3 close) > t close"
fail_t1_then_watch,zt_3d,True,1614,304,0.1884,1614,798,153,0.1917,816,151,0.1850,False,"in zt_pool t+1/t+2/t+3 (membership, not a fill)"
fail_t1_then_watch,hold_then_zt3,True,1614,304,0.1884,1614,798,153,0.1917,816,151,0.1850,False,"non-yizi t AND zt_3d (entry at t, membership win)"
fail_t1_then_watch,cons_not_lose,True,1614,178,0.1103,1614,798,92,0.1153,816,86,0.1054,False,zt_next OR (zha and change_rate>0); absent=loss
fail_t1_then_watch,print_not_lose,True,257,178,0.6926,1614,136,92,0.6765,121,86,0.7107,False,among zt-or-zha prints only: not lose vs t close
fail_t1_then_watch,hold_close,True,1607,618,0.3846,1614,794,272,0.3426,813,346,0.4256,False,"buy t close, t+1 close > t close (needs bar)"
fail_t1_then_watch,hold_not_lose,True,1607,638,0.3970,1614,794,277,0.3489,813,361,0.4440,False,"buy t close, t+1 close >= t close"
fail_t1_then_watch,hold_touch3,True,1609,577,0.3586,1614,794,293,0.3690,815,284,0.3485,False,"buy t close, any of t+1..t+3 high touches limit"
fail_t1_then_watch,open_follow,True,1607,565,0.3516,1614,794,255,0.3212,813,310,0.3813,False,"buy t+1 open if not yizi-open, t+1 close > open"
fail_t1_then_watch,open_follow_flat,True,1607,596,0.3709,1614,794,275,0.3463,813,321,0.3948,False,"buy t+1 open if not yizi-open, close >= open"
fail_t1_then_watch,open_then_zt3,True,1607,304,0.1892,1614,794,153,0.1927,813,151,0.1857,False,"buy t+1 open if not yizi-open, then zt within 3d"
fail_t1_then_watch,touch3,True,1607,577,0.3591,1614,794,293,0.3690,813,284,0.3493,False,"buy t+1 open if not yizi-open, 3d high touches limit"
fail_t1_then_watch,tradable_zt,True,1614,1614,1.0000,1614,798,798,1.0000,816,816,1.0000,True,"next-day tradable zt (old ceiling, baseline only)"
fail_t1_then_watch,hold_3d,True,1588,574,0.3615,1614,790,252,0.3190,798,322,0.4035,False,"buy t close, t+3 close > t close"
fail_t1_then_watch,open_3d,True,1586,584,0.3682,1614,790,260,0.3291,796,324,0.4070,False,"buy t+1 open if not yizi-open, t+3 close > open"
fail_t1_then_watch,maxclose3,True,1609,888,0.5519,1614,794,401,0.5050,815,487,0.5975,False,"buy t close, max(t+1..t+3 close) > t close"
fail_t1_break_mid23,zt_3d,True,601,109,0.1814,601,285,51,0.1789,316,58,0.1835,False,"in zt_pool t+1/t+2/t+3 (membership, not a fill)"
fail_t1_break_mid23,hold_then_zt3,True,601,109,0.1814,601,285,51,0.1789,316,58,0.1835,False,"non-yizi t AND zt_3d (entry at t, membership win)"
fail_t1_break_mid23,cons_not_lose,True,601,53,0.0882,601,285,22,0.0772,316,31,0.0981,False,zt_next OR (zha and change_rate>0); absent=loss
fail_t1_break_mid23,print_not_lose,True,82,53,0.6463,601,38,22,0.5789,44,31,0.7045,False,among zt-or-zha prints only: not lose vs t close
fail_t1_break_mid23,hold_close,True,600,208,0.3467,601,284,84,0.2958,316,124,0.3924,False,"buy t close, t+1 close > t close (needs bar)"
fail_t1_break_mid23,hold_not_lose,True,600,215,0.3583,601,284,87,0.3063,316,128,0.4051,False,"buy t close, t+1 close >= t close"
fail_t1_break_mid23,hold_touch3,True,600,202,0.3367,601,284,91,0.3204,316,111,0.3513,False,"buy t close, any of t+1..t+3 high touches limit"
fail_t1_break_mid23,open_follow,True,600,207,0.3450,601,284,79,0.2782,316,128,0.4051,False,"buy t+1 open if not yizi-open, t+1 close > open"
fail_t1_break_mid23,open_follow_flat,True,600,218,0.3633,601,284,85,0.2993,316,133,0.4209,False,"buy t+1 open if not yizi-open, close >= open"
fail_t1_break_mid23,open_then_zt3,True,600,109,0.1817,601,284,51,0.1796,316,58,0.1835,False,"buy t+1 open if not yizi-open, then zt within 3d"
fail_t1_break_mid23,touch3,True,600,202,0.3367,601,284,91,0.3204,316,111,0.3513,False,"buy t+1 open if not yizi-open, 3d high touches limit"
fail_t1_break_mid23,tradable_zt,True,601,601,1.0000,601,285,285,1.0000,316,316,1.0000,True,"next-day tradable zt (old ceiling, baseline only)"
fail_t1_break_mid23,hold_3d,True,598,207,0.3462,601,283,86,0.3039,315,121,0.3841,False,"buy t close, t+3 close > t close"
fail_t1_break_mid23,open_3d,True,598,218,0.3645,601,283,92,0.3251,315,126,0.4000,False,"buy t+1 open if not yizi-open, t+3 close > open"
fail_t1_break_mid23,maxclose3,True,600,319,0.5317,601,284,136,0.4789,316,183,0.5791,False,"buy t close, max(t+1..t+3 close) > t close"
strong_seal_ny,zt_3d,False,392,215,0.5485,392,265,145,0.5472,127,70,0.5512,False,"in zt_pool t+1/t+2/t+3 (membership, not a fill)"
strong_seal_ny,hold_then_zt3,False,392,215,0.5485,392,265,145,0.5472,127,70,0.5512,False,"non-yizi t AND zt_3d (entry at t, membership win)"
strong_seal_ny,cons_not_lose,False,392,196,0.5000,392,265,132,0.4981,127,64,0.5039,False,zt_next OR (zha and change_rate>0); absent=loss
strong_seal_ny,print_not_lose,False,221,196,0.8869,392,147,132,0.8980,74,64,0.8649,False,among zt-or-zha prints only: not lose vs t close
strong_seal_ny,hold_close,False,392,220,0.5612,392,265,146,0.5509,127,74,0.5827,False,"buy t close, t+1 close > t close (needs bar)"
strong_seal_ny,hold_not_lose,False,392,224,0.5714,392,265,149,0.5623,127,75,0.5906,False,"buy t close, t+1 close >= t close"
strong_seal_ny,hold_touch3,False,392,245,0.6250,392,265,164,0.6189,127,81,0.6378,False,"buy t close, any of t+1..t+3 high touches limit"
strong_seal_ny,open_follow,False,361,146,0.4044,392,243,106,0.4362,118,40,0.3390,False,"buy t+1 open if not yizi-open, t+1 close > open"
strong_seal_ny,open_follow_flat,False,361,188,0.5208,392,243,134,0.5514,118,54,0.4576,False,"buy t+1 open if not yizi-open, close >= open"
strong_seal_ny,open_then_zt3,False,361,184,0.5097,392,243,123,0.5062,118,61,0.5169,False,"buy t+1 open if not yizi-open, then zt within 3d"
strong_seal_ny,touch3,False,361,214,0.5928,392,243,142,0.5844,118,72,0.6102,False,"buy t+1 open if not yizi-open, 3d high touches limit"
strong_seal_ny,tradable_zt,False,392,392,1.0000,392,265,265,1.0000,127,127,1.0000,True,"next-day tradable zt (old ceiling, baseline only)"
strong_seal_ny,hold_3d,False,382,174,0.4555,392,263,116,0.4411,119,58,0.4874,False,"buy t close, t+3 close > t close"
strong_seal_ny,open_3d,False,352,136,0.3864,392,242,98,0.4050,110,38,0.3455,False,"buy t+1 open if not yizi-open, t+3 close > open"
strong_seal_ny,maxclose3,False,392,257,0.6556,392,265,168,0.6340,127,89,0.7008,False,"buy t close, max(t+1..t+3 close) > t close"
strong_seal_ge3,zt_3d,False,163,101,0.6196,163,107,64,0.5981,56,37,0.6607,False,"in zt_pool t+1/t+2/t+3 (membership, not a fill)"
strong_seal_ge3,hold_then_zt3,False,163,101,0.6196,163,107,64,0.5981,56,37,0.6607,False,"non-yizi t AND zt_3d (entry at t, membership win)"
strong_seal_ge3,cons_not_lose,False,163,94,0.5767,163,107,60,0.5607,56,34,0.6071,False,zt_next OR (zha and change_rate>0); absent=loss
strong_seal_ge3,print_not_lose,False,109,94,0.8624,163,69,60,0.8696,40,34,0.8500,False,among zt-or-zha prints only: not lose vs t close
strong_seal_ge3,hold_close,False,163,102,0.6258,163,107,65,0.6075,56,37,0.6607,False,"buy t close, t+1 close > t close (needs bar)"
strong_seal_ge3,hold_not_lose,False,163,103,0.6319,163,107,66,0.6168,56,37,0.6607,False,"buy t close, t+1 close >= t close"
strong_seal_ge3,hold_touch3,False,163,115,0.7055,163,107,73,0.6822,56,42,0.7500,False,"buy t close, any of t+1..t+3 high touches limit"
strong_seal_ge3,open_follow,False,154,58,0.3766,163,102,41,0.4020,52,17,0.3269,False,"buy t+1 open if not yizi-open, t+1 close > open"
strong_seal_ge3,open_follow_flat,False,154,84,0.5455,163,102,57,0.5588,52,27,0.5192,False,"buy t+1 open if not yizi-open, close >= open"
strong_seal_ge3,open_then_zt3,False,154,92,0.5974,163,102,59,0.5784,52,33,0.6346,False,"buy t+1 open if not yizi-open, then zt within 3d"
strong_seal_ge3,touch3,False,154,106,0.6883,163,102,68,0.6667,52,38,0.7308,False,"buy t+1 open if not yizi-open, 3d high touches limit"
strong_seal_ge3,tradable_zt,False,163,163,1.0000,163,107,107,1.0000,56,56,1.0000,True,"next-day tradable zt (old ceiling, baseline only)"
strong_seal_ge3,hold_3d,False,158,82,0.5190,163,106,52,0.4906,52,30,0.5769,False,"buy t close, t+3 close > t close"
strong_seal_ge3,open_3d,False,149,59,0.3960,163,101,41,0.4059,48,18,0.3750,False,"buy t+1 open if not yizi-open, t+3 close > open"
strong_seal_ge3,maxclose3,False,163,114,0.6994,163,107,71,0.6636,56,43,0.7679,False,"buy t close, max(t+1..t+3 close) > t close"
strong_seal_ge4,zt_3d,False,81,54,0.6667,81,56,35,0.6250,25,19,0.7600,False,"in zt_pool t+1/t+2/t+3 (membership, not a fill)"
strong_seal_ge4,hold_then_zt3,False,81,54,0.6667,81,56,35,0.6250,25,19,0.7600,False,"non-yizi t AND zt_3d (entry at t, membership win)"
strong_seal_ge4,cons_not_lose,False,81,49,0.6049,81,56,33,0.5893,25,16,0.6400,False,zt_next OR (zha and change_rate>0); absent=loss
strong_seal_ge4,print_not_lose,False,56,49,0.8750,81,37,33,0.8919,19,16,0.8421,False,among zt-or-zha prints only: not lose vs t close
strong_seal_ge4,hold_close,False,81,54,0.6667,81,56,38,0.6786,25,16,0.6400,False,"buy t close, t+1 close > t close (needs bar)"
strong_seal_ge4,hold_not_lose,False,81,55,0.6790,81,56,39,0.6964,25,16,0.6400,False,"buy t close, t+1 close >= t close"
strong_seal_ge4,hold_touch3,False,81,59,0.7284,81,56,39,0.6964,25,20,0.8000,False,"buy t close, any of t+1..t+3 high touches limit"
strong_seal_ge4,open_follow,False,75,26,0.3467,81,53,18,0.3396,22,8,0.3636,False,"buy t+1 open if not yizi-open, t+1 close > open"
strong_seal_ge4,open_follow_flat,False,75,42,0.5600,81,53,29,0.5472,22,13,0.5909,False,"buy t+1 open if not yizi-open, close >= open"
strong_seal_ge4,open_then_zt3,False,75,48,0.6400,81,53,32,0.6038,22,16,0.7273,False,"buy t+1 open if not yizi-open, then zt within 3d"
strong_seal_ge4,touch3,False,75,53,0.7067,81,53,36,0.6792,22,17,0.7727,False,"buy t+1 open if not yizi-open, 3d high touches limit"
strong_seal_ge4,tradable_zt,False,81,81,1.0000,81,56,56,1.0000,25,25,1.0000,True,"next-day tradable zt (old ceiling, baseline only)"
strong_seal_ge4,hold_3d,False,79,43,0.5443,81,55,27,0.4909,24,16,0.6667,False,"buy t close, t+3 close > t close"
strong_seal_ge4,open_3d,False,73,29,0.3973,81,52,20,0.3846,21,9,0.4286,False,"buy t+1 open if not yizi-open, t+3 close > open"
strong_seal_ge4,maxclose3,False,81,59,0.7284,81,56,40,0.7143,25,19,0.7600,False,"buy t close, max(t+1..t+3 close) > t close"
early_ge4,zt_3d,False,263,146,0.5551,263,158,85,0.5380,105,61,0.5810,False,"in zt_pool t+1/t+2/t+3 (membership, not a fill)"
early_ge4,hold_then_zt3,False,263,146,0.5551,263,158,85,0.5380,105,61,0.5810,False,"non-yizi t AND zt_3d (entry at t, membership win)"
early_ge4,cons_not_lose,False,263,128,0.4867,263,158,76,0.4810,105,52,0.4952,False,zt_next OR (zha and change_rate>0); absent=loss
early_ge4,print_not_lose,False,144,128,0.8889,263,85,76,0.8941,59,52,0.8814,False,among zt-or-zha prints only: not lose vs t close
early_ge4,hold_close,False,262,154,0.5878,263,157,88,0.5605,105,66,0.6286,False,"buy t close, t+1 close > t close (needs bar)"
early_ge4,hold_not_lose,False,262,157,0.5992,263,157,89,0.5669,105,68,0.6476,False,"buy t close, t+1 close >= t close"
early_ge4,hold_touch3,False,262,172,0.6565,263,157,99,0.6306,105,73,0.6952,False,"buy t close, any of t+1..t+3 high touches limit"
early_ge4,open_follow,False,251,112,0.4462,263,150,63,0.4200,101,49,0.4851,False,"buy t+1 open if not yizi-open, t+1 close > open"
early_ge4,open_follow_flat,False,251,147,0.5857,263,150,84,0.5600,101,63,0.6238,False,"buy t+1 open if not yizi-open, close >= open"
early_ge4,open_then_zt3,False,251,135,0.5378,263,150,78,0.5200,101,57,0.5644,False,"buy t+1 open if not yizi-open, then zt within 3d"
early_ge4,touch3,False,251,162,0.6454,263,150,93,0.6200,101,69,0.6832,False,"buy t+1 open if not yizi-open, 3d high touches limit"
early_ge4,tradable_zt,False,263,263,1.0000,263,158,158,1.0000,105,105,1.0000,True,"next-day tradable zt (old ceiling, baseline only)"
early_ge4,hold_3d,False,254,131,0.5157,263,153,72,0.4706,101,59,0.5842,False,"buy t close, t+3 close > t close"
early_ge4,open_3d,False,244,107,0.4385,263,147,61,0.4150,97,46,0.4742,False,"buy t+1 open if not yizi-open, t+3 close > open"
early_ge4,maxclose3,False,262,181,0.6908,263,157,103,0.6561,105,78,0.7429,False,"buy t close, max(t+1..t+3 close) > t close"
early_ge5,zt_3d,False,113,66,0.5841,113,67,38,0.5672,46,28,0.6087,False,"in zt_pool t+1/t+2/t+3 (membership, not a fill)"
early_ge5,hold_then_zt3,False,113,66,0.5841,113,67,38,0.5672,46,28,0.6087,False,"non-yizi t AND zt_3d (entry at t, membership win)"
early_ge5,cons_not_lose,False,113,57,0.5044,113,67,33,0.4925,46,24,0.5217,False,zt_next OR (zha and change_rate>0); absent=loss
early_ge5,print_not_lose,False,63,57,0.9048,113,36,33,0.9167,27,24,0.8889,False,among zt-or-zha prints only: not lose vs t close
early_ge5,hold_close,False,112,64,0.5714,113,66,36,0.5455,46,28,0.6087,False,"buy t close, t+1 close > t close (needs bar)"
early_ge5,hold_not_lose,False,112,66,0.5893,113,66,37,0.5606,46,29,0.6304,False,"buy t close, t+1 close >= t close"
early_ge5,hold_touch3,False,112,73,0.6518,113,66,39,0.5909,46,34,0.7391,False,"buy t close, any of t+1..t+3 high touches limit"
early_ge5,open_follow,False,107,48,0.4486,113,62,25,0.4032,45,23,0.5111,False,"buy t+1 open if not yizi-open, t+1 close > open"
early_ge5,open_follow_flat,False,107,65,0.6075,113,62,37,0.5968,45,28,0.6222,False,"buy t+1 open if not yizi-open, close >= open"
early_ge5,open_then_zt3,False,107,61,0.5701,113,62,34,0.5484,45,27,0.6000,False,"buy t+1 open if not yizi-open, then zt within 3d"
early_ge5,touch3,False,107,69,0.6449,113,62,36,0.5806,45,33,0.7333,False,"buy t+1 open if not yizi-open, 3d high touches limit"
early_ge5,tradable_zt,False,113,113,1.0000,113,67,67,1.0000,46,46,1.0000,True,"next-day tradable zt (old ceiling, baseline only)"
early_ge5,hold_3d,False,107,59,0.5514,113,64,33,0.5156,43,26,0.6047,False,"buy t close, t+3 close > t close"
early_ge5,open_3d,False,103,45,0.4369,113,61,26,0.4262,42,19,0.4524,False,"buy t+1 open if not yizi-open, t+3 close > open"
early_ge5,maxclose3,False,112,75,0.6696,113,66,41,0.6212,46,34,0.7391,False,"buy t close, max(t+1..t+3 close) > t close"
early_3,zt_3d,False,306,153,0.5000,306,173,88,0.5087,133,65,0.4887,False,"in zt_pool t+1/t+2/t+3 (membership, not a fill)"
early_3,hold_then_zt3,False,306,153,0.5000,306,173,88,0.5087,133,65,0.4887,False,"non-yizi t AND zt_3d (entry at t, membership win)"
early_3,cons_not_lose,False,306,142,0.4641,306,173,83,0.4798,133,59,0.4436,False,zt_next OR (zha and change_rate>0); absent=loss
early_3,print_not_lose,False,166,142,0.8554,306,99,83,0.8384,67,59,0.8806,False,among zt-or-zha prints only: not lose vs t close
early_3,hold_close,False,306,174,0.5686,306,173,96,0.5549,133,78,0.5865,False,"buy t close, t+1 close > t close (needs bar)"
early_3,hold_not_lose,False,306,174,0.5686,306,173,96,0.5549,133,78,0.5865,False,"buy t close, t+1 close >= t close"
early_3,hold_touch3,False,306,183,0.5980,306,173,103,0.5954,133,80,0.6015,False,"buy t close, any of t+1..t+3 high touches limit"
early_3,open_follow,False,294,135,0.4592,306,163,80,0.4908,131,55,0.4198,False,"buy t+1 open if not yizi-open, t+1 close > open"
early_3,open_follow_flat,False,294,160,0.5442,306,163,94,0.5767,131,66,0.5038,False,"buy t+1 open if not yizi-open, close >= open"
early_3,open_then_zt3,False,294,141,0.4796,306,163,78,0.4785,131,63,0.4809,False,"buy t+1 open if not yizi-open, then zt within 3d"
early_3,touch3,False,294,173,0.5884,306,163,95,0.5828,131,78,0.5954,False,"buy t+1 open if not yizi-open, 3d high touches limit"
early_3,tradable_zt,False,306,306,1.0000,306,173,173,1.0000,133,133,1.0000,True,"next-day tradable zt (old ceiling, baseline only)"
early_3,hold_3d,False,301,144,0.4784,306,172,80,0.4651,129,64,0.4961,False,"buy t close, t+3 close > t close"
early_3,open_3d,False,289,121,0.4187,306,162,67,0.4136,127,54,0.4252,False,"buy t+1 open if not yizi-open, t+3 close > open"
early_3,maxclose3,False,306,207,0.6765,306,173,113,0.6532,133,94,0.7068,False,"buy t close, max(t+1..t+3 close) > t close"
strong_seal_early_ge3,zt_3d,False,150,94,0.6267,150,97,58,0.5979,53,36,0.6792,False,"in zt_pool t+1/t+2/t+3 (membership, not a fill)"
strong_seal_early_ge3,hold_then_zt3,False,150,94,0.6267,150,97,58,0.5979,53,36,0.6792,False,"non-yizi t AND zt_3d (entry at t, membership win)"
strong_seal_early_ge3,cons_not_lose,False,150,87,0.5800,150,97,54,0.5567,53,33,0.6226,False,zt_next OR (zha and change_rate>0); absent=loss
strong_seal_early_ge3,print_not_lose,False,102,87,0.8529,150,63,54,0.8571,39,33,0.8462,False,among zt-or-zha prints only: not lose vs t close
strong_seal_early_ge3,hold_close,False,150,94,0.6267,150,97,59,0.6082,53,35,0.6604,False,"buy t close, t+1 close > t close (needs bar)"
strong_seal_early_ge3,hold_not_lose,False,150,95,0.6333,150,97,60,0.6186,53,35,0.6604,False,"buy t close, t+1 close >= t close"
strong_seal_early_ge3,hold_touch3,False,150,106,0.7067,150,97,66,0.6804,53,40,0.7547,False,"buy t close, any of t+1..t+3 high touches limit"
strong_seal_early_ge3,open_follow,False,141,52,0.3688,150,92,36,0.3913,49,16,0.3265,False,"buy t+1 open if not yizi-open, t+1 close > open"
strong_seal_early_ge3,open_follow_flat,False,141,77,0.5461,150,92,51,0.5543,49,26,0.5306,False,"buy t+1 open if not yizi-open, close >= open"
strong_seal_early_ge3,open_then_zt3,False,141,85,0.6028,150,92,53,0.5761,49,32,0.6531,False,"buy t+1 open if not yizi-open, then zt within 3d"
strong_seal_early_ge3,touch3,False,141,97,0.6879,150,92,61,0.6630,49,36,0.7347,False,"buy t+1 open if not yizi-open, 3d high touches limit"
strong_seal_early_ge3,tradable_zt,False,150,150,1.0000,150,97,97,1.0000,53,53,1.0000,True,"next-day tradable zt (old ceiling, baseline only)"
strong_seal_early_ge3,hold_3d,False,145,77,0.5310,150,96,48,0.5000,49,29,0.5918,False,"buy t close, t+3 close > t close"
strong_seal_early_ge3,open_3d,False,136,54,0.3971,150,91,37,0.4066,45,17,0.3778,False,"buy t+1 open if not yizi-open, t+3 close > open"
strong_seal_early_ge3,maxclose3,False,150,106,0.7067,150,97,65,0.6701,53,41,0.7736,False,"buy t close, max(t+1..t+3 close) > t close"
theme8_mid23,zt_3d,False,644,247,0.3835,644,299,111,0.3712,345,136,0.3942,False,"in zt_pool t+1/t+2/t+3 (membership, not a fill)"
theme8_mid23,hold_then_zt3,False,644,247,0.3835,644,299,111,0.3712,345,136,0.3942,False,"non-yizi t AND zt_3d (entry at t, membership win)"
theme8_mid23,cons_not_lose,False,644,225,0.3494,644,299,109,0.3645,345,116,0.3362,False,zt_next OR (zha and change_rate>0); absent=loss
theme8_mid23,print_not_lose,False,242,225,0.9298,644,117,109,0.9316,125,116,0.9280,True,among zt-or-zha prints only: not lose vs t close
theme8_mid23,hold_close,False,644,389,0.6040,644,299,169,0.5652,345,220,0.6377,False,"buy t close, t+1 close > t close (needs bar)"
theme8_mid23,hold_not_lose,False,644,397,0.6165,644,299,172,0.5753,345,225,0.6522,False,"buy t close, t+1 close >= t close"
theme8_mid23,hold_touch3,False,644,303,0.4705,644,299,134,0.4482,345,169,0.4899,False,"buy t close, any of t+1..t+3 high touches limit"
theme8_mid23,open_follow,False,616,289,0.4692,644,281,111,0.3950,335,178,0.5313,False,"buy t+1 open if not yizi-open, t+1 close > open"
theme8_mid23,open_follow_flat,False,616,320,0.5195,644,281,131,0.4662,335,189,0.5642,False,"buy t+1 open if not yizi-open, close >= open"
theme8_mid23,open_then_zt3,False,616,219,0.3555,644,281,93,0.3310,335,126,0.3761,False,"buy t+1 open if not yizi-open, then zt within 3d"
theme8_mid23,touch3,False,616,276,0.4481,644,281,117,0.4164,335,159,0.4746,False,"buy t+1 open if not yizi-open, 3d high touches limit"
theme8_mid23,tradable_zt,False,644,644,1.0000,644,299,299,1.0000,345,345,1.0000,True,"next-day tradable zt (old ceiling, baseline only)"
theme8_mid23,hold_3d,False,635,328,0.5165,644,296,128,0.4324,339,200,0.5900,False,"buy t close, t+3 close > t close"
theme8_mid23,open_3d,False,608,275,0.4523,644,279,101,0.3620,329,174,0.5289,False,"buy t+1 open if not yizi-open, t+3 close > open"
theme8_mid23,maxclose3,False,644,464,0.7205,644,299,199,0.6656,345,265,0.7681,False,"buy t close, max(t+1..t+3 close) > t close"
theme8_ge3,zt_3d,False,213,108,0.5070,213,113,56,0.4956,100,52,0.5200,False,"in zt_pool t+1/t+2/t+3 (membership, not a fill)"
theme8_ge3,hold_then_zt3,False,213,108,0.5070,213,113,56,0.4956,100,52,0.5200,False,"non-yizi t AND zt_3d (entry at t, membership win)"
theme8_ge3,cons_not_lose,False,213,106,0.4977,213,113,57,0.5044,100,49,0.4900,False,zt_next OR (zha and change_rate>0); absent=loss
theme8_ge3,print_not_lose,False,117,106,0.9060,213,62,57,0.9194,55,49,0.8909,False,among zt-or-zha prints only: not lose vs t close
theme8_ge3,hold_close,False,212,142,0.6698,213,112,70,0.6250,100,72,0.7200,False,"buy t close, t+1 close > t close (needs bar)"
theme8_ge3,hold_not_lose,False,212,142,0.6698,213,112,70,0.6250,100,72,0.7200,False,"buy t close, t+1 close >= t close"
theme8_ge3,hold_touch3,False,212,126,0.5943,213,112,63,0.5625,100,63,0.6300,False,"buy t close, any of t+1..t+3 high touches limit"
theme8_ge3,open_follow,False,200,92,0.4600,213,105,47,0.4476,95,45,0.4737,False,"buy t+1 open if not yizi-open, t+1 close > open"
theme8_ge3,open_follow_flat,False,200,117,0.5850,213,105,63,0.6000,95,54,0.5684,False,"buy t+1 open if not yizi-open, close >= open"
theme8_ge3,open_then_zt3,False,200,96,0.4800,213,105,49,0.4667,95,47,0.4947,False,"buy t+1 open if not yizi-open, then zt within 3d"
theme8_ge3,touch3,False,200,116,0.5800,213,105,58,0.5524,95,58,0.6105,False,"buy t+1 open if not yizi-open, 3d high touches limit"
theme8_ge3,tradable_zt,False,213,213,1.0000,213,113,113,1.0000,100,100,1.0000,True,"next-day tradable zt (old ceiling, baseline only)"
theme8_ge3,hold_3d,False,205,112,0.5463,213,109,52,0.4771,96,60,0.6250,False,"buy t close, t+3 close > t close"
theme8_ge3,open_3d,False,194,87,0.4485,213,103,43,0.4175,91,44,0.4835,False,"buy t+1 open if not yizi-open, t+3 close > open"
theme8_ge3,maxclose3,False,212,162,0.7642,213,112,78,0.6964,100,84,0.8400,False,"buy t close, max(t+1..t+3 close) > t close"
theme8_3,zt_3d,False,115,54,0.4696,115,56,25,0.4464,59,29,0.4915,False,"in zt_pool t+1/t+2/t+3 (membership, not a fill)"
theme8_3,hold_then_zt3,False,115,54,0.4696,115,56,25,0.4464,59,29,0.4915,False,"non-yizi t AND zt_3d (entry at t, membership win)"
theme8_3,cons_not_lose,False,115,55,0.4783,115,56,28,0.5000,59,27,0.4576,False,zt_next OR (zha and change_rate>0); absent=loss
theme8_3,print_not_lose,False,63,55,0.8730,115,32,28,0.8750,31,27,0.8710,False,among zt-or-zha prints only: not lose vs t close
theme8_3,hold_close,False,115,77,0.6696,115,56,36,0.6429,59,41,0.6949,False,"buy t close, t+1 close > t close (needs bar)"
theme8_3,hold_not_lose,False,115,77,0.6696,115,56,36,0.6429,59,41,0.6949,False,"buy t close, t+1 close >= t close"
theme8_3,hold_touch3,False,115,66,0.5739,115,56,30,0.5357,59,36,0.6102,False,"buy t close, any of t+1..t+3 high touches limit"
theme8_3,open_follow,False,111,52,0.4685,115,53,24,0.4528,58,28,0.4828,False,"buy t+1 open if not yizi-open, t+1 close > open"
theme8_3,open_follow_flat,False,111,63,0.5676,115,53,32,0.6038,58,31,0.5345,False,"buy t+1 open if not yizi-open, close >= open"
theme8_3,open_then_zt3,False,111,50,0.4505,115,53,22,0.4151,58,28,0.4828,False,"buy t+1 open if not yizi-open, then zt within 3d"
theme8_3,touch3,False,111,63,0.5676,115,53,28,0.5283,58,35,0.6034,False,"buy t+1 open if not yizi-open, 3d high touches limit"
theme8_3,tradable_zt,False,115,115,1.0000,115,56,56,1.0000,59,59,1.0000,True,"next-day tradable zt (old ceiling, baseline only)"
theme8_3,hold_3d,False,114,59,0.5175,115,56,24,0.4286,58,35,0.6034,False,"buy t close, t+3 close > t close"
theme8_3,open_3d,False,110,51,0.4636,115,53,23,0.4340,57,28,0.4912,False,"buy t+1 open if not yizi-open, t+3 close > open"
theme8_3,maxclose3,False,115,90,0.7826,115,56,40,0.7143,59,50,0.8475,False,"buy t close, max(t+1..t+3 close) > t close"
theme10_any,zt_3d,False,580,236,0.4069,580,287,117,0.4077,293,119,0.4061,False,"in zt_pool t+1/t+2/t+3 (membership, not a fill)"
theme10_any,hold_then_zt3,False,580,236,0.4069,580,287,117,0.4077,293,119,0.4061,False,"non-yizi t AND zt_3d (entry at t, membership win)"
theme10_any,cons_not_lose,False,580,221,0.3810,580,287,114,0.3972,293,107,0.3652,False,zt_next OR (zha and change_rate>0); absent=loss
theme10_any,print_not_lose,False,236,221,0.9364,580,120,114,0.9500,116,107,0.9224,True,among zt-or-zha prints only: not lose vs t close
theme10_any,hold_close,False,579,361,0.6235,580,286,165,0.5769,293,196,0.6689,False,"buy t close, t+1 close > t close (needs bar)"
theme10_any,hold_not_lose,False,579,368,0.6356,580,286,168,0.5874,293,200,0.6826,False,"buy t close, t+1 close >= t close"
theme10_any,hold_touch3,False,579,284,0.4905,580,286,133,0.4650,293,151,0.5154,False,"buy t close, any of t+1..t+3 high touches limit"
theme10_any,open_follow,False,547,249,0.4552,580,266,106,0.3985,281,143,0.5089,False,"buy t+1 open if not yizi-open, t+1 close > open"
theme10_any,open_follow_flat,False,547,285,0.5210,580,266,126,0.4737,281,159,0.5658,False,"buy t+1 open if not yizi-open, close >= open"
theme10_any,open_then_zt3,False,547,204,0.3729,580,266,97,0.3647,281,107,0.3808,False,"buy t+1 open if not yizi-open, then zt within 3d"
theme10_any,touch3,False,547,254,0.4644,580,266,115,0.4323,281,139,0.4947,False,"buy t+1 open if not yizi-open, 3d high touches limit"
theme10_any,tradable_zt,False,580,580,1.0000,580,287,287,1.0000,293,293,1.0000,True,"next-day tradable zt (old ceiling, baseline only)"
theme10_any,hold_3d,False,571,295,0.5166,580,280,122,0.4357,291,173,0.5945,False,"buy t close, t+3 close > t close"
theme10_any,open_3d,False,541,232,0.4288,580,262,91,0.3473,279,141,0.5054,False,"buy t+1 open if not yizi-open, t+3 close > open"
theme10_any,maxclose3,False,579,423,0.7306,580,286,191,0.6678,293,232,0.7918,False,"buy t close, max(t+1..t+3 close) > t close"
suc80_ge3,zt_3d,False,339,173,0.5103,339,197,100,0.5076,142,73,0.5141,False,"in zt_pool t+1/t+2/t+3 (membership, not a fill)"
suc80_ge3,hold_then_zt3,False,339,173,0.5103,339,197,100,0.5076,142,73,0.5141,False,"non-yizi t AND zt_3d (entry at t, membership win)"
suc80_ge3,cons_not_lose,False,339,159,0.4690,339,197,99,0.5025,142,60,0.4225,False,zt_next OR (zha and change_rate>0); absent=loss
suc80_ge3,print_not_lose,False,176,159,0.9034,339,110,99,0.9000,66,60,0.9091,True,among zt-or-zha prints only: not lose vs t close
suc80_ge3,hold_close,False,338,200,0.5917,339,196,115,0.5867,142,85,0.5986,False,"buy t close, t+1 close > t close (needs bar)"
suc80_ge3,hold_not_lose,False,338,202,0.5976,339,196,116,0.5918,142,86,0.6056,False,"buy t close, t+1 close >= t close"
suc80_ge3,hold_touch3,False,338,213,0.6302,339,196,124,0.6327,142,89,0.6268,False,"buy t close, any of t+1..t+3 high touches limit"
suc80_ge3,open_follow,False,322,149,0.4627,339,185,87,0.4703,137,62,0.4526,False,"buy t+1 open if not yizi-open, t+1 close > open"
suc80_ge3,open_follow_flat,False,322,182,0.5652,339,185,106,0.5730,137,76,0.5547,False,"buy t+1 open if not yizi-open, close >= open"
suc80_ge3,open_then_zt3,False,322,157,0.4876,339,185,89,0.4811,137,68,0.4964,False,"buy t+1 open if not yizi-open, then zt within 3d"
suc80_ge3,touch3,False,322,199,0.6180,339,185,115,0.6216,137,84,0.6131,False,"buy t+1 open if not yizi-open, 3d high touches limit"
suc80_ge3,tradable_zt,False,339,339,1.0000,339,197,197,1.0000,142,142,1.0000,True,"next-day tradable zt (old ceiling, baseline only)"
suc80_ge3,hold_3d,False,333,174,0.5225,339,193,97,0.5026,140,77,0.5500,False,"buy t close, t+3 close > t close"
suc80_ge3,open_3d,False,318,140,0.4403,339,183,76,0.4153,135,64,0.4741,False,"buy t+1 open if not yizi-open, t+3 close > open"
suc80_ge3,maxclose3,False,338,231,0.6834,339,196,129,0.6582,142,102,0.7183,False,"buy t close, max(t+1..t+3 close) > t close"
intact_strong_ge3,zt_3d,False,99,60,0.6061,99,63,37,0.5873,36,23,0.6389,False,"in zt_pool t+1/t+2/t+3 (membership, not a fill)"
intact_strong_ge3,hold_then_zt3,False,99,60,0.6061,99,63,37,0.5873,36,23,0.6389,False,"non-yizi t AND zt_3d (entry at t, membership win)"
intact_strong_ge3,cons_not_lose,False,99,57,0.5758,99,63,36,0.5714,36,21,0.5833,False,zt_next OR (zha and change_rate>0); absent=loss
intact_strong_ge3,print_not_lose,False,65,57,0.8769,99,40,36,0.9000,25,21,0.8400,False,among zt-or-zha prints only: not lose vs t close
intact_strong_ge3,hold_close,False,99,62,0.6263,99,63,39,0.6190,36,23,0.6389,False,"buy t close, t+1 close > t close (needs bar)"
intact_strong_ge3,hold_not_lose,False,99,63,0.6364,99,63,40,0.6349,36,23,0.6389,False,"buy t close, t+1 close >= t close"
intact_strong_ge3,hold_touch3,False,99,70,0.7071,99,63,43,0.6825,36,27,0.7500,False,"buy t close, any of t+1..t+3 high touches limit"
intact_strong_ge3,open_follow,False,96,36,0.3750,99,61,25,0.4098,35,11,0.3143,False,"buy t+1 open if not yizi-open, t+1 close > open"
intact_strong_ge3,open_follow_flat,False,96,54,0.5625,99,61,35,0.5738,35,19,0.5429,False,"buy t+1 open if not yizi-open, close >= open"
intact_strong_ge3,open_then_zt3,False,96,57,0.5938,99,61,35,0.5738,35,22,0.6286,False,"buy t+1 open if not yizi-open, then zt within 3d"
intact_strong_ge3,touch3,False,96,67,0.6979,99,61,41,0.6721,35,26,0.7429,False,"buy t+1 open if not yizi-open, 3d high touches limit"
intact_strong_ge3,tradable_zt,False,99,99,1.0000,99,63,63,1.0000,36,36,1.0000,True,"next-day tradable zt (old ceiling, baseline only)"
intact_strong_ge3,hold_3d,False,95,53,0.5579,99,63,33,0.5238,32,20,0.6250,False,"buy t close, t+3 close > t close"
intact_strong_ge3,open_3d,False,92,40,0.4348,99,61,28,0.4590,31,12,0.3871,False,"buy t+1 open if not yizi-open, t+3 close > open"
intact_strong_ge3,maxclose3,False,99,69,0.6970,99,63,41,0.6508,36,28,0.7778,False,"buy t close, max(t+1..t+3 close) > t close"
circ_mid_ge3,zt_3d,False,523,279,0.5335,523,302,160,0.5298,221,119,0.5385,False,"in zt_pool t+1/t+2/t+3 (membership, not a fill)"
circ_mid_ge3,hold_then_zt3,False,523,279,0.5335,523,302,160,0.5298,221,119,0.5385,False,"non-yizi t AND zt_3d (entry at t, membership win)"
circ_mid_ge3,cons_not_lose,False,523,246,0.4704,523,302,145,0.4801,221,101,0.4570,False,zt_next OR (zha and change_rate>0); absent=loss
circ_mid_ge3,print_not_lose,False,278,246,0.8849,523,163,145,0.8896,115,101,0.8783,False,among zt-or-zha prints only: not lose vs t close
circ_mid_ge3,hold_close,False,522,294,0.5632,523,301,166,0.5515,221,128,0.5792,False,"buy t close, t+1 close > t close (needs bar)"
circ_mid_ge3,hold_not_lose,False,522,298,0.5709,523,301,167,0.5548,221,131,0.5928,False,"buy t close, t+1 close >= t close"
circ_mid_ge3,hold_touch3,False,522,334,0.6398,523,301,189,0.6279,221,145,0.6561,False,"buy t close, any of t+1..t+3 high touches limit"
circ_mid_ge3,open_follow,False,500,235,0.4700,523,284,134,0.4718,216,101,0.4676,False,"buy t+1 open if not yizi-open, t+1 close > open"
circ_mid_ge3,open_follow_flat,False,500,276,0.5520,523,284,158,0.5563,216,118,0.5463,False,"buy t+1 open if not yizi-open, close >= open"
circ_mid_ge3,open_then_zt3,False,500,257,0.5140,523,284,143,0.5035,216,114,0.5278,False,"buy t+1 open if not yizi-open, then zt within 3d"
circ_mid_ge3,touch3,False,500,315,0.6300,523,284,175,0.6162,216,140,0.6481,False,"buy t+1 open if not yizi-open, 3d high touches limit"
circ_mid_ge3,tradable_zt,False,523,523,1.0000,523,302,302,1.0000,221,221,1.0000,True,"next-day tradable zt (old ceiling, baseline only)"
circ_mid_ge3,hold_3d,False,512,259,0.5059,523,297,145,0.4882,215,114,0.5302,False,"buy t close, t+3 close > t close"
circ_mid_ge3,open_3d,False,491,223,0.4542,523,281,124,0.4413,210,99,0.4714,False,"buy t+1 open if not yizi-open, t+3 close > open"
circ_mid_ge3,maxclose3,False,522,354,0.6782,523,301,196,0.6512,221,158,0.7149,False,"buy t close, max(t+1..t+3 close) > t close"
