date,H,H_prev,n_zt,n_leaders,leaders,closed,has_ohlc,has_ths,has_zha,leader_absent,leader_any_absent,n_absent_leaders,n_sealed_leaders,n_zha_leaders,n_halt_expost,height_drop,height_up,height_new_high,leader_baoliang,prev_leader_baoliang,broken_themes,theme_alive,theme_dead
2025-10-09,4,,86,1,002759,True,True,True,True,False,False,0,0,0,0,False,False,False,False,False,,False,False
2025-10-10,3,4,56,1,603011,True,True,True,True,True,True,1,0,0,0,True,False,False,False,False,固态电池,False,True
2025-10-13,4,3,58,1,603011,True,True,True,True,False,False,0,1,0,0,False,True,False,True,False,,False,False
2025-10-14,4,4,37,2,000969 600078,True,True,True,True,True,True,1,0,1,0,False,False,False,True,True,可控核聚变,False,True
2025-10-15,3,4,65,1,605188,True,True,True,True,True,True,2,0,1,0,True,False,False,False,True,稀土永磁|固态电池,False,False
2025-10-16,3,3,40,4,000626 002370 002942 600403,True,True,True,True,True,True,1,0,0,0,False,False,False,True,False,零售,False,True
2025-10-17,4,3,37,2,000626 600403,True,True,True,True,False,True,2,2,0,0,False,True,False,False,True,实控人变更|化工,False,False
2025-10-20,5,4,75,2,000626 600403,True,True,True,True,False,False,0,2,0,0,False,True,True,False,False,,False,False
2025-10-21,6,5,76,1,600403,True,True,True,True,False,True,1,1,0,0,False,True,True,True,False,食品饮料,False,False
2025-10-22,7,6,56,1,600403,True,True,True,True,False,False,0,1,0,0,False,True,True,False,True,,False,False
2025-10-23,8,7,58,1,600403,True,True,True,True,False,False,0,1,0,0,False,True,True,False,False,,False,False
2025-10-24,5,8,57,1,000620,True,True,True,True,True,True,1,0,0,0,True,False,False,False,False,煤炭,False,True
2025-10-27,6,5,50,1,000620,True,True,True,True,False,False,0,1,0,0,False,True,False,False,False,,False,False
2025-10-28,7,6,57,1,000620,True,True,True,True,False,False,0,1,0,0,False,True,False,True,False,,False,False
2025-10-29,6,7,56,1,605178,True,True,True,True,True,True,1,0,0,0,True,False,False,True,True,存储,False,True
2025-10-30,7,6,46,1,605178,True,True,True,True,False,False,0,1,0,0,False,True,False,True,True,,False,False
2025-10-31,8,7,57,1,605178,True,True,True,True,False,False,0,1,0,0,False,True,False,True,True,,False,False
2025-11-03,5,8,66,1,603122,True,True,True,True,True,True,1,0,0,0,True,False,False,False,True,并购重组,True,False
2025-11-04,6,5,50,1,603122,True,True,True,True,False,False,0,1,0,0,False,True,False,False,False,,False,False
2025-11-05,7,6,66,1,603122,True,True,True,True,False,False,0,1,0,0,False,True,False,False,False,,False,False
2025-11-06,8,7,62,1,603122,True,True,True,True,False,False,0,1,0,0,False,True,False,True,False,,False,False
2025-11-07,9,8,53,1,603122,True,True,True,True,False,False,0,1,0,0,False,True,True,False,True,,False,False
2025-11-10,5,9,71,1,002451,True,True,True,True,True,True,1,0,1,0,True,False,False,True,False,医药,True,False
2025-11-11,6,5,66,1,002451,True,True,True,True,False,False,0,1,0,0,False,True,False,False,True,,False,False
2025-11-12,7,6,58,1,002451,True,True,True,True,False,False,0,1,0,0,False,True,False,False,False,,False,False
2025-11-13,8,7,85,1,002451,True,True,True,True,False,False,0,1,0,0,False,True,False,False,False,,False,False
2025-11-14,7,8,70,1,002083,True,True,True,True,True,True,1,0,0,0,True,False,False,False,False,智能电网,False,False
2025-11-17,8,7,85,1,002083,True,True,True,True,False,False,0,1,0,0,False,True,False,False,False,,False,False
2025-11-18,6,8,45,1,000407,True,True,True,True,True,True,1,0,0,0,True,False,False,True,False,锂电池,False,False
2025-11-19,6,6,54,2,003041 601566,True,True,True,True,True,True,1,0,0,0,False,False,False,True,True,并购重组,False,False
2025-11-20,7,6,41,1,601566,True,True,True,True,False,True,1,1,0,0,False,True,False,False,True,实控人变更,False,True
2025-11-21,6,7,28,1,000798,True,True,True,True,True,True,1,0,0,0,True,False,False,False,False,海峡两岸,True,False
2025-11-24,7,6,66,1,000798,True,True,True,True,False,False,0,1,0,0,False,True,False,False,False,,False,False
2025-11-25,5,7,77,1,603216,True,True,True,True,True,True,1,0,0,0,True,False,False,False,False,水产品,False,True
2025-11-26,5,5,68,1,600734,True,True,True,True,True,True,1,0,0,0,False,False,False,False,False,地产链,False,True
2025-11-27,4,5,53,2,000952 003018,True,True,True,True,True,True,1,0,0,0,True,False,False,True,False,人工智能,False,False
2025-11-28,5,4,70,1,003018,True,True,True,True,False,True,1,1,0,0,False,True,False,False,True,流感,False,True
2025-12-01,6,5,63,1,003018,True,True,True,True,False,False,0,1,0,0,False,True,False,True,False,,False,False
2025-12-02,7,6,47,1,003018,True,True,True,True,False,False,0,1,0,0,False,True,False,False,True,,False,False
2025-12-03,6,7,48,2,000078 002702,True,True,True,True,True,True,1,0,1,0,True,False,False,False,False,通信,True,False
2025-12-04,4,6,38,1,002348,True,True,True,True,True,True,2,0,1,0,True,False,False,False,False,医药|食品饮料,True,False
2025-12-05,4,4,73,2,002300 603696,True,True,True,True,True,True,1,0,0,0,False,False,False,True,False,实控人变更,False,False
2025-12-08,5,4,74,1,603696,True,True,True,True,False,True,1,1,0,0,False,True,False,False,True,海峡两岸,True,False
2025-12-09,6,5,53,1,603696,True,True,True,True,False,False,0,1,0,0,False,True,False,True,False,,False,False
2025-12-10,6,6,56,1,002682,True,True,True,True,True,True,1,0,1,0,False,False,False,True,True,食品饮料,False,True
2025-12-11,5,6,32,1,600693,True,True,True,True,True,True,1,0,0,0,True,False,False,True,True,海峡两岸,False,True
2025-12-12,5,5,77,1,603601,True,True,True,True,True,True,1,0,0,0,False,False,False,True,True,零售,False,False
2025-12-15,6,5,57,1,603601,True,True,True,True,False,False,0,1,0,0,False,True,False,False,True,,False,False
2025-12-16,4,6,40,3,000890 001208 600865,True,True,True,True,True,True,1,0,0,0,True,False,False,True,False,商业航天,True,False
2025-12-17,5,4,49,1,600865,True,True,True,True,False,True,2,1,1,0,False,True,False,True,True,通信|商业航天,True,False
2025-12-18,6,5,59,1,600865,True,True,True,True,False,False,0,1,0,0,False,True,False,False,True,,False,False
2025-12-19,6,6,70,1,001331,True,True,True,True,True,True,1,0,0,0,False,False,False,False,False,零售,True,False
2025-12-22,7,6,79,1,001331,True,True,True,True,False,False,0,1,0,0,False,True,False,False,False,,False,False
2025-12-23,8,7,54,1,001331,True,True,True,True,False,False,0,1,0,0,False,True,True,True,False,,False,False
2025-12-24,9,8,75,1,001331,True,True,True,True,False,False,0,1,0,0,False,True,True,True,True,,False,False
2025-12-25,10,9,78,1,001331,True,True,True,True,False,False,0,1,0,0,False,True,True,False,True,,False,False
2025-12-26,11,10,81,1,001331,True,True,True,True,False,False,0,1,0,0,False,True,True,True,False,,False,False
2025-12-29,12,11,72,1,001331,True,True,True,True,False,False,0,1,0,0,False,True,True,False,True,,False,False
2025-12-30,10,12,53,1,002969,True,True,True,True,True,True,1,0,0,1,True,False,False,False,False,机器人概念,True,False
2025-12-31,6,10,56,2,002931 603278,True,True,True,True,True,True,1,0,1,0,True,False,False,True,False,实控人变更,True,False
2026-01-05,7,6,107,1,002931,True,True,True,True,False,True,1,1,0,0,False,True,False,False,True,商业航天,True,False
2026-01-06,13,7,117,1,001331,True,True,True,True,False,False,0,1,0,0,False,True,True,False,False,,False,False
2026-01-07,14,13,80,1,001331,True,True,True,True,False,False,0,1,0,0,False,True,True,False,False,,False,False
2026-01-08,10,14,92,1,002931,True,True,True,True,True,True,1,0,0,0,True,False,False,True,False,机器人概念,True,False
2026-01-09,11,10,92,1,002931,True,True,True,True,False,False,0,1,0,0,False,True,False,False,True,,False,False
2026-01-12,12,11,178,1,002931,True,True,True,True,False,False,0,1,0,0,False,True,False,False,False,,False,False
2026-01-13,13,12,65,1,002931,True,True,True,True,False,False,0,1,0,0,False,True,False,True,False,,False,False
2026-01-14,5,13,99,1,003007,True,True,True,True,True,True,1,0,0,1,True,False,False,True,True,机器人概念,False,False
2026-01-15,4,5,55,2,001255 603000,True,True,True,True,True,True,1,0,0,0,True,False,False,True,True,人工智能,True,False
2026-01-16,5,4,58,1,001255,True,True,True,True,False,True,1,1,0,0,False,True,False,False,True,人工智能,False,False
2026-01-19,14,5,87,1,002931,True,True,True,True,True,True,1,0,0,0,False,True,False,True,False,智能电网,True,False
2026-01-20,15,14,53,1,002931,True,True,True,True,False,False,0,1,0,0,False,True,True,False,True,,False,False
2026-01-21,16,15,78,1,002931,True,True,True,True,False,False,0,1,0,0,False,True,True,True,False,,False,False
2026-01-22,17,16,72,1,002931,True,True,True,True,False,False,0,1,0,0,False,True,True,True,True,,False,False
2026-01-23,18,17,102,1,002931,True,True,True,True,False,False,0,1,0,0,False,True,True,True,True,,False,False
2026-01-26,5,18,70,1,601212,True,True,True,True,True,True,1,0,0,0,True,False,False,True,True,机器人概念,True,False
2026-01-27,6,5,53,1,601212,True,True,True,True,False,False,0,1,0,0,False,True,False,False,True,,False,False
2026-01-28,7,6,80,1,601212,True,True,True,True,False,False,0,1,0,0,False,True,False,False,False,,False,False
2026-01-29,8,7,82,1,601212,True,True,True,True,False,False,0,1,0,0,False,True,False,False,False,,False,False
2026-01-30,5,8,48,1,002155,True,True,True,True,True,True,1,0,0,0,True,False,False,True,False,黄金,False,False
2026-02-02,3,5,36,3,000995 603103 603172,True,True,True,True,True,True,1,0,0,0,True,False,False,True,True,黄金,False,True
2026-02-03,4,3,69,3,000995 603103 603172,True,True,True,True,False,False,0,3,0,0,False,True,False,True,True,,False,False
2026-02-04,4,4,68,2,002830 603618,True,True,True,True,True,True,3,0,1,0,False,False,False,True,True,酿酒|文化传媒|化工,True,False
2026-02-05,4,4,44,1,301362,True,True,True,True,True,True,2,0,2,0,False,False,False,True,True,地产链|通信,False,False
2026-02-06,4,4,55,1,603616,True,True,True,True,True,True,1,0,0,0,False,False,False,True,True,并购重组,True,False
2026-02-09,5,4,83,1,603616,True,True,True,True,False,False,0,1,0,0,False,True,False,True,True,,False,False
2026-02-10,3,5,60,1,002455,True,True,True,True,True,True,1,0,0,0,True,False,False,False,True,并购重组,False,True
2026-02-11,4,3,51,1,002455,True,True,True,True,False,False,0,1,0,0,False,True,False,True,False,,False,False
2026-02-12,4,4,60,4,002323 600589 603533 605287,True,True,True,True,True,True,1,0,0,0,False,False,False,True,True,化工,True,False
2026-02-13,5,4,32,1,603533,True,True,True,True,False,True,3,1,1,0,False,True,False,True,True,光伏|算力|AI应用,True,False
2026-02-24,4,5,92,2,001896 605033,True,True,True,True,True,True,1,0,0,0,True,False,False,False,True,AI应用,True,False
2026-02-25,5,4,75,1,001896,True,True,True,True,False,True,1,1,1,0,False,True,False,True,False,农业,False,True
2026-02-26,6,5,61,1,001896,True,True,True,True,False,False,0,1,0,0,False,True,False,False,True,,False,False
2026-02-27,7,6,75,1,001896,True,True,True,True,False,False,0,1,0,0,False,True,False,False,False,,False,False
2026-03-02,3,7,87,2,002843 603950,True,True,True,True,True,True,1,0,0,0,True,False,False,True,False,算力,True,False
2026-03-03,3,3,76,4,002980 600108 603318 603353,True,True,True,True,True,True,2,0,1,0,False,False,False,True,True,电源|发电机,False,True
2026-03-04,4,3,44,2,600108 603318,True,True,True,True,False,True,2,2,0,0,False,True,False,True,True,并购重组|石油石化,True,False
2026-03-05,2,4,68,7,000533 002339 002498 002877 300265 600545 605268,True,True,True,True,True,True,2,0,0,0,True,False,False,True,True,农业|天然气,False,True
2026-03-06,3,2,74,4,000533 002498 600545 605268,True,True,True,True,False,True,3,4,0,0,False,True,False,True,True,智能电网|人工智能,True,False
2026-03-09,4,3,42,2,000533 605268,True,True,True,True,False,True,2,2,0,0,False,True,False,True,True,智能电网|人工智能,True,False
2026-03-10,5,4,55,1,605268,True,True,True,True,False,True,1,1,1,0,False,True,False,False,True,智能电网,True,False
2026-03-11,4,5,53,1,601789,True,True,True,True,True,True,1,0,1,0,True,False,False,True,False,地产链,False,True
2026-03-12,4,4,52,1,002445,True,True,True,True,True,True,1,0,0,0,False,False,False,False,True,算力,False,False
2026-03-13,5,4,59,1,002445,True,True,True,True,False,False,0,1,0,0,False,True,False,True,False,,False,False
2026-03-16,3,5,44,2,000890 600370,True,True,True,True,True,True,1,0,0,0,True,False,False,True,True,电力,False,True
2026-03-17,4,3,39,2,000890 600370,True,True,True,True,False,False,0,2,0,0,False,True,False,False,True,,False,False
2026-03-18,5,4,57,1,600370,True,True,True,True,False,True,1,1,0,0,False,True,False,False,False,通信,True,False
2026-03-19,4,5,28,2,000020 600396,True,True,True,True,True,True,1,0,0,0,True,False,False,True,False,化工,True,False
2026-03-20,5,4,28,2,000020 600396,True,True,True,True,False,False,0,2,0,0,False,True,False,True,True,,False,False
2026-03-23,6,5,28,1,600396,True,True,True,True,False,True,1,1,1,0,False,True,False,False,True,地产链,False,True
2026-03-24,7,6,83,1,600396,True,True,True,True,False,False,0,1,0,0,False,True,False,False,False,,False,False
2026-03-25,8,7,84,1,600396,True,True,True,True,False,False,0,1,0,0,False,True,True,False,False,,False,False
2026-03-26,3,8,39,4,000720 000722 002192 603538,True,True,True,True,True,True,1,0,1,0,True,False,False,True,False,电力,True,False
2026-03-27,4,3,78,3,000720 002192 603538,True,True,True,True,False,True,1,3,0,0,False,True,False,True,True,电力,True,False
2026-03-30,5,4,62,1,603538,True,True,True,True,False,True,2,1,0,0,False,True,False,False,True,智能电网|锂电池,False,False
2026-03-31,4,5,53,1,002361,True,True,True,True,True,True,1,0,0,0,True,False,False,False,False,医药,True,False
2026-04-01,4,4,56,1,600488,True,True,True,True,True,True,1,0,0,0,False,False,False,False,False,商业航天,False,True
2026-04-02,5,4,27,1,600488,True,True,True,True,False,False,0,1,0,0,False,True,False,False,False,,False,False
2026-04-03,6,5,36,1,600488,True,True,True,True,False,False,0,1,0,0,False,True,False,True,False,,False,False
2026-04-07,7,6,93,1,600488,True,True,True,True,False,False,0,1,0,0,False,True,False,True,True,,False,False
2026-04-08,4,7,122,1,000586,True,True,True,True,True,True,1,0,1,0,True,False,False,True,True,医药,True,False
2026-04-09,5,4,53,1,000586,True,True,True,True,False,False,0,1,0,0,False,True,False,True,True,,False,False
2026-04-10,4,5,59,1,600743,True,True,True,True,True,True,1,0,0,0,True,False,False,False,True,通信,True,False
2026-04-13,5,4,59,1,600743,True,True,True,True,False,False,0,1,0,0,False,True,False,False,False,,False,False
2026-04-14,6,5,55,1,600743,True,True,True,True,False,False,0,1,0,0,False,True,False,False,False,,False,False
2026-04-15,5,6,57,1,002580,True,True,True,True,True,True,1,0,1,0,True,False,False,False,False,并购重组,True,False
2026-04-16,6,5,79,1,002580,True,True,True,True,False,False,0,1,0,0,False,True,False,False,False,,False,False
2026-04-17,7,6,69,1,002580,True,True,True,True,False,False,0,1,0,0,False,True,False,False,False,,False,False
2026-04-20,6,7,75,1,002297,True,True,True,True,True,True,1,0,1,0,True,False,False,False,False,算力,True,False
2026-04-21,4,6,53,1,600961,True,True,True,True,True,True,1,0,0,0,True,False,False,True,False,商业航天,True,False
2026-04-22,4,4,54,2,002081 003018,True,True,True,True,True,True,1,0,1,0,False,False,False,False,True,一季报增长,True,False
2026-04-23,5,4,50,1,002081,True,True,True,True,False,True,1,1,1,0,False,True,False,True,False,算力,True,False
2026-04-24,3,5,59,2,001234 603318,True,True,True,True,True,True,1,0,0,0,True,False,False,False,True,商业航天,True,False
2026-04-27,4,3,65,1,603318,True,True,True,True,False,True,1,1,0,0,False,True,False,True,False,服装家纺,False,True
2026-04-28,5,4,58,1,603318,True,True,True,True,False,False,0,1,0,0,False,True,False,False,True,,False,False
2026-04-29,3,5,99,2,002210 603095,True,True,True,True,True,True,1,0,0,0,True,False,False,True,False,芯片,True,False
2026-04-30,4,3,78,1,603095,True,True,True,True,False,True,1,1,0,0,False,True,False,False,True,一季报增长,True,False
2026-05-06,4,4,100,3,002081 600379 603399,True,True,True,True,True,True,1,0,0,0,False,False,False,False,False,新型工业化,False,True
2026-05-07,5,4,99,1,002081,True,True,True,True,False,True,2,1,2,0,False,True,False,False,False,芯片|锂电池,True,False
2026-05-08,4,5,97,1,603045,True,True,True,True,True,True,1,0,0,0,True,False,False,False,False,商业航天,True,False
2026-05-11,5,4,92,1,603045,True,True,True,True,False,False,0,1,0,0,False,True,False,False,False,,False,False
2026-05-12,5,5,57,1,601991,True,True,True,True,True,True,1,0,0,0,False,False,False,True,False,算力,True,False
2026-05-13,6,5,112,1,601991,True,True,True,True,False,False,0,1,0,0,False,True,False,False,True,,False,False
2026-05-14,5,6,54,1,002918,True,True,True,True,True,True,1,0,1,0,True,False,False,False,False,电力,False,True
2026-05-15,6,5,54,1,002918,True,True,True,True,False,False,0,1,0,0,False,True,False,False,False,,False,False
2026-05-18,6,6,81,1,001259,True,True,True,True,True,True,1,0,0,0,False,False,False,True,False,芯片,True,False
2026-05-19,7,6,90,1,001259,True,True,True,True,False,False,0,1,0,0,False,True,False,False,True,,False,False
2026-05-20,8,7,61,1,001259,True,True,True,True,False,False,0,1,0,0,False,True,True,True,False,,False,False
2026-05-21,7,8,33,1,603779,True,True,True,True,True,True,1,0,1,0,True,False,False,True,True,股权转让,False,True
2026-05-22,3,7,115,4,000518 002442 300069 600611,True,True,True,True,True,True,1,0,0,0,True,False,False,True,True,实控人变更,False,False
2026-05-25,4,3,103,1,000518,True,True,True,True,False,True,3,1,1,0,False,True,False,False,True,化工|并购重组|芯片,True,False
2026-05-26,3,4,46,4,000510 002552 002585 600172,True,True,True,True,True,True,1,0,0,0,True,False,False,True,False,医药,False,True
2026-05-27,3,3,47,3,000509 600162 600726,True,True,True,True,True,True,4,0,0,0,False,False,False,True,True,有色金属|通信|元器件|金刚石概念,True,False
2026-05-28,4,3,101,3,000509 600162 600726,True,True,True,True,False,False,0,3,0,0,False,True,False,True,True,,False,False
2026-05-29,5,4,49,2,600162 600726,True,True,True,True,False,True,1,2,1,0,False,True,False,False,True,新型工业化,False,True
2026-06-01,4,5,118,2,000539 603011,True,True,True,True,True,True,2,0,0,0,True,False,False,True,False,地产链|电力,True,False
2026-06-02,3,4,64,2,600280 603890,True,True,True,True,True,True,2,0,0,0,True,False,False,False,True,电力|通信,True,False
2026-06-03,3,3,66,5,300197 600121 600367 600403 603330,True,True,True,True,True,True,2,0,0,0,False,False,False,True,False,零售|AI PC,False,True
2026-06-04,4,3,78,3,600367 600403 603330,True,True,True,True,False,True,2,3,0,0,False,True,False,True,True,并购重组|煤炭,True,False
2026-06-05,5,4,71,1,600403,True,True,True,True,False,True,2,1,2,0,False,True,False,True,True,元器件|通信,True,False
2026-06-08,6,5,55,1,600403,True,True,True,True,False,False,0,1,0,0,False,True,False,False,True,,False,False
2026-06-09,3,6,127,2,002254 002354,True,True,True,True,True,True,1,0,0,0,True,False,False,True,False,煤炭,False,False
2026-06-10,4,3,70,1,002354,True,True,True,True,False,True,1,1,0,0,False,True,False,False,True,通信,True,False
2026-06-11,3,4,69,4,000048 002971 600500 603065,True,True,True,True,True,True,1,0,0,0,True,False,False,True,False,AI应用,False,True
2026-06-12,4,3,88,2,002971 603065,True,True,True,True,False,True,2,2,1,0,False,True,False,True,True,股权转让|通信,True,False
2026-06-15,3,4,144,4,000032 000510 001257 601958,True,True,True,True,True,True,2,0,0,0,True,False,False,True,True,芯片,True,False
2026-06-16,4,3,116,2,000032 001257,True,True,True,True,False,True,2,2,0,0,False,True,False,False,True,有色金属,True,False
2026-06-17,3,4,85,10,000777 002080 002741 600110 600353 601636 603002 603115 603186 603618,True,True,True,True,True,True,2,0,1,0,True,False,False,True,False,芯片|有色金属,True,False
2026-06-18,4,3,91,1,600353,True,True,True,True,False,True,9,1,0,0,False,True,False,False,True,中字头|通信|芯片|电阻电容,True,False
2026-06-22,5,4,132,1,600353,True,True,True,True,False,False,0,1,0,0,False,True,False,False,False,,False,False
2026-06-23,5,5,94,1,600397,True,True,True,True,True,True,1,0,0,0,False,False,False,True,False,非金属材料,True,False
2026-06-24,4,5,98,3,002167 002674 603407,True,True,True,True,True,True,1,0,0,0,True,False,False,True,True,有色金属,False,False
2026-06-25,5,4,85,1,002674,True,True,True,True,False,True,2,1,1,0,False,True,False,False,True,非金属材料,False,True
2026-06-26,6,5,60,1,002674,True,True,True,True,False,False,0,1,0,0,False,True,False,True,False,,False,False
2026-06-29,3,6,105,1,603956,True,True,True,True,True,True,1,0,1,0,True,False,False,True,True,芯片,True,False
2026-06-30,3,3,138,1,603928,True,True,True,True,True,True,1,0,0,0,False,False,False,False,True,机器人概念,True,False
2026-07-01,3,3,149,3,000566 002407 600113,True,True,True,True,True,True,1,0,1,0,False,False,False,False,False,芯片,True,False
2026-07-02,4,3,91,1,000566,True,True,True,True,False,True,2,1,0,0,False,True,False,False,False,芯片|零售,True,False
2026-07-03,4,4,104,1,603137,True,True,True,True,True,True,1,0,0,0,False,False,False,False,False,医药,True,False
2026-07-06,5,4,64,1,603137,True,True,True,True,False,False,0,1,0,0,False,True,False,False,False,,False,False
2026-07-07,6,5,33,1,603137,True,True,True,True,False,False,0,1,0,0,False,True,False,False,False,,False,False
2026-07-08,7,6,46,1,603137,True,True,True,True,False,False,0,1,0,0,False,True,True,True,False,,False,False
2026-07-09,8,7,74,1,603137,True,True,True,True,False,False,0,1,0,0,False,True,True,False,True,,False,False
2026-07-10,2,8,88,9,000887 000892 001395 002346 002414 002829 003020 600992 603898,True,True,True,True,True,True,1,0,1,0,True,False,False,True,False,并购重组,False,False
2026-07-13,3,2,27,3,001395 003020 600992,True,True,True,True,False,True,6,3,0,0,False,True,False,True,True,机器人概念|AI应用|智能电网|中报增长,True,False
2026-07-14,3,3,79,1,600664,True,True,True,True,True,True,3,0,0,0,False,False,False,True,True,中报增长|医药|商业航天,True,False
2026-07-15,4,3,71,1,600664,True,True,True,True,False,False,0,1,0,0,False,True,False,False,True,,False,False
2026-07-16,5,4,40,1,600664,True,True,True,True,False,False,0,1,0,0,False,True,False,True,False,,False,False
2026-07-17,4,5,32,1,603580,True,True,True,True,True,True,1,0,1,0,True,False,False,True,True,医药,True,False
2026-07-20,3,4,53,1,001258,True,True,True,True,True,True,1,0,1,0,True,False,False,False,True,实控人变更,False,False
2026-07-21,4,3,120,1,001258,True,True,True,True,False,False,0,1,0,0,False,True,False,True,False,,False,False
2026-07-22,5,4,46,1,001258,True,True,True,True,False,False,0,1,0,0,False,True,False,False,True,,False,False
2026-07-23,6,5,115,1,001258,True,True,True,True,False,False,0,1,0,0,False,True,False,False,False,,False,False
2026-07-24,4,6,40,2,002879 603221,True,True,True,True,True,True,1,0,1,0,True,False,False,True,False,绿色电力,True,False
2026-07-27,5,4,111,2,002879 603221,True,True,True,True,False,False,0,2,0,0,False,True,False,True,True,,False,False
2026-07-28,6,5,60,1,603221,True,True,True,True,False,True,1,1,0,0,False,True,False,False,True,智能电网,True,False
2026-07-29,7,6,81,1,603221,True,True,True,True,False,False,0,1,0,0,False,True,False,False,False,,False,False
2026-07-30,8,7,51,1,603221,True,True,True,True,False,False,0,1,0,0,False,True,False,True,False,,False,False
2026-07-31,9,8,98,1,603221,True,True,True,True,False,False,0,1,0,0,False,True,True,True,True,,False,False
2026-08-03,6,9,75,1,003032,True,True,True,True,True,True,1,0,0,1,True,False,False,False,True,并购重组,True,False
2026-08-04,7,6,137,1,003032,True,False,True,True,False,False,0,1,0,0,False,True,False,True,False,,False,False
2026-08-05,8,7,102,1,003032,True,False,True,True,False,False,0,1,0,0,False,True,False,False,True,,False,False
2026-08-06,10,8,79,1,603221,True,True,True,True,True,True,1,0,0,0,False,True,True,False,False,AI应用,True,False
2026-08-07,4,10,74,5,001267 002428 002552 600721 603773,True,False,True,True,True,True,1,0,0,0,True,False,False,False,False,并购重组,True,False
2026-08-10,5,4,99,2,002552 600721,True,False,True,True,False,True,3,2,0,0,False,True,False,True,False,通信|芯片,True,False
2026-08-11,6,5,58,1,600721,True,False,True,True,False,True,1,1,1,0,False,True,False,True,True,通信,False,False
2026-08-12,7,6,91,1,600721,True,False,True,True,False,False,0,1,0,0,False,True,False,True,True,,False,False
2026-08-13,5,7,59,1,603758,False,False,True,True,True,True,1,0,0,0,True,False,False,True,True,医药,True,False
