date,code,name,boards,theme,amount,turnover_rate,price,one_price,board_type,baoliang,amt_ratio_prev,amt_ratio_med,n_prior
2025-10-09,002759,天际股份,4,固态电池,3843792715.0,51.56,21.69,False,换手板,,,,0
2025-10-10,603011,合锻智能,3,核电,129993370.0,1.7,23.78,True,一字板,False,0.674910005246395,0.674910005246395,1
2025-10-13,603011,合锻智能,4,可控核聚变,1820370111.0,22.28,26.16,False,换手板,True,14.003561189312963,11.285553881872087,2
2025-10-14,000969,安泰科技,4,稀土永磁,1310323499.0,9.87,19.86,False,T字板,True,2.7970127547236343,2.0726466418298677,3
2025-10-14,600078,澄星股份,4,固态电池,73263197.0,1.11,9.92,True,一字板,False,0.2606287631816201,0.4215120767720999,3
2025-10-15,605188,国光连锁,3,零售,982195395.0,41.1,20.9,False,换手板,False,1.154573041577682,1.7516721583267092,2
2025-10-16,000626,远大控股,3,食品饮料,537349008.0,29.96,8.87,False,T字板,False,1.773871149610959,2.8212943817471623,2
2025-10-16,002370,亚太药业,3,实控人变更,140183681.0,2.83,7.55,True,一字板,True,2.1958173237605645,1.8636328022959066,2
2025-10-16,002942,新农股份,3,化工,479620149.0,36.87,26.46,False,换手板,False,1.5535756931824423,2.3587612424419104,2
2025-10-16,600403,大有能源,3,煤炭,870093988.0,40.62,6.0,False,换手板,True,2.0618999827518185,2.0368135441765705,2
2025-10-17,000626,远大控股,4,食品饮料,524887547.0,26.18,9.76,False,换手板,False,0.9768093719082478,1.7327339634976422,3
2025-10-17,600403,大有能源,4,煤炭,315679592.0,12.99,6.6,False,换手板,False,0.36281091049212033,0.7300953536339067,3
2025-10-20,000626,远大控股,5,食品饮料,956158120.0,45.3,10.74,False,T字板,False,1.821643751056643,2.3100850935443153,4
2025-10-20,600403,大有能源,5,煤炭,328504321.0,12.49,7.26,False,换手板,False,1.0406257779248524,0.7689997397537792,4
2025-10-21,600403,大有能源,6,国有企业,910805160.0,30.97,7.99,False,T字板,True,2.7725819776964213,2.1583750371738772,5
2025-10-22,600403,大有能源,7,国有企业,649011209.0,20.15,8.79,False,换手板,False,0.7125686562864884,1.5192781918332379,6
2025-10-23,600403,大有能源,8,煤炭,664891598.0,18.99,9.67,False,换手板,False,1.0244685897250814,1.537743581377992,7
2025-10-24,000620,盈新发展,5,并购重组,36476645.0,0.66,2.64,True,一字板,False,0.5121880659089405,0.12639603846143063,4
2025-10-27,000620,盈新发展,6,芯片,33743228.0,0.55,2.9,True,一字板,False,0.9250639141839936,0.47380669704805384,5
2025-10-28,000620,盈新发展,7,存储,170079532.0,2.54,3.19,True,一字板,True,5.040404907319478,2.4954432615550783,6
2025-10-29,605178,时空科技,6,并购重组,81604248.0,2.5,57.71,True,一字板,True,4.536723868663344,4.60379732013707,4
2025-10-30,605178,时空科技,7,并购重组,393074508.0,10.94,63.48,True,一字板,True,4.816838799862477,21.852667554839798,5
2025-10-31,605178,时空科技,8,并购重组,2347895869.0,61.3,69.83,False,换手板,True,5.973157305332046,125.48493588881092,6
2025-11-03,603122,合富中国,5,医药,271109160.0,14.09,10.77,False,T字板,False,0.5656127334731514,0.7312358204028283,4
2025-11-04,603122,合富中国,6,医药,292415981.0,13.8,11.85,False,T字板,False,1.0785912987963961,1.0785912987963961,5
2025-11-05,603122,合富中国,7,医药,76507114.0,3.28,13.04,True,一字板,False,0.2616379369498277,0.2715304373616225,6
2025-11-06,603122,合富中国,8,医药零售,1757103346.0,70.05,14.34,False,T字板,True,22.966535451853535,6.481165542322509,7
2025-11-07,603122,合富中国,9,医药,1781413029.0,70.81,15.77,False,换手板,False,1.013835090039149,6.322390606526639,8
2025-11-10,002451,摩恩电气,5,智能电网,1589891926.0,52.8,11.41,False,换手板,True,2.1790499560929963,6.710283772078203,4
2025-11-11,002451,摩恩电气,6,智能电网,2111874607.0,63.83,12.55,False,换手板,False,1.32831331014634,7.289000391675879,5
2025-11-12,002451,摩恩电气,7,智能电网,2038160944.0,56.5,13.81,False,换手板,False,0.9650956251116096,3.998900550071848,6
2025-11-13,002451,摩恩电气,8,智能电网,1730958286.0,43.1,15.19,False,换手板,False,0.8492745830969077,2.3723905477001006,7
2025-11-14,002083,孚日股份,7,锂电池,74344487.0,1.0,11.56,True,一字板,False,0.38861080378002133,0.1228951883117186,6
2025-11-17,002083,孚日股份,8,锂电池,77841490.0,0.95,12.72,True,一字板,False,1.0470378254140082,0.13199726956732868,7
2025-11-18,000407,胜利股份,6,并购重组,1907119245.0,41.83,6.7,False,T字板,True,36.96557187252098,46.42819222552904,5
2025-11-19,003041,真爱美家,6,实控人变更,1146632685.0,39.94,54.59,False,T字板,True,6.261619605460075,27.10064575268338,5
2025-11-19,601566,九牧王,6,海峡两岸,1199283322.0,27.6,16.74,False,换手板,True,3.9598791797744903,3.9598791797744903,5
2025-11-20,601566,九牧王,7,海峡两岸,1655178333.0,62.33,18.41,False,换手板,False,1.3801395405380281,4.502761481396363,6
2025-11-21,000798,中水渔业,6,水产品,1416131995.0,62.05,15.09,False,换手板,False,1.8971803934462819,4.281936034558002,5
2025-11-24,000798,中水渔业,7,水产品,863586086.0,33.8,16.6,False,换手板,False,0.609820333873609,1.7903264810893507,6
2025-11-25,603216,梦天家居,5,地产链,657022783.0,39.95,25.29,False,换手板,False,1.7689567778692432,3.2060472044021884,4
2025-11-26,600734,实达集团,5,人工智能,270710214.0,2.7,6.15,True,一字板,False,0.17748032859019436,0.19744361807970914,4
2025-11-27,000952,广济药业,4,流感,1185582584.0,45.59,10.42,False,换手板,True,3.0118507295909107,4.082538684912191,3
2025-11-27,003018,金富科技,4,通信,98264332.0,5.83,18.65,True,一字板,False,0.20568614048352352,0.5604522898120802,3
2025-11-28,003018,金富科技,5,通信,56342687.0,3.04,20.52,True,一字板,False,0.5733788227451645,0.41186965629815125,4
2025-12-01,003018,金富科技,6,通信,156783069.0,7.68,22.57,True,一字板,True,2.7826693639939464,1.5955236840158848,5
2025-12-02,003018,金富科技,7,通信,298076342.0,13.29,24.83,False,T字板,False,1.9012023677122942,2.3374191686038785,6
2025-12-03,000078,海王生物,6,医药,803241088.0,12.94,4.52,False,换手板,False,0.8655849402683405,0.6449219254474974,5
2025-12-03,002702,海欣食品,6,食品饮料,1507288814.0,46.02,9.64,False,T字板,False,1.216185794237899,1.658647794632354,5
2025-12-04,002348,高乐股份,4,实控人变更,23589760.0,0.55,6.4,True,一字板,False,0.8215582705447816,0.7389328410656127,3
2025-12-05,002300,太阳电缆,4,海峡两岸,1759083541.0,54.02,10.36,False,换手板,True,12.400593963766367,5.246537387884785,3
2025-12-05,603696,安记食品,4,食品饮料,462212262.0,28.01,19.47,False,换手板,False,0.5658868732457842,0.5658868732457842,3
2025-12-08,603696,安记食品,5,海峡两岸,77451999.0,4.12,21.42,True,一字板,False,0.16756803176286136,0.12111289923988278,4
2025-12-09,603696,安记食品,6,食品饮料,1314665484.0,66.65,23.56,False,换手板,True,16.97393871009062,2.844289500913327,5
2025-12-10,002682,龙洲股份,6,海峡两岸,3119761930.0,74.75,10.49,False,换手板,True,3.21627917455863,9.697554037083846,5
2025-12-11,600693,东百集团,5,零售,3171232801.0,63.45,14.92,False,换手板,True,53.170126179324825,3.9973257962824102,4
2025-12-12,603601,再升科技,5,商业航天,1677962390.0,34.28,8.43,False,换手板,True,2.4764455782916572,3.770280978230313,4
2025-12-15,603601,再升科技,6,商业航天,3288328897.0,61.09,9.27,False,换手板,False,1.9597154957686507,4.853128774205918,5
2025-12-16,000890,法尔胜,4,通信,158041257.0,8.91,7.11,True,一字板,False,1.921200562832891,0.5416906340758231,3
2025-12-16,001208,华菱线缆,4,商业航天,1405370672.0,30.18,19.77,False,换手板,True,9.98652730089587,9.98652730089587,3
2025-12-16,600865,百大集团,4,零售,122924180.0,5.01,14.38,True,一字板,False,0.15045353558516308,0.18366894030085648,3
2025-12-17,600865,百大集团,5,零售,1414820235.0,52.74,15.82,False,T字板,True,11.509698376674141,2.4073109672444444,4
2025-12-18,600865,百大集团,6,零售,1463878775.0,51.33,17.4,False,换手板,False,1.0346747514534946,2.187275630662461,5
2025-12-19,001331,胜通能源,6,实控人变更,29091441.0,1.94,26.14,True,一字板,False,1.4735941612698764,3.6398793656839064,5
2025-12-22,001331,胜通能源,7,实控人变更,16494507.0,1.0,28.75,True,一字板,False,0.5669883110980992,1.1894685725366394,6
2025-12-23,001331,胜通能源,8,实控人变更,85679344.0,4.73,31.63,True,一字板,True,5.194416783720786,5.194416783720786,7
2025-12-24,001331,胜通能源,9,实控人变更,285646913.0,14.35,34.79,True,一字板,True,3.3339063963888425,15.765773270552147,8
2025-12-25,001331,胜通能源,10,实控人变更,105550075.0,4.82,38.27,True,一字板,False,0.36951239518559054,5.346520106776339,9
2025-12-26,001331,胜通能源,11,机器人概念,1097176580.0,45.58,42.1,False,T字板,True,10.394844153355647,46.82524326269401,10
2025-12-29,001331,胜通能源,12,机器人概念,1157260373.0,44.94,46.31,False,换手板,False,1.0547621906038134,42.67060911660961,11
2025-12-30,002969,嘉美包装,10,实控人变更,98053109.0,1.97,11.85,True,一字板,False,1.0248131643502583,4.090590758945521,9
2025-12-31,002931,锋龙股份,6,机器人概念,16483080.0,0.47,31.7,True,一字板,True,4.392010698729459,2.512390798868721,5
2025-12-31,603278,大业股份,6,商业航天,1920769082.0,72.65,17.04,False,换手板,True,4.7312474838517655,4.7312474838517655,5
2026-01-05,002931,锋龙股份,7,机器人概念,12073109.0,0.32,34.87,True,一字板,False,0.7324546747331203,1.0478403405341872,6
2026-01-06,001331,胜通能源,13,机器人概念,351985326.0,12.14,50.94,False,T字板,False,0.3041539606921285,12.523444001727382,12
2026-01-07,001331,胜通能源,14,机器人概念,153103823.0,4.77,56.03,True,一字板,False,0.4349721755162032,5.262847687744309,13
2026-01-08,002931,锋龙股份,10,机器人概念,75812911.0,1.56,46.42,True,一字板,True,4.873172598304656,6.279485342176568,9
2026-01-09,002931,锋龙股份,11,机器人概念,49732644.0,0.93,51.06,True,一字板,False,0.6559917478963445,3.5998618473547905,10
2026-01-12,002931,锋龙股份,12,机器人概念,22317632.0,0.38,56.17,True,一字板,False,0.44875217171240683,1.434553445935444,11
2026-01-13,002931,锋龙股份,13,机器人概念,80700829.0,1.25,61.79,True,一字板,True,3.6160121736929796,5.037461223026841,12
2026-01-14,003007,直真科技,5,人工智能,1481197265.0,66.1,59.77,False,换手板,True,3.621932032735372,4.404009748863854,4
2026-01-15,001255,博菲电气,4,核电,248993589.0,20.63,50.19,False,换手板,False,0.6007122894146136,1.3120409615613002,3
2026-01-15,603000,人民网,4,人工智能,7330434676.0,50.14,30.83,False,换手板,True,2.4538652865877215,9.199974572928744,3
2026-01-16,001255,博菲电气,5,智能电网,137859910.0,10.25,55.21,False,换手板,False,0.5536685123246285,0.6283935097811284,4
2026-01-19,002931,锋龙股份,14,机器人概念,218175543.0,3.07,67.97,True,一字板,True,2.7035105550154883,13.236333440109494,13
2026-01-20,002931,锋龙股份,15,机器人概念,38613545.0,0.49,74.77,True,一字板,False,0.1769838381930829,2.2974110863498862,14
2026-01-21,002931,锋龙股份,16,机器人概念,182942424.0,2.13,82.25,True,一字板,True,4.73777851787501,10.6785583471814,15
2026-01-22,002931,锋龙股份,17,机器人概念,496994696.0,5.25,90.48,True,一字板,True,2.7166727385223672,25.19657510503649,16
2026-01-23,002931,锋龙股份,18,机器人概念,3845674594.0,36.94,99.53,False,T字板,True,7.737858421732533,172.31553033941952,17
2026-01-26,601212,白银有色,5,黄金,7087143625.0,21.81,11.41,False,换手板,True,2.2673540815401156,1.6982174448780578,4
2026-01-27,601212,白银有色,6,黄金,9005348082.0,25.82,12.55,False,换手板,False,1.2706597408628078,2.138126828520293,5
2026-01-28,601212,白银有色,7,黄金,5408662250.0,13.91,13.81,False,换手板,False,0.6006055735714314,1.107530101813007,6
2026-01-29,601212,白银有色,8,黄金,9405853523.0,21.96,15.19,False,T字板,False,1.7390351048450103,1.7390351048450103,7
2026-01-30,002155,湖南黄金,5,黄金,13414327742.0,35.91,37.0,False,T字板,True,90.83662121838402,104.82436935282422,4
2026-02-02,000995,皇台酒业,3,酿酒,1049689969.0,47.68,17.52,False,换手板,False,1.5599347983525373,2.0230772626169364,2
2026-02-02,603103,横店影视,3,文化传媒,74931227.0,3.63,28.05,True,一字板,False,0.2416319981646459,0.2589911153348204,2
2026-02-02,603172,万丰股份,3,化工,149161319.0,12.15,28.3,True,一字板,True,3.8868895691435603,1.8879432555801277,2
2026-02-03,000995,皇台酒业,4,酿酒,857269747.0,34.62,19.27,False,换手板,False,0.8166885197699741,1.2739808414042069,3
2026-02-03,603103,横店影视,4,文化传媒,269825322.0,11.88,30.86,False,T字板,True,3.600972956174867,1.0048064378676944,3
2026-02-03,603172,万丰股份,4,化工,626447011.0,49.99,31.13,False,T字板,True,4.199795330316166,5.236138397335641,3
2026-02-04,002830,名雕股份,4,地产链,342200418.0,31.06,30.95,False,换手板,False,0.8071151686180873,0.9291814522846696,3
2026-02-04,603618,杭电股份,4,通信,995067584.0,25.04,12.02,False,换手板,True,2.0332427403018074,2.3307137764854047,3
2026-02-05,301362,民爆光电,4,并购重组,1530373643.0,57.8,93.29,False,换手板,True,3.4960577489239815,36.419491203044515,3
2026-02-06,603616,韩建河山,4,并购重组,535942906.0,25.91,8.29,False,T字板,True,27.164957465839596,26.443992392594993,3
2026-02-09,603616,韩建河山,5,并购重组,1200997233.0,57.09,9.12,False,换手板,True,2.240905177686968,10.457865001565223,4
2026-02-10,002455,百川股份,3,化工,122838144.0,1.77,13.48,True,一字板,False,0.3667610366069142,0.14066511422702319,2
2026-02-11,002455,百川股份,4,化工,1478165462.0,19.59,14.83,False,换手板,True,12.033440215443177,4.413397007363269,3
2026-02-12,002323,雅博股份,4,光伏,836551476.0,20.9,2.62,False,换手板,True,3.012902330338891,3.012902330338891,3
2026-02-12,600589,大位科技,4,算力,345188746.0,2.12,13.86,True,一字板,False,0.7843283122127267,0.7843283122127267,3
2026-02-12,603533,掌阅科技,4,AI应用,402523740.0,5.18,34.2,True,一字板,True,2.1261267047658428,2.2761935220842244,3
2026-02-12,605287,德才股份,4,AI应用,1801168848.0,41.48,67.36,False,换手板,False,1.0502065425013338,28.7125363904456,3
2026-02-13,603533,掌阅科技,5,AI应用,2462157866.0,29.18,37.62,False,换手板,True,6.1168016226819315,13.448414517750184,4
2026-02-24,001896,豫能控股,4,算力,41605302.0,0.71,10.03,True,一字板,False,0.17523502508489813,0.4284312073142917,3
2026-02-24,605033,美邦股份,4,农业,93714802.0,5.93,31.54,True,一字板,False,1.1895661242128748,1.1895661242128748,3
2026-02-25,001896,豫能控股,5,算力,3359413625.0,55.07,11.03,False,换手板,True,80.74484413068315,47.513635699762986,4
2026-02-26,001896,豫能控股,6,算力,1211628967.0,17.73,12.13,False,换手板,False,0.36066680148682195,12.476767051198863,5
2026-02-27,001896,豫能控股,7,算力,1683749704.0,22.0,13.34,False,换手板,False,1.389657848944445,10.066163470798948,6
2026-03-02,002843,泰嘉股份,3,电源,650418158.0,16.88,27.8,False,换手板,True,2.4435481486555783,1.2358922695982257,2
2026-03-02,603950,长源东谷,3,发电机,1081899449.0,19.29,48.96,False,换手板,True,4.903077914960047,3.0892508378729837,2
2026-03-03,002980,华盛昌,3,并购重组,1497550881.0,59.99,35.06,False,T字板,True,23.308676486484657,10.655029959698924,2
2026-03-03,600108,亚盛集团,3,有色金属,2249277604.0,33.48,4.81,False,T字板,True,7.315896362187735,4.548801492173825,2
2026-03-03,603318,水发燃气,3,天然气,135289227.0,5.14,9.7,True,一字板,False,0.19654501468486862,0.24116210351811868,2
2026-03-03,603353,和顺石油,3,石油石化,981540681.0,32.43,50.97,False,换手板,False,1.0461514339931721,1.5225552444591444,2
2026-03-04,600108,亚盛集团,4,农业,1797908328.0,25.95,5.29,False,换手板,False,0.7993270038356723,2.6381508497939903,3
2026-03-04,603318,水发燃气,4,天然气,1758745046.0,61.83,10.67,False,T字板,True,12.999889828626191,4.055768508760134,3
2026-03-05,000533,顺钠股份,2,智能电网,108091021.0,1.91,13.53,True,一字板,False,0.15400466513324074,0.15400466513324074,1
2026-03-05,002339,积成电子,2,智能电网,1496740229.0,29.95,12.69,False,换手板,True,4.236831708750053,4.236831708750053,1
2026-03-05,002498,汉缆股份,2,智能电网,575891955.0,5.79,8.94,False,换手板,False,0.30996634530126327,0.30996634530126327,1
2026-03-05,002877,智能自控,2,人工智能,399596728.0,19.78,10.89,False,T字板,False,1.3021108745669974,1.3021108745669974,1
2026-03-05,300265,通光线缆,2,智能电网,3280419970.0,55.61,21.46,False,换手板,True,2.392054883718668,2.392054883718668,1
2026-03-05,600545,卓郎智能,2,人工智能,70719586.0,1.94,3.77,True,一字板,False,0.11968105678125317,0.11968105678125317,1
2026-03-05,605268,王力安防,2,地产链,47215578.0,3.28,12.67,True,一字板,False,0.45409650721879097,0.45409650721879097,1
2026-03-06,000533,顺钠股份,3,智能电网,148069213.0,2.38,14.88,True,一字板,False,1.3698567339834824,0.3656212734170935,2
2026-03-06,002498,汉缆股份,3,智能电网,3225933040.0,29.81,9.83,False,换手板,True,5.601628937497486,2.650932912464373,2
2026-03-06,600545,卓郎智能,3,人工智能,730192460.0,18.48,4.15,False,换手板,True,10.325180071048493,2.2072865391009944,2
2026-03-06,605268,王力安防,3,地产链,78750405.0,4.97,13.94,True,一字板,False,1.6678903094228774,1.0417233796697887,2
2026-03-09,000533,顺钠股份,4,智能电网,863385639.0,12.86,16.37,False,换手板,True,5.830959870098047,5.830959870098047,3
2026-03-09,605268,王力安防,4,地产链,76535025.0,4.39,15.33,True,一字板,False,0.9718683351533239,0.9718683351533239,3
2026-03-10,605268,王力安防,5,地产链,73212914.0,3.82,16.86,True,一字板,False,0.9565935857471791,0.9429463408125283,4
2026-03-11,601789,宁波建工,4,算力,3755047260.0,66.25,7.3,False,换手板,True,23.965844907653615,13.423666620918338,3
2026-03-12,002445,中南文化,4,电力,47724004.0,0.77,4.08,True,一字板,False,1.5821896463194434,1.5821896463194434,3
2026-03-13,002445,中南文化,5,电力,516189168.0,7.59,4.49,True,一字板,True,10.816132862615635,13.25477658299685,4
2026-03-16,000890,法尔胜,3,通信,1531178818.0,52.36,12.2,False,换手板,True,3.604472897303342,2.4602324569747442,2
2026-03-16,600370,三房巷,3,化工,500375598.0,22.88,3.0,False,换手板,False,0.7047945813414973,1.0330611194987591,2
2026-03-17,000890,法尔胜,4,通信,1242946057.0,38.63,13.42,False,换手板,False,0.8117576094890832,1.515892215839569,3
2026-03-17,600370,三房巷,4,化工,805141837.0,34.79,3.3,False,换手板,False,1.6090749433388636,1.6090749433388636,3
2026-03-18,600370,三房巷,5,化工,1469433688.0,56.86,3.63,False,换手板,False,1.8250618965165015,2.428143592033678,4
2026-03-19,000020,深华发Ａ,4,地产链,68976659.0,5.24,21.21,True,一字板,False,1.237043085654121,0.6090874294548462,3
2026-03-19,600396,华电辽能,4,风电,1029183568.0,27.84,5.69,False,换手板,True,3.108951078589892,3.056793589265691,3
2026-03-20,000020,深华发Ａ,5,地产链,122810496.0,8.48,23.33,True,一字板,False,1.7804645481596897,1.34791752769019,4
2026-03-20,600396,华电辽能,5,风电,2415906772.0,59.49,6.26,False,换手板,True,2.3474012286212482,4.101650474465353,4
2026-03-23,600396,华电辽能,6,电力,1148215927.0,25.43,6.89,False,换手板,False,0.4752732763977699,1.364763503458162,5
2026-03-24,600396,华电辽能,7,电力,1742915076.0,35.77,7.58,False,换手板,False,1.5179331996846617,1.8635688960059091,6
2026-03-25,600396,华电辽能,8,电力,823882025.0,15.09,8.34,False,换手板,False,0.4727034818534096,0.8005199952823188,7
2026-03-26,000720,新能泰山,3,智能电网,106067571.0,3.18,5.01,True,一字板,False,1.2980911406169635,1.1224464347474705,2
2026-03-26,000722,湖南发展,3,电力,2020618411.0,49.5,18.28,False,换手板,True,19.767622793522555,9.88126122367312,2
2026-03-26,002192,融捷股份,3,锂电池,2839523037.0,20.84,70.91,False,换手板,False,1.1601581831695178,1.364705242535665,2
2026-03-26,603538,美诺华,3,医药,1013602040.0,18.13,35.62,False,换手板,False,1.0794417761582302,1.3645790311476471,2
2026-03-27,000720,新能泰山,4,智能电网,733060155.0,18.25,5.51,False,换手板,True,6.911256174613445,6.911256174613445,3
2026-03-27,002192,融捷股份,4,锂电池,3145292964.0,22.0,78.0,False,换手板,False,1.1076835521373514,1.2850881373744274,3
2026-03-27,603538,美诺华,4,医药,819590152.0,13.36,39.18,False,换手板,False,0.8085916559520736,0.872827613287631,3
2026-03-30,603538,美诺华,5,医药,383676549.0,5.61,43.1,False,T字板,False,0.46813220981698667,0.43634418512268264,4
2026-03-31,002361,神剑股份,4,商业航天,3149143534.0,26.28,16.5,False,换手板,False,0.9504396144076057,0.9504396144076057,3
2026-04-01,600488,津药药业,4,医药,212279370.0,7.7,5.76,False,T字板,False,0.4546425473838884,0.6493298031197012,3
2026-04-02,600488,津药药业,5,医药,94334742.0,3.11,6.34,True,一字板,False,0.4443895890589839,0.34990625140746684,4
2026-04-03,600488,津药药业,6,医药,652492185.0,19.57,6.97,False,换手板,True,6.916774998971217,3.073742799406273,5
2026-04-07,600488,津药药业,7,医药,1322689090.0,36.81,7.67,False,换手板,True,2.0271339954822603,4.9061159382770505,6
2026-04-08,000586,汇源通信,4,通信,86862826.0,2.47,22.84,True,一字板,True,2.3106527682294358,1.101706121475421,3
2026-04-09,000586,汇源通信,5,通信,1336684862.0,34.71,25.12,False,换手板,True,15.38845699079604,16.133137828917437,4
2026-04-10,600743,华远控股,4,国有企业,430329352.0,15.29,2.65,False,换手板,False,1.0125387583481544,1.4372488181973095,3
2026-04-13,600743,华远控股,5,并购重组,236109210.0,7.58,2.92,False,T字板,False,0.5486709398340088,0.6518642184956339,4
2026-04-14,600743,华远控股,6,并购重组,220190788.0,6.43,3.21,False,T字板,False,0.9325802580932782,0.7354110249745044,5
2026-04-15,002580,圣阳股份,5,算力,2708185811.0,31.04,25.27,False,换手板,False,0.689722904146594,0.9777426198161592,4
2026-04-16,002580,圣阳股份,6,算力,1830774754.0,19.28,27.8,False,换手板,False,0.6760151931096577,0.6760151931096577,5
2026-04-17,002580,圣阳股份,7,算力,2496919988.0,23.66,30.58,False,换手板,False,1.363859744375741,1.0440598716297664,6
2026-04-20,002297,博云新材,6,商业航天,1657136261.0,18.15,19.46,False,换手板,False,0.8251383636780891,11.549365193634555,5
2026-04-21,600961,株冶集团,4,一季报增长,316870785.0,2.54,26.73,True,一字板,True,2.5634455240375673,2.5634455240375673,3
2026-04-22,002081,金螳螂,4,商业航天,302975510.0,4.58,4.94,True,一字板,False,0.5705631892786255,0.5705631892786255,3
2026-04-22,003018,金富科技,4,算力,1035964369.0,25.79,52.2,False,换手板,False,1.729348740404136,1.729348740404136,3
2026-04-23,002081,金螳螂,5,商业航天,1792060292.0,24.71,5.43,False,T字板,True,5.914868472372569,4.297574580632524,4
2026-04-24,001234,泰慕士,3,服装家纺,451485262.0,43.64,35.77,False,换手板,False,1.4398955064178143,1.778355832533835,2
2026-04-24,603318,水发燃气,3,燃气轮机,183816148.0,6.15,11.39,True,一字板,False,1.3468447164014385,0.3608548306317969,2
2026-04-27,603318,水发燃气,4,芯片,1168677538.0,35.88,12.53,False,换手板,True,6.3578611058697625,6.3578611058697625,3
2026-04-28,603318,水发燃气,5,芯片,1883937681.0,53.63,13.78,False,换手板,False,1.612025233430986,3.5341985769112467,4
2026-04-29,002210,飞马国际,3,一季报增长,612137851.0,10.0,3.31,False,换手板,False,1.242211065859332,1.8003460697632934,2
2026-04-29,603095,越剑智能,3,专用设备,511971325.0,30.22,23.06,False,换手板,True,2.9705192178785933,2.7022219023710132,2
2026-04-30,603095,越剑智能,4,新型工业化,95422151.0,4.75,25.37,True,一字板,False,0.1863818271462762,0.46192407040832445,3
2026-05-06,002081,金螳螂,4,商业航天,1721003232.0,20.2,6.49,False,换手板,False,0.5344299370361885,0.773712086696491,3
2026-05-06,600379,宝光股份,4,芯片,492266693.0,14.55,18.46,False,换手板,False,0.670902804808516,0.670902804808516,3
2026-05-06,603399,永杉锂业,4,锂电池,162913420.0,1.99,21.33,True,一字板,False,0.9668204639151229,0.18617661770559446,3
2026-05-07,002081,金螳螂,5,商业航天,3120489292.0,33.04,7.14,False,换手板,False,1.813180378733885,1.5818571513488051,4
2026-05-08,603045,福达合金,4,算力,103619692.0,1.65,62.14,True,一字板,False,1.1637049172923077,0.9132298294146474,3
2026-05-11,603045,福达合金,5,算力,37175565.0,0.54,68.35,True,一字板,False,0.35876930612764224,0.3424981433980665,4
2026-05-12,601991,大唐发电,5,电力,4528701684.0,20.34,6.7,False,换手板,True,2.6937144876313552,2.7064941715128534,4
2026-05-13,601991,大唐发电,6,电力,1771086604.0,7.25,7.37,False,换手板,False,0.3910804304591947,1.0534590213570396,5
2026-05-14,002918,蒙娜丽莎,5,芯片,445197699.0,18.92,16.94,False,换手板,False,0.5908937726219614,3.3500171294214023,4
2026-05-15,002918,蒙娜丽莎,6,芯片,883742685.0,33.94,18.63,False,T字板,False,1.9850567219575859,5.257289255450852,5
2026-05-18,001259,利仁科技,6,股权转让,446703289.0,27.91,66.55,False,T字板,True,12.991845154167597,14.902528407005839,5
2026-05-19,001259,利仁科技,7,股权转让,221010770.0,12.56,73.21,False,换手板,False,0.49475966585059106,6.868129330828194,6
2026-05-20,001259,利仁科技,8,股权转让,763635173.0,41.0,80.53,False,T字板,True,3.455194391657927,22.209440060540913,7
2026-05-21,603779,威龙股份,7,实控人变更,2038497848.0,63.88,14.52,False,T字板,True,30.268193972986698,45.70109352620403,6
2026-05-22,000518,四环生物,3,ST摘帽,705070644.0,25.66,4.13,False,换手板,False,1.059528201796006,1.5814165363915604,2
2026-05-22,002442,龙星科技,3,化工,716560521.0,25.23,8.11,False,换手板,False,0.7251436717431453,1.1435895362399568,2
2026-05-22,300069,金利华电,3,并购重组,254166180.0,7.24,52.87,True,一字板,True,11.129920445073891,10.614667032535799,2
2026-05-22,600611,大众交通,3,芯片,358375609.0,5.36,6.13,True,一字板,False,0.43048303994900444,0.5658737712911767,2
2026-05-25,000518,四环生物,4,医药,1301657901.0,48.3,4.54,False,换手板,False,1.8461382729189333,1.9560355645725813,3
2026-05-26,000510,新金路,3,有色金属,1430219914.0,15.14,18.07,False,换手板,False,0.7665954384425576,1.2242253874039588,2
2026-05-26,002552,宝鼎科技,3,通信,1655394461.0,27.24,48.18,False,换手板,False,1.054706100061592,1.4028864309472908,2
2026-05-26,002585,双星新材,3,元器件,2264225453.0,31.44,10.87,False,换手板,True,5.2911700284727505,3.77586693965134,2
2026-05-26,600172,黄河旋风,3,金刚石概念,4052724263.0,32.91,13.3,False,换手板,False,1.836417060683885,2.642419889248615,2
2026-05-27,000509,华塑控股,3,新型工业化,1222833312.0,38.24,5.21,False,换手板,True,3.281638818018102,2.6839539702273836,2
2026-05-27,600162,香江控股,3,地产链,357973274.0,14.27,2.31,False,换手板,True,5.817180511828877,3.0694194692515784,2
2026-05-27,600726,华电能源,3,电力,1056065404.0,12.27,8.37,False,换手板,False,0.6951057178636039,0.8551458686310854,2
2026-05-28,000509,华塑控股,4,新型工业化,352414272.0,9.49,5.73,False,换手板,False,0.2881948574197822,0.6543288282841707,3
2026-05-28,600162,香江控股,4,地产链,700064786.0,25.62,2.54,False,换手板,False,1.9556342242465845,4.076918307370086,3
2026-05-28,600726,华电能源,4,电力,2141987824.0,22.34,9.21,False,T字板,True,2.028271938354303,2.028271938354303,3
2026-05-29,600162,香江控股,5,地产链,315883033.0,10.47,2.79,False,换手板,False,0.45121971468509203,1.1927147441595463,4
2026-05-29,600726,华电能源,5,电力,1694746127.0,16.12,10.13,False,换手板,False,0.791202502652508,1.3161273139692609,4
2026-06-01,000539,粤电力Ａ,4,电力,4494654376.0,58.38,9.77,False,T字板,True,4.3876481625166,3.748846622646168,3
2026-06-01,603011,合锻智能,4,通信,936701220.0,9.99,27.41,False,换手板,False,0.6927781729627406,0.796908466754165,3
2026-06-02,600280,中央商场,3,零售,552412307.0,31.26,3.87,False,换手板,False,1.884039916404924,2.4644883109724147,2
2026-06-02,603890,春秋电子,3,AI PC,114503845.0,1.23,30.02,True,一字板,False,0.969881276372738,0.2009970188140233,2
2026-06-03,300197,节能铁汉,3,并购重组,1275113025.0,22.91,2.78,False,换手板,False,1.29761484728137,1.9843686353978272,2
2026-06-03,600121,郑州煤电,3,煤炭,1541583721.0,49.83,5.69,False,换手板,False,1.4773421406573464,1.92481141615209,2
2026-06-03,600367,红星发展,3,元器件,552223742.0,5.99,42.72,False,换手板,False,0.48550901935692053,0.6512196441278576,2
2026-06-03,600403,大有能源,3,煤炭,636113502.0,26.08,6.73,False,T字板,True,4.152829892423489,3.25277745363049,2
2026-06-03,603330,天洋新材,3,通信,101203109.0,4.49,8.55,True,一字板,False,0.29503298656069826,0.4685855639163381,2
2026-06-04,600367,XD红星发,4,元器件,3226590914.0,32.07,46.98,False,换手板,True,5.842905091900232,5.7766671941997645,3
2026-06-04,600403,大有能源,4,煤炭,195943689.0,7.15,7.4,True,一字板,False,0.3080325891274667,0.8234855342195632,3
2026-06-04,603330,天洋新材,4,通信,807779402.0,31.88,9.41,False,换手板,True,7.981764690647992,7.981764690647992,3
2026-06-05,600403,大有能源,5,煤炭,1682166891.0,57.5,8.14,False,换手板,True,8.584950602823447,7.753922365433351,4
2026-06-08,600403,大有能源,6,煤炭,1887387331.0,58.19,8.95,False,换手板,False,1.1219976692550417,7.932055237297132,5
2026-06-09,002254,泰和新材,3,通信,2683977731.0,27.32,18.79,False,换手板,True,2.3563913956476044,2.226924651871674,2
2026-06-09,002354,天娱数科,3,物理AI,3789546435.0,29.25,8.06,False,换手板,True,4.743551483957992,4.649377247105393,2
2026-06-10,002354,天娱数科,4,AI应用,2992898224.0,21.15,8.87,False,换手板,False,0.7897774246431684,3.600492229649186,3
2026-06-11,000048,京基智农,3,股权转让,560492855.0,10.87,19.61,False,换手板,False,1.0678614400778061,1.1385483014326263,2
2026-06-11,002971,和远气体,3,芯片,1248622366.0,20.41,52.75,False,T字板,True,3.5027321705198333,1.4036229492121928,2
2026-06-11,600500,中化国际,3,通信,280375335.0,2.37,7.21,True,一字板,False,1.3615449761024436,1.2535579318380417,2
2026-06-11,603065,XD宿迁联,3,芯片,158853501.0,5.74,12.36,True,一字板,True,3.7791933216642852,3.212579756323764,2
2026-06-12,002971,和远气体,4,芯片,3325475350.0,49.53,58.03,False,换手板,True,2.663315539231659,2.663315539231659,3
2026-06-12,603065,宿迁联盛,4,芯片,134146428.0,4.41,13.6,True,一字板,False,0.8444662985425798,2.3592008998792844,3
2026-06-15,000032,深桑达Ａ,3,芯片,2028997077.0,15.83,20.81,False,换手板,False,1.0552991923202686,1.6011272742950295,2
2026-06-15,000510,新金路,3,有色金属,351026048.0,3.03,21.31,False,换手板,False,0.2541120559421549,0.3573450776702872,2
2026-06-15,001257,盛龙股份,3,有色金属,1472260522.0,35.47,30.51,False,换手板,True,3.711296762767555,2.405246487253078,2
2026-06-15,601958,金钼股份,3,有色金属,6029280871.0,24.22,28.07,False,换手板,True,14.493327130154578,8.096774907131186,2
2026-06-16,000032,深桑达Ａ,4,芯片,2257243004.0,15.92,22.89,False,换手板,False,1.1124919939941342,1.1740119027247748,3
2026-06-16,001257,盛龙股份,4,有色金属,720445749.0,16.13,33.56,False,换手板,False,0.48934664635393926,0.8706182105155146,3
2026-06-17,000777,中核科技,3,中字头,1701761983.0,28.37,21.86,False,T字板,True,18.612116703969203,13.280687808904535,2
2026-06-17,002080,中材科技,3,通信,6698619785.0,12.38,82.41,False,换手板,False,1.6616506167829879,1.735651658684415,2
2026-06-17,002741,光华科技,3,通信,806009464.0,7.02,39.44,False,换手板,True,4.80385316471657,1.2922918209600824,2
2026-06-17,600110,诺德股份,3,通信,279370305.0,1.33,17.22,True,一字板,False,1.6511084864324472,0.48676135995703135,2
2026-06-17,600353,旭光电子,3,通信,1113021725.0,6.06,38.19,False,T字板,True,7.7673266239177545,2.491142131434977,2
2026-06-17,601636,旗滨集团,3,芯片,563774050.0,3.5,8.67,True,一字板,False,0.4667205516123263,0.44348756605851447,2
2026-06-17,603002,宏昌电子,3,通信,1801844538.0,14.77,23.2,False,换手板,False,0.9600755262484911,1.2503954121607266,2
2026-06-17,603115,海星股份,3,电阻电容,531354651.0,5.32,119.94,False,换手板,False,1.3173715667619632,1.2211208433716845,2
2026-06-17,603186,华正新材,3,通信,3603072153.0,16.16,226.67,False,换手板,True,3.0536704997975908,3.1177943240502017,2
2026-06-17,603618,杭电股份,3,通信,1575478546.0,9.03,51.73,False,换手板,False,0.8853066279485797,0.5496216788130377,2
2026-06-18,600353,旭光电子,4,非金属材料,1356910608.0,6.79,42.01,False,换手板,False,1.2191232008521666,1.8085193446268222,3
2026-06-22,600353,旭光电子,5,非金属材料,323321203.0,1.45,46.21,True,一字板,False,0.2382774525409267,0.3470396521451136,4
2026-06-23,600397,江钨装备,5,有色金属,4335002473.0,29.64,24.44,False,T字板,True,7.787189942610832,2.3733430510151297,4
2026-06-24,002167,东方锆业,4,非金属材料,6178910995.0,53.34,21.46,False,换手板,True,3.229572146699424,13.546197226330674,3
2026-06-24,002674,兴业科技,4,芯片,55292820.0,1.6,23.83,True,一字板,True,2.868916355195758,2.126428309889526,3
2026-06-24,603407,长裕集团,4,非金属材料,752364076.0,24.12,90.55,False,换手板,False,0.8464177659161032,4.69923979546238,3
2026-06-25,002674,兴业科技,5,芯片,75940854.0,2.0,26.21,True,一字板,False,1.373430655191759,1.8682672605232864,4
2026-06-26,002674,兴业科技,6,芯片,217109187.0,5.21,28.83,True,一字板,True,2.8589247495162486,3.926534891872037,5
2026-06-29,603956,威派格,3,机器人概念,442320383.0,22.24,6.41,False,换手板,True,9.383184157197134,5.45066762210179,2
2026-06-30,603928,兴业股份,3,芯片,189331876.0,11.22,14.8,False,换手板,False,0.8528777986653363,1.0402309123818168,2
2026-07-01,000566,海南海药,3,医药,1076585692.0,20.75,5.49,False,换手板,False,1.20436825585226,1.6363699587170488,2
2026-07-01,002407,多氟多,3,芯片,3893123432.0,7.01,55.25,False,换手板,False,0.41448533748881716,0.700515810658111,2
2026-07-01,600113,浙江东日,3,零售,477876392.0,7.93,36.5,False,换手板,False,1.3364064425579367,1.497507032136224,2
2026-07-02,000566,海南海药,4,医药,745451405.0,12.36,6.04,False,换手板,False,0.6924218021281301,0.8339308381431346,3
2026-07-03,603137,恒尚节能,4,并购重组,10426365.0,0.73,17.22,True,一字板,False,1.8343100378601287,1.4310607266777935,3
2026-07-06,603137,恒尚节能,5,并购重组,13721272.0,0.87,18.94,True,一字板,False,1.3160168476741414,1.5493648559955397,4
2026-07-07,603137,恒尚节能,6,并购重组,15183966.0,0.88,20.83,True,一字板,False,1.1066004667788818,1.4563048579250775,5
2026-07-08,603137,恒尚节能,7,并购重组,1070203844.0,56.11,22.91,False,T字板,True,70.48249739231503,88.638390911707,6
2026-07-09,603137,恒尚节能,8,并购重组,327029555.0,15.86,25.2,False,换手板,False,0.30557688316432546,23.833763735607018,7
2026-07-10,000887,中鼎股份,2,机器人概念,2234005909.0,13.88,20.68,False,换手板,True,2.026759726892726,2.026759726892726,1
2026-07-10,000892,欢瑞世纪,2,AI应用,575396789.0,26.63,4.2,False,换手板,False,1.2550094880795364,1.2550094880795364,1
2026-07-10,001395,亚联机械,2,中报增长,107968401.0,7.3,28.63,False,换手板,True,6.597222049944955,6.597222049944955,1
2026-07-10,002346,柘中股份,2,智能电网,205978125.0,6.59,21.81,False,换手板,True,3.4365768693313923,3.4365768693313923,1
2026-07-10,002414,高德红外,2,中报增长,2979367022.0,12.61,14.64,False,T字板,True,10.769835377878753,10.769835377878753,1
2026-07-10,002829,星网宇达,2,中报增长,280119364.0,11.74,19.5,False,换手板,True,4.325342194530005,4.325342194530005,1
2026-07-10,003020,立方制药,2,医药,324444105.0,17.15,18.74,False,换手板,False,1.2347650647138637,1.2347650647138637,1
2026-07-10,600992,贵绳股份,2,商业航天,177555040.0,9.18,10.65,False,换手板,True,3.827345344339536,3.827345344339536,1
2026-07-10,603898,好莱客,2,AI应用,85651945.0,6.21,15.27,False,换手板,False,0.8159383949159609,0.8159383949159609,1
2026-07-13,001395,亚联机械,3,中报增长,357072173.0,22.38,31.49,False,换手板,True,3.3071914531734152,5.743751132935027,2
2026-07-13,003020,立方制药,3,医药,339069039.0,15.96,20.61,False,换手板,False,1.0450768985307963,1.154863627162139,2
2026-07-13,600992,贵绳股份,3,商业航天,63778201.0,2.9,11.72,True,一字板,False,0.35920242534371316,0.5695849922677638,2
2026-07-14,600664,哈药股份,3,医药,1742338841.0,32.73,4.08,False,换手板,True,2.3618329368098574,3.2428255384896025,2
2026-07-15,600664,哈药股份,4,医药,494184337.0,8.29,4.49,False,换手板,False,0.283632738575906,0.6698931439261545,3
2026-07-16,600664,哈药股份,5,医药,1464972728.0,22.06,4.94,False,T字板,True,2.9644256572219123,2.3784137693777625,4
2026-07-17,603580,艾艾精工,4,实控人变更,12290112.0,0.63,44.92,True,一字板,True,2.041609245199521,2.041609245199521,3
2026-07-20,001258,立新能源,3,电力,733892672.0,19.57,9.1,False,换手板,False,1.5941829237405176,1.7840855109954525,2
2026-07-21,001258,立新能源,4,电力,1579363417.0,37.87,10.01,False,T字板,True,2.1520359546525083,3.4307389701826514,3
2026-07-22,001258,立新能源,5,电力,663233556.0,14.59,11.01,False,换手板,False,0.41993726640814044,1.1107120717771608,4
2026-07-23,001258,立新能源,6,绿色电力,1270567169.0,25.13,12.11,False,换手板,False,1.9157160513151117,1.9157160513151117,5
2026-07-24,002879,长缆科技,4,智能电网,368888218.0,17.04,18.05,False,T字板,False,0.87673281264135,0.87673281264135,3
2026-07-24,603221,爱丽家居,4,并购重组,13813800.0,1.52,14.0,True,一字板,True,5.781233194150382,5.781233194150382,3
2026-07-27,002879,长缆科技,5,智能电网,962946804.0,42.89,19.86,False,换手板,True,2.610402710123965,2.438946764033534,4
2026-07-27,603221,爱丽家居,5,并购重组,8398005.0,0.84,15.4,True,一字板,False,0.607943143812709,3.1600951489859046,4
2026-07-28,603221,爱丽家居,6,并购重组,13435114.0,1.22,16.94,True,一字板,False,1.5997982854261221,4.592240529502887,5
2026-07-29,603221,爱丽家居,7,并购重组,20936431.0,1.74,18.63,True,一字板,False,1.5583366840058075,3.6978345346720927,6
2026-07-30,603221,爱丽家居,8,并购重组,67861876.0,5.11,20.49,True,一字板,True,3.241329718517927,8.080713931463485,7
2026-07-31,603221,爱丽家居,9,并购重组,450589341.0,30.87,22.54,True,一字板,True,6.639800836039369,41.27576467659064,8
2026-08-03,003032,传智教育,6,AI应用,79372010.0,4.03,9.69,True,一字板,False,0.22062862115240253,0.40243395750407057,5
2026-08-04,003032,传智教育,7,AI应用,315016971.0,14.54,10.66,False,换手板,True,3.968867249298588,2.273418376659388,6
2026-08-05,003032,传智教育,8,AI应用,626026430.0,26.27,11.73,False,换手板,False,1.9872784250725337,3.1740949199477875,7
2026-08-06,603221,爱丽家居,10,并购重组,396490928.0,24.71,24.79,False,T字板,False,0.8799385425320125,29.51154177031918,9
2026-08-07,001267,汇绿生态,4,通信,2972378049.0,18.63,42.69,False,换手板,False,1.069669376134063,2.88262499181764,3
2026-08-07,002428,云南锗业,4,芯片,11740853252.0,22.84,100.08,False,换手板,False,1.6622896614649987,4.061042698719511,3
2026-08-07,002552,宝鼎科技,4,通信,211156983.0,3.35,47.6,False,换手板,False,0.28131230323561224,0.2991112262275474,3
2026-08-07,600721,百花医药,4,医药,628410380.0,19.69,10.54,False,换手板,False,0.5287301580678747,1.7427124423517044,3
2026-08-07,603773,沃格光电,4,芯片,2058335110.0,14.52,95.07,False,换手板,False,1.8120189005938263,2.6098930432392256,3
2026-08-10,002552,宝鼎科技,5,通信,1234617870.0,17.93,52.36,False,T字板,True,5.846919445709262,2.065771907008674,4
2026-08-10,600721,百花医药,5,医药,59325246.0,1.68,11.59,True,一字板,False,0.09440526109705571,0.11996972092067636,4
2026-08-11,600721,百花医药,6,医药,851697290.0,21.91,12.75,False,T字板,True,14.356405534331877,2.3619333983633877,5
2026-08-12,600721,百花医药,7,医药,1840794640.0,43.41,14.03,False,换手板,True,2.161324993766271,3.722523446983716,6
2026-08-13,603758,秦安股份,5,机器人概念,76897943.0,3.36,,True,一字板,True,2.1178248536231292,1.0756824914121976,4
