rule,date,code,name,theme,boards,H,tn,seal,oc,board_type,px_t,close1,close2,close3,maxc3,hold_close
A_board3_tn8_intact,2025-10-20,603933,睿能科技,芯片,3,5,8,0.013152,2,T字板,21.98,21.24,23.37,21.03,True,False
A_board3_tn8_intact,2025-10-22,600172,黄河旋风,国有企业,3,7,11,0.019547,1,换手板,7.72,7.73,6.96,7.01,True,True
A_board3_tn8_intact,2025-11-04,000592,平潭发展,福建,3,6,17,0.016902,4,换手板,8.57,9.43,8.49,8.9,True,True
A_board3_tn8_intact,2025-11-05,002885,京泉华,智能电网,3,7,19,0.013129,1,换手板,32.25,33.93,35.93,33.62,True,True
A_board3_tn8_intact,2025-11-17,001203,大中矿业,锂电池,3,8,14,0.003159,4,换手板,30.89,30.62,32.09,34.37,True,False
A_board3_tn8_intact,2025-11-24,600734,实达集团,人工智能,3,7,15,0.018119,6,T字板,5.08,5.59,6.15,5.54,True,True
A_board3_tn8_intact,2025-12-08,605299,舒华体育,海峡两岸,3,5,18,0.010339,0,换手板,14.25,15.48,15.0,13.48,True,True
A_board3_tn8_intact,2025-12-09,000905,厦门港务,海峡两岸,3,6,11,0.010569,3,换手板,14.52,15.9,15.13,13.81,True,True
A_board3_tn8_intact,2025-12-24,002228,合兴包装,海峡两岸,3,9,10,0.014026,1,换手板,5.95,6.39,6.17,5.54,True,True
A_board3_tn8_intact,2025-12-26,603278,大业股份,商业航天,3,11,20,0.019397,2,T字板,12.8,14.08,15.49,17.04,True,True
A_board3_tn8_intact,2025-12-29,002347,泰尔股份,机器人概念,3,12,11,0.013887,9,换手板,10.23,11.25,12.38,13.14,True,True
A_board3_tn8_intact,2026-01-05,002757,南兴股份,人工智能,3,7,10,0.020164,2,换手板,21.42,23.36,21.41,23.57,True,True
A_board3_tn8_intact,2026-01-06,002151,北斗星通,商业航天,3,13,15,0.013969,1,换手板,54.97,57.7,59.69,60.82,True,True
A_board3_tn8_intact,2026-01-09,600637,东方明珠,人工智能,3,11,30,0.006704,5,T字板,13.32,14.52,15.26,14.73,True,True
A_board3_tn8_intact,2026-01-12,603017,中衡设计,商业航天,3,12,43,0.018776,0,换手板,14.63,13.02,12.26,11.91,False,False
A_board3_tn8_intact,2026-01-13,603598,引力传媒,人工智能,3,13,31,0.015954,2,T字板,31.37,32.4,31.51,28.36,True,True
A_board3_tn8_intact,2026-01-23,002342,巨力索具,商业航天,3,18,17,0.021299,0,换手板,13.54,13.7,13.2,14.52,True,True
A_board3_tn8_intact,2026-01-27,002218,拓日新能,光伏,3,6,8,0.018620,2,换手板,6.61,6.9,6.56,5.9,True,True
A_board3_tn8_intact,2026-01-28,000506,招金黄金,黄金,3,7,29,0.010041,1,换手板,25.93,28.52,25.67,23.1,True,True
A_board3_tn8_intact,2026-02-11,603980,吉华集团,化工,3,4,16,0.004477,10,换手板,8.72,8.49,7.63,8.11,False,False
A_board3_tn8_intact,2026-02-27,002378,章源钨业,有色金属,3,7,15,0.005338,0,换手板,40.6,43.82,41.51,44.86,True,True
A_board3_tn8_intact,2026-03-06,002498,汉缆股份,智能电网,3,3,9,0.005755,5,换手板,9.83,9.92,9.61,9.4,True,True
A_board3_tn8_intact,2026-03-09,000815,美利云,算力,3,4,9,0.011119,2,换手板,17.94,17.9,17.73,18.84,True,False
A_board3_tn8_intact,2026-03-13,600722,金牛化工,化工,3,5,9,0.002178,18,换手板,16.94,18.4,19.3,17.37,True,True
A_board3_tn8_intact,2026-03-25,600758,辽宁能源,电力,3,8,15,0.021100,3,T字板,5.72,6.14,5.53,4.98,True,True
A_board3_tn8_intact,2026-04-07,000720,新能泰山,通信,3,7,12,0.026510,0,换手板,6.53,6.7,6.03,5.43,True,True
A_board3_tn8_intact,2026-04-13,002580,圣阳股份,算力,3,5,9,0.021981,2,换手板,20.88,22.93,25.23,27.76,True,True
A_board3_tn8_intact,2026-04-16,002990,盛视科技,算力,3,6,20,0.006929,16,换手板,46.32,50.85,48.9,45.05,True,True
A_board3_tn8_intact,2026-04-30,600379,宝光股份,芯片,3,4,12,0.027909,0,换手板,16.78,18.43,17.82,16.72,True,True
A_board3_tn8_intact,2026-05-11,002491,通鼎互联,通信,3,5,16,0.007901,4,T字板,22.73,25.0,26.95,24.65,True,True
A_board3_tn8_intact,2026-05-13,600396,华电辽能,电力,3,6,17,0.006714,1,换手板,16.56,16.64,17.43,15.69,True,True
A_board3_tn8_intact,2026-05-20,000417,合百集团,芯片,3,8,26,0.038020,0,换手板,9.53,9.25,10.18,10.29,True,False
A_board3_tn8_intact,2026-05-28,002579,中京电子,通信,3,4,17,0.016341,0,换手板,18.19,17.15,18.87,20.76,True,False
A_board3_tn8_intact,2026-05-29,000539,粤电力Ａ,电力,3,5,8,0.008489,1,换手板,8.88,9.75,9.11,9.38,True,True
A_board3_tn8_intact,2026-06-05,603135,中重科技,机器人概念,3,5,14,0.006523,0,换手板,14.03,15.43,15.8,14.22,True,True
A_board3_tn8_intact,2026-06-10,002636,金安国纪,通信,3,4,8,0.002855,16,换手板,77.42,84.8,89.88,97.34,True,True
A_board3_tn8_intact,2026-06-16,301176,逸豪新材,通信,3,4,25,0.000098,5,换手板,81.5,79.89,78.64,77.48,False,False
A_board3_tn8_intact,2026-06-18,002141,贤丰控股,通信,3,4,11,0.023387,0,换手板,4.71,4.5,4.95,4.76,True,False
A_board3_tn8_intact,2026-07-09,002841,视源股份,中报增长,3,8,9,0.000313,135,换手板,52.13,52.45,50.92,51.6,True,True
A_board3_tn8_intact,2026-07-23,002879,长缆科技,智能电网,3,6,27,0.063632,2,换手板,16.41,18.05,19.86,18.9,True,True
A_board3_tn8_intact,2026-08-04,000815,美利云,算力,3,7,27,0.023378,0,换手板,18.37,18.85,18.31,18.03,True,True
A_board3_tn8_intact,2026-08-11,600664,哈药股份,医药,3,6,8,0.005557,20,换手板,8.27,8.81,8.86,,True,True
B_board3_tn10_belowH,2025-10-22,600172,黄河旋风,国有企业,3,7,11,0.019547,1,换手板,7.72,7.73,6.96,7.01,True,True
B_board3_tn10_belowH,2025-11-04,000592,平潭发展,福建,3,6,17,0.016902,4,换手板,8.57,9.43,8.49,8.9,True,True
B_board3_tn10_belowH,2025-11-05,002885,京泉华,智能电网,3,7,19,0.013129,1,换手板,32.25,33.93,35.93,33.62,True,True
B_board3_tn10_belowH,2025-11-14,603026,石大胜华,锂电池,3,7,10,0.008839,0,换手板,100.52,106.75,96.07,90.31,True,True
B_board3_tn10_belowH,2025-11-17,001203,大中矿业,锂电池,3,8,14,0.003159,4,换手板,30.89,30.62,32.09,34.37,True,False
B_board3_tn10_belowH,2025-11-24,600734,实达集团,人工智能,3,7,15,0.018119,6,T字板,5.08,5.59,6.15,5.54,True,True
B_board3_tn10_belowH,2025-11-25,000892,欢瑞世纪,人工智能,3,5,10,0.018252,0,换手板,8.86,9.75,8.78,8.04,True,True
B_board3_tn10_belowH,2025-12-05,600151,航天机电,商业航天,3,4,13,0.004620,3,换手板,13.65,13.48,14.83,14.28,True,False
B_board3_tn10_belowH,2025-12-08,605299,舒华体育,海峡两岸,3,5,18,0.010339,0,换手板,14.25,15.48,15.0,13.48,True,True
B_board3_tn10_belowH,2025-12-09,000905,厦门港务,海峡两岸,3,6,11,0.010569,3,换手板,14.52,15.9,15.13,13.81,True,True
B_board3_tn10_belowH,2025-12-24,002228,合兴包装,海峡两岸,3,9,10,0.014026,1,换手板,5.95,6.39,6.17,5.54,True,True
B_board3_tn10_belowH,2025-12-26,603278,大业股份,商业航天,3,11,20,0.019397,2,T字板,12.8,14.08,15.49,17.04,True,True
B_board3_tn10_belowH,2025-12-29,002347,泰尔股份,机器人概念,3,12,11,0.013887,9,换手板,10.23,11.25,12.38,13.14,True,True
B_board3_tn10_belowH,2025-12-31,002413,雷科防务,商业航天,3,6,17,0.023533,1,换手板,12.55,13.81,15.19,16.71,True,True
B_board3_tn10_belowH,2026-01-05,002757,南兴股份,人工智能,3,7,10,0.020164,2,换手板,21.42,23.36,21.41,23.57,True,True
B_board3_tn10_belowH,2026-01-06,002151,北斗星通,商业航天,3,13,15,0.013969,1,换手板,54.97,57.7,59.69,60.82,True,True
B_board3_tn10_belowH,2026-01-08,002202,金风科技,商业航天,3,10,28,0.005823,0,换手板,29.04,31.74,34.93,33.75,True,True
B_board3_tn10_belowH,2026-01-09,600637,东方明珠,人工智能,3,11,30,0.006704,5,T字板,13.32,14.52,15.26,14.73,True,True
B_board3_tn10_belowH,2026-01-12,603017,中衡设计,商业航天,3,12,43,0.018776,0,换手板,14.63,13.02,12.26,11.91,False,False
B_board3_tn10_belowH,2026-01-13,603598,引力传媒,人工智能,3,13,31,0.015954,2,T字板,31.37,32.4,31.51,28.36,True,True
B_board3_tn10_belowH,2026-01-14,603000,人民网,人工智能,3,5,35,0.013365,1,换手板,28.03,30.7,27.62,24.85,True,True
B_board3_tn10_belowH,2026-01-23,002342,巨力索具,商业航天,3,18,17,0.021299,0,换手板,13.54,13.7,13.2,14.52,True,True
B_board3_tn10_belowH,2026-01-28,000506,招金黄金,黄金,3,7,29,0.010041,1,换手板,25.93,28.52,25.67,23.1,True,True
B_board3_tn10_belowH,2026-02-11,603980,吉华集团,化工,3,4,16,0.004477,10,换手板,8.72,8.49,7.63,8.11,False,False
B_board3_tn10_belowH,2026-02-27,002378,章源钨业,有色金属,3,7,15,0.005338,0,换手板,40.6,43.82,41.51,44.86,True,True
B_board3_tn10_belowH,2026-03-25,600758,辽宁能源,电力,3,8,15,0.021100,3,T字板,5.72,6.14,5.53,4.98,True,True
B_board3_tn10_belowH,2026-04-07,000720,新能泰山,通信,3,7,12,0.026510,0,换手板,6.53,6.7,6.03,5.43,True,True
B_board3_tn10_belowH,2026-04-08,600654,中安科,算力,3,4,21,0.023744,0,换手板,4.4,4.48,4.08,4.49,True,True
B_board3_tn10_belowH,2026-04-16,002990,盛视科技,算力,3,6,20,0.006929,16,换手板,46.32,50.85,48.9,45.05,True,True
B_board3_tn10_belowH,2026-04-30,600379,宝光股份,芯片,3,4,12,0.027909,0,换手板,16.78,18.43,17.82,16.72,True,True
B_board3_tn10_belowH,2026-05-08,603278,大业股份,机器人概念,3,4,23,0.018888,0,换手板,14.91,15.35,15.78,15.29,True,True
B_board3_tn10_belowH,2026-05-11,002491,通鼎互联,通信,3,5,16,0.007901,4,T字板,22.73,25.0,26.95,24.65,True,True
B_board3_tn10_belowH,2026-05-13,600396,华电辽能,电力,3,6,17,0.006714,1,换手板,16.56,16.64,17.43,15.69,True,True
B_board3_tn10_belowH,2026-05-14,002208,合肥城建,芯片,3,5,12,0.002783,7,换手板,19.8,20.76,22.84,25.12,True,True
B_board3_tn10_belowH,2026-05-20,000417,合百集团,芯片,3,8,26,0.038020,0,换手板,9.53,9.25,10.18,10.29,True,False
B_board3_tn10_belowH,2026-05-28,002579,中京电子,通信,3,4,17,0.016341,0,换手板,18.19,17.15,18.87,20.76,True,False
B_board3_tn10_belowH,2026-06-01,002995,天地在线,AI应用,3,4,21,0.027345,0,换手板,25.11,26.0,25.03,23.62,True,True
B_board3_tn10_belowH,2026-06-05,603135,中重科技,机器人概念,3,5,14,0.006523,0,换手板,14.03,15.43,15.8,14.22,True,True
B_board3_tn10_belowH,2026-06-16,301176,逸豪新材,通信,3,4,25,0.000098,5,换手板,81.5,79.89,78.64,77.48,False,False
B_board3_tn10_belowH,2026-06-18,002141,贤丰控股,通信,3,4,11,0.023387,0,换手板,4.71,4.5,4.95,4.76,True,False
B_board3_tn10_belowH,2026-06-23,600851,海欣股份,医药,3,5,14,0.007507,2,换手板,9.72,10.04,9.73,8.75,True,True
B_board3_tn10_belowH,2026-06-24,603938,三孚股份,芯片,3,4,31,0.001698,2,换手板,71.63,69.68,75.81,74.98,True,False
B_board3_tn10_belowH,2026-07-03,605189,富春染织,机器人概念,3,4,43,0.011583,0,换手板,16.05,15.16,14.55,13.8,False,False
B_board3_tn10_belowH,2026-07-23,002879,长缆科技,智能电网,3,6,27,0.063632,2,换手板,16.41,18.05,19.86,18.9,True,True
B_board3_tn10_belowH,2026-08-04,000815,美利云,算力,3,7,27,0.023378,0,换手板,18.37,18.85,18.31,18.03,True,True
B_board3_tn10_belowH,2026-08-06,002552,宝鼎科技,通信,3,10,13,0.009519,2,换手板,43.27,47.6,52.36,54.61,True,True
